<?xml version="1.0" encoding="utf-8"?>
<COLLADA xmlns="http://www.collada.org/2005/11/COLLADASchema" version="1.4.1">
  <asset>
    <contributor>
      <authoring_tool>Fusion URDF/XACRO Exporter</authoring_tool>
    </contributor>
    <created>2026-07-17T06:15:46Z</created>
    <modified>2026-07-17T06:15:46Z</modified>
    <unit name="meter" meter="1.0"/>
    <up_axis>Z_UP</up_axis>
  </asset>
  <library_effects>
    <effect id="L70i_J5_J6_Holder__Aluminum_-_Satin-effect">
      <profile_COMMON>
        <technique sid="common">
          <lambert>
            <emission><color>0 0 0 1</color></emission>
            <ambient><color>0.0000 0.0000 0.0000 1</color></ambient>
            <diffuse><color>0.9608 0.9608 0.9647 1</color></diffuse>
            <reflective><color>0 0 0 1</color></reflective>
            <transparent opaque="A_ONE"><color>1 1 1 1</color></transparent>
            <transparency><float>1</float></transparency>
          </lambert>
        </technique>
      </profile_COMMON>
    </effect>
    <effect id="J6_holder__Aluminum_-_Satin-effect">
      <profile_COMMON>
        <technique sid="common">
          <lambert>
            <emission><color>0 0 0 1</color></emission>
            <ambient><color>0.0000 0.0000 0.0000 1</color></ambient>
            <diffuse><color>0.9608 0.9608 0.9647 1</color></diffuse>
            <reflective><color>0 0 0 1</color></reflective>
            <transparent opaque="A_ONE"><color>1 1 1 1</color></transparent>
            <transparency><float>1</float></transparency>
          </lambert>
        </technique>
      </profile_COMMON>
    </effect>
    <effect id="L70IE_Finger__Opaque_0_115_115_-effect">
      <profile_COMMON>
        <technique sid="common">
          <lambert>
            <emission><color>0 0 0 1</color></emission>
            <ambient><color>0.0000 0.0000 0.0000 1</color></ambient>
            <diffuse><color>0.0000 0.4510 0.4510 1</color></diffuse>
            <reflective><color>0 0 0 1</color></reflective>
            <transparent opaque="A_ONE"><color>1 1 1 1</color></transparent>
            <transparency><float>1</float></transparency>
          </lambert>
        </technique>
      </profile_COMMON>
    </effect>
  </library_effects>
  <library_materials>
    <material id="L70i_J5_J6_Holder__Aluminum_-_Satin" name="L70i_J5_J6_Holder__Aluminum_-_Satin">
      <instance_effect url="#L70i_J5_J6_Holder__Aluminum_-_Satin-effect"/>
    </material>
    <material id="J6_holder__Aluminum_-_Satin" name="J6_holder__Aluminum_-_Satin">
      <instance_effect url="#J6_holder__Aluminum_-_Satin-effect"/>
    </material>
    <material id="L70IE_Finger__Opaque_0_115_115_" name="L70IE_Finger__Opaque(0,115,115)">
      <instance_effect url="#L70IE_Finger__Opaque_0_115_115_-effect"/>
    </material>
  </library_materials>
  <library_geometries>
    <geometry id="L70IE_Finger-mesh" name="L70IE_Finger">
      <mesh>
        <source id="L70IE_Finger-mesh-positions">
          <float_array id="L70IE_Finger-mesh-positions-array" count="15948">0.070200 -0.044500 -0.050000 -0.089288 -0.044500 -0.050000 -0.089288 -0.044500 -0.034000 0.070200 -0.044500 -0.034000 -0.085859 -0.042753 -0.050000 -0.082579 -0.040743 -0.050000 -0.079466 -0.038482 -0.050000 -0.076540 -0.035983 -0.050000 -0.073819 -0.033262 -0.050000 -0.071320 -0.030337 -0.050000 -0.069059 -0.027224 -0.050000 -0.067048 -0.023943 -0.050000 -0.065301 -0.020515 -0.050000 -0.063829 -0.016960 -0.050000 -0.062640 -0.013301 -0.050000 -0.061742 -0.009560 -0.050000 -0.061140 -0.005760 -0.050000 -0.060838 -0.001924 -0.050000 -0.060838 0.001924 -0.050000 -0.061140 0.005760 -0.050000 -0.061742 0.009560 -0.050000 -0.062640 0.013301 -0.050000 -0.063829 0.016960 -0.050000 -0.065301 0.020515 -0.050000 -0.067048 0.023943 -0.050000 -0.069059 0.027224 -0.050000 -0.071320 0.030337 -0.050000 -0.073819 0.033262 -0.050000 -0.076540 0.035983 -0.050000 -0.079466 0.038482 -0.050000 -0.082579 0.040743 -0.050000 -0.085859 0.042753 -0.050000 -0.089288 0.044500 -0.050000 -0.089288 0.044500 -0.034000 -0.085859 0.042753 -0.034000 -0.082579 0.040743 -0.034000 -0.079466 0.038482 -0.034000 -0.076540 0.035983 -0.034000 -0.073819 0.033262 -0.034000 -0.071320 0.030337 -0.034000 -0.069059 0.027224 -0.034000 -0.067048 0.023943 -0.034000 -0.065301 0.020515 -0.034000 -0.063829 0.016960 -0.034000 -0.062640 0.013301 -0.034000 -0.061742 0.009560 -0.034000 -0.061140 0.005760 -0.034000 -0.060838 0.001924 -0.034000 -0.060838 -0.001924 -0.034000 -0.061140 -0.005760 -0.034000 -0.061742 -0.009560 -0.034000 -0.062640 -0.013301 -0.034000 -0.063829 -0.016960 -0.034000 -0.065301 -0.020515 -0.034000 -0.067048 -0.023943 -0.034000 -0.069059 -0.027224 -0.034000 -0.071320 -0.030337 -0.034000 -0.073819 -0.033262 -0.034000 -0.076540 -0.035983 -0.034000 -0.079466 -0.038482 -0.034000 -0.082579 -0.040743 -0.034000 -0.085859 -0.042753 -0.034000 0.070200 0.044500 -0.050000 0.070200 0.044500 -0.034000 -0.109800 -0.045000 -0.034000 -0.106035 -0.044842 -0.034000 -0.102295 -0.044370 -0.034000 -0.098609 -0.043586 -0.034000 -0.095001 -0.042497 -0.034000 -0.091497 -0.041110 -0.034000 -0.088121 -0.039434 -0.034000 -0.084897 -0.037481 -0.034000 -0.081848 -0.035266 -0.034000 -0.078995 -0.032804 -0.034000 -0.076358 -0.030111 -0.034000 -0.073956 -0.027207 -0.034000 -0.071805 -0.024112 -0.034000 -0.069921 -0.020848 -0.034000 -0.068316 -0.017438 -0.034000 -0.067002 -0.013906 -0.034000 -0.065989 -0.010276 -0.034000 -0.065283 -0.006574 -0.034000 -0.064889 -0.002826 -0.034000 -0.064810 0.000942 -0.034000 -0.065047 0.004704 -0.034000 -0.065597 0.008432 -0.034000 -0.066458 0.012101 -0.034000 -0.067622 0.015686 -0.034000 -0.069083 0.019160 -0.034000 -0.070829 0.022500 -0.034000 -0.072848 0.025682 -0.034000 -0.075127 0.028684 -0.034000 -0.077649 0.031485 -0.034000 -0.080396 0.034065 -0.034000 -0.083350 0.036406 -0.034000 -0.086489 0.038491 -0.034000 -0.089791 0.040307 -0.034000 -0.093234 0.041840 -0.034000 -0.096794 0.043079 -0.034000 -0.100444 0.044017 -0.034000 -0.104160 0.044645 -0.034000 -0.107916 0.044961 -0.034000 -0.111684 0.044961 -0.034000 -0.115440 0.044645 -0.034000 -0.119156 0.044017 -0.034000 -0.122806 0.043079 -0.034000 -0.126366 0.041840 -0.034000 -0.129809 0.040307 -0.034000 -0.133111 0.038491 -0.034000 -0.136250 0.036406 -0.034000 -0.139204 0.034065 -0.034000 -0.141951 0.031485 -0.034000 -0.144473 0.028684 -0.034000 -0.146752 0.025682 -0.034000 -0.148771 0.022500 -0.034000 -0.150517 0.019160 -0.034000 -0.151978 0.015686 -0.034000 -0.153142 0.012101 -0.034000 -0.154003 0.008432 -0.034000 -0.154553 0.004704 -0.034000 -0.154790 0.000942 -0.034000 -0.154711 -0.002826 -0.034000 -0.154317 -0.006574 -0.034000 -0.153611 -0.010276 -0.034000 -0.152598 -0.013906 -0.034000 -0.151284 -0.017438 -0.034000 -0.149679 -0.020848 -0.034000 -0.147795 -0.024112 -0.034000 -0.145644 -0.027207 -0.034000 -0.143242 -0.030111 -0.034000 -0.140605 -0.032804 -0.034000 -0.137752 -0.035266 -0.034000 -0.134703 -0.037481 -0.034000 -0.131479 -0.039434 -0.034000 -0.128103 -0.041110 -0.034000 -0.124599 -0.042497 -0.034000 -0.120991 -0.043586 -0.034000 -0.117305 -0.044370 -0.034000 -0.113565 -0.044842 -0.034000 -0.109800 -0.045000 -0.050000 -0.113565 -0.044842 -0.050000 -0.117305 -0.044370 -0.050000 -0.120991 -0.043586 -0.050000 -0.124599 -0.042497 -0.050000 -0.128103 -0.041110 -0.050000 -0.131479 -0.039434 -0.050000 -0.134703 -0.037481 -0.050000 -0.137752 -0.035266 -0.050000 -0.140605 -0.032804 -0.050000 -0.143242 -0.030111 -0.050000 -0.145644 -0.027207 -0.050000 -0.147795 -0.024112 -0.050000 -0.149679 -0.020848 -0.050000 -0.151284 -0.017438 -0.050000 -0.152598 -0.013906 -0.050000 -0.153611 -0.010276 -0.050000 -0.154317 -0.006574 -0.050000 -0.154711 -0.002826 -0.050000 -0.154790 0.000942 -0.050000 -0.154553 0.004704 -0.050000 -0.154003 0.008432 -0.050000 -0.153142 0.012101 -0.050000 -0.151978 0.015686 -0.050000 -0.150517 0.019160 -0.050000 -0.148771 0.022500 -0.050000 -0.146752 0.025682 -0.050000 -0.144473 0.028684 -0.050000 -0.141951 0.031485 -0.050000 -0.139204 0.034065 -0.050000 -0.136250 0.036406 -0.050000 -0.133111 0.038491 -0.050000 -0.129809 0.040307 -0.050000 -0.126366 0.041840 -0.050000 -0.122806 0.043079 -0.050000 -0.119156 0.044017 -0.050000 -0.115440 0.044645 -0.050000 -0.111684 0.044961 -0.050000 -0.107916 0.044961 -0.050000 -0.104160 0.044645 -0.050000 -0.100444 0.044017 -0.050000 -0.096794 0.043079 -0.050000 -0.093234 0.041840 -0.050000 -0.089791 0.040307 -0.050000 -0.086489 0.038491 -0.050000 -0.083350 0.036406 -0.050000 -0.080396 0.034065 -0.050000 -0.077649 0.031485 -0.050000 -0.075127 0.028684 -0.050000 -0.072848 0.025682 -0.050000 -0.070829 0.022500 -0.050000 -0.069083 0.019160 -0.050000 -0.067622 0.015686 -0.050000 -0.066458 0.012101 -0.050000 -0.065597 0.008432 -0.050000 -0.065047 0.004704 -0.050000 -0.064810 0.000942 -0.050000 -0.064889 -0.002826 -0.050000 -0.065283 -0.006574 -0.050000 -0.065989 -0.010276 -0.050000 -0.067002 -0.013906 -0.050000 -0.068316 -0.017438 -0.050000 -0.069921 -0.020848 -0.050000 -0.071805 -0.024112 -0.050000 -0.073956 -0.027207 -0.050000 -0.076358 -0.030111 -0.050000 -0.078995 -0.032804 -0.050000 -0.081848 -0.035266 -0.050000 -0.084897 -0.037481 -0.050000 -0.088121 -0.039434 -0.050000 -0.091497 -0.041110 -0.050000 -0.095001 -0.042497 -0.050000 -0.098609 -0.043586 -0.050000 -0.102295 -0.044370 -0.050000 -0.106035 -0.044842 -0.050000 0.070200 0.049000 -0.034000 -0.109800 0.049000 -0.034000 -0.113644 0.048849 -0.034000 -0.117465 0.048397 -0.034000 -0.121239 0.047646 -0.034000 -0.124942 0.046602 -0.034000 -0.128551 0.045270 -0.034000 -0.132046 0.043659 -0.034000 -0.135402 0.041779 -0.034000 -0.138601 0.039642 -0.034000 -0.141623 0.037260 -0.034000 -0.144448 0.034648 -0.034000 -0.147060 0.031823 -0.034000 -0.149442 0.028801 -0.034000 -0.151579 0.025602 -0.034000 -0.153459 0.022246 -0.034000 -0.155070 0.018751 -0.034000 -0.156402 0.015142 -0.034000 -0.157446 0.011439 -0.034000 -0.158197 0.007665 -0.034000 -0.158649 0.003845 -0.034000 -0.158800 0.000000 -0.034000 -0.158649 -0.003845 -0.034000 -0.158197 -0.007665 -0.034000 -0.157446 -0.011439 -0.034000 -0.156402 -0.015142 -0.034000 -0.155070 -0.018751 -0.034000 -0.153459 -0.022246 -0.034000 -0.151579 -0.025602 -0.034000 -0.149442 -0.028801 -0.034000 -0.147060 -0.031823 -0.034000 -0.144448 -0.034648 -0.034000 -0.141623 -0.037260 -0.034000 -0.138601 -0.039642 -0.034000 -0.135402 -0.041779 -0.034000 -0.132046 -0.043659 -0.034000 -0.128551 -0.045270 -0.034000 -0.124942 -0.046602 -0.034000 -0.121239 -0.047646 -0.034000 -0.117465 -0.048397 -0.034000 -0.113644 -0.048849 -0.034000 -0.109800 -0.049000 -0.034000 0.070200 -0.049000 -0.034000 0.070200 -0.049000 -0.054000 0.070200 0.049000 -0.054000 -0.109800 -0.049000 -0.054000 -0.113644 -0.048849 -0.054000 -0.117465 -0.048397 -0.054000 -0.121239 -0.047646 -0.054000 -0.124942 -0.046602 -0.054000 -0.128551 -0.045270 -0.054000 -0.132046 -0.043659 -0.054000 -0.135402 -0.041779 -0.054000 -0.138601 -0.039642 -0.054000 -0.141623 -0.037260 -0.054000 -0.144448 -0.034648 -0.054000 -0.147060 -0.031823 -0.054000 -0.149442 -0.028801 -0.054000 -0.151579 -0.025602 -0.054000 -0.153459 -0.022246 -0.054000 -0.155070 -0.018751 -0.054000 -0.156402 -0.015142 -0.054000 -0.157446 -0.011439 -0.054000 -0.158197 -0.007665 -0.054000 -0.158649 -0.003845 -0.054000 -0.158800 0.000000 -0.054000 -0.158649 0.003845 -0.054000 -0.158197 0.007665 -0.054000 -0.157446 0.011439 -0.054000 -0.156402 0.015142 -0.054000 -0.155070 0.018751 -0.054000 -0.153459 0.022246 -0.054000 -0.151579 0.025602 -0.054000 -0.149442 0.028801 -0.054000 -0.147060 0.031823 -0.054000 -0.144448 0.034648 -0.054000 -0.141623 0.037260 -0.054000 -0.138601 0.039642 -0.054000 -0.135402 0.041779 -0.054000 -0.132046 0.043659 -0.054000 -0.128551 0.045270 -0.054000 -0.124942 0.046602 -0.054000 -0.121239 0.047646 -0.054000 -0.117465 0.048397 -0.054000 -0.113644 0.048849 -0.054000 -0.109800 0.049000 -0.054000 -0.098800 -0.020553 -0.054000 -0.098412 -0.020501 -0.054000 -0.098050 -0.020352 -0.054000 -0.097739 -0.020113 -0.054000 -0.097501 -0.019803 -0.054000 -0.097351 -0.019441 -0.054000 -0.097300 -0.019053 -0.054000 -0.097351 -0.018664 -0.054000 -0.097501 -0.018303 -0.054000 -0.097739 -0.017992 -0.054000 -0.098050 -0.017754 -0.054000 -0.098412 -0.017604 -0.054000 -0.098800 -0.017553 -0.054000 -0.099188 -0.017604 -0.054000 -0.099550 -0.017754 -0.054000 -0.099861 -0.017992 -0.054000 -0.100099 -0.018303 -0.054000 -0.100249 -0.018664 -0.054000 -0.100300 -0.019053 -0.054000 -0.100249 -0.019441 -0.054000 -0.100099 -0.019803 -0.054000 -0.099861 -0.020113 -0.054000 -0.099550 -0.020352 -0.054000 -0.099188 -0.020501 -0.054000 -0.120800 -0.020553 -0.054000 -0.120412 -0.020501 -0.054000 -0.120050 -0.020352 -0.054000 -0.119739 -0.020113 -0.054000 -0.119501 -0.019803 -0.054000 -0.119351 -0.019441 -0.054000 -0.119300 -0.019053 -0.054000 -0.119351 -0.018664 -0.054000 -0.119501 -0.018303 -0.054000 -0.119739 -0.017992 -0.054000 -0.120050 -0.017754 -0.054000 -0.120412 -0.017604 -0.054000 -0.120800 -0.017553 -0.054000 -0.121188 -0.017604 -0.054000 -0.121550 -0.017754 -0.054000 -0.121861 -0.017992 -0.054000 -0.122099 -0.018303 -0.054000 -0.122249 -0.018664 -0.054000 -0.122300 -0.019053 -0.054000 -0.122249 -0.019441 -0.054000 -0.122099 -0.019803 -0.054000 -0.121861 -0.020113 -0.054000 -0.121550 -0.020352 -0.054000 -0.121188 -0.020501 -0.054000 -0.128853 0.009500 -0.054000 -0.128464 0.009551 -0.054000 -0.128103 0.009701 -0.054000 -0.127792 0.009939 -0.054000 -0.127554 0.010250 -0.054000 -0.127404 0.010612 -0.054000 -0.127353 0.011000 -0.054000 -0.127404 0.011388 -0.054000 -0.127554 0.011750 -0.054000 -0.127792 0.012061 -0.054000 -0.128103 0.012299 -0.054000 -0.128464 0.012449 -0.054000 -0.128853 0.012500 -0.054000 -0.129241 0.012449 -0.054000 -0.129603 0.012299 -0.054000 -0.129913 0.012061 -0.054000 -0.130152 0.011750 -0.054000 -0.130301 0.011388 -0.054000 -0.130353 0.011000 -0.054000 -0.130301 0.010612 -0.054000 -0.130152 0.010250 -0.054000 -0.129913 0.009939 -0.054000 -0.129603 0.009701 -0.054000 -0.129241 0.009551 -0.054000 -0.098800 0.017553 -0.054000 -0.098412 0.017604 -0.054000 -0.098050 0.017754 -0.054000 -0.097739 0.017992 -0.054000 -0.097501 0.018303 -0.054000 -0.097351 0.018664 -0.054000 -0.097300 0.019053 -0.054000 -0.097351 0.019441 -0.054000 -0.097501 0.019803 -0.054000 -0.097739 0.020113 -0.054000 -0.098050 0.020352 -0.054000 -0.098412 0.020501 -0.054000 -0.098800 0.020553 -0.054000 -0.099188 0.020501 -0.054000 -0.099550 0.020352 -0.054000 -0.099861 0.020113 -0.054000 -0.100099 0.019803 -0.054000 -0.100249 0.019441 -0.054000 -0.100300 0.019053 -0.054000 -0.100249 0.018664 -0.054000 -0.100099 0.018303 -0.054000 -0.099861 0.017992 -0.054000 -0.099550 0.017754 -0.054000 -0.099188 0.017604 -0.054000 -0.090747 0.009500 -0.054000 -0.090359 0.009551 -0.054000 -0.089997 0.009701 -0.054000 -0.089687 0.009939 -0.054000 -0.089448 0.010250 -0.054000 -0.089299 0.010612 -0.054000 -0.089247 0.011000 -0.054000 -0.089299 0.011388 -0.054000 -0.089448 0.011750 -0.054000 -0.089687 0.012061 -0.054000 -0.089997 0.012299 -0.054000 -0.090359 0.012449 -0.054000 -0.090747 0.012500 -0.054000 -0.091136 0.012449 -0.054000 -0.091497 0.012299 -0.054000 -0.091808 0.012061 -0.054000 -0.092046 0.011750 -0.054000 -0.092196 0.011388 -0.054000 -0.092247 0.011000 -0.054000 -0.092196 0.010612 -0.054000 -0.092046 0.010250 -0.054000 -0.091808 0.009939 -0.054000 -0.091497 0.009701 -0.054000 -0.091136 0.009551 -0.054000 -0.120800 0.017553 -0.054000 -0.120412 0.017604 -0.054000 -0.120050 0.017754 -0.054000 -0.119739 0.017992 -0.054000 -0.119501 0.018303 -0.054000 -0.119351 0.018664 -0.054000 -0.119300 0.019053 -0.054000 -0.119351 0.019441 -0.054000 -0.119501 0.019803 -0.054000 -0.119739 0.020113 -0.054000 -0.120050 0.020352 -0.054000 -0.120412 0.020501 -0.054000 -0.120800 0.020553 -0.054000 -0.121188 0.020501 -0.054000 -0.121550 0.020352 -0.054000 -0.121861 0.020113 -0.054000 -0.122099 0.019803 -0.054000 -0.122249 0.019441 -0.054000 -0.122300 0.019053 -0.054000 -0.122249 0.018664 -0.054000 -0.122099 0.018303 -0.054000 -0.121861 0.017992 -0.054000 -0.121550 0.017754 -0.054000 -0.121188 0.017604 -0.054000 -0.090747 -0.012500 -0.054000 -0.090359 -0.012449 -0.054000 -0.089997 -0.012299 -0.054000 -0.089687 -0.012061 -0.054000 -0.089448 -0.011750 -0.054000 -0.089299 -0.011388 -0.054000 -0.089247 -0.011000 -0.054000 -0.089299 -0.010612 -0.054000 -0.089448 -0.010250 -0.054000 -0.089687 -0.009939 -0.054000 -0.089997 -0.009701 -0.054000 -0.090359 -0.009551 -0.054000 -0.090747 -0.009500 -0.054000 -0.091136 -0.009551 -0.054000 -0.091497 -0.009701 -0.054000 -0.091808 -0.009939 -0.054000 -0.092046 -0.010250 -0.054000 -0.092196 -0.010612 -0.054000 -0.092247 -0.011000 -0.054000 -0.092196 -0.011388 -0.054000 -0.092046 -0.011750 -0.054000 -0.091808 -0.012061 -0.054000 -0.091497 -0.012299 -0.054000 -0.091136 -0.012449 -0.054000 -0.128853 -0.012500 -0.054000 -0.128464 -0.012449 -0.054000 -0.128103 -0.012299 -0.054000 -0.127792 -0.012061 -0.054000 -0.127554 -0.011750 -0.054000 -0.127404 -0.011388 -0.054000 -0.127353 -0.011000 -0.054000 -0.127404 -0.010612 -0.054000 -0.127554 -0.010250 -0.054000 -0.127792 -0.009939 -0.054000 -0.128103 -0.009701 -0.054000 -0.128464 -0.009551 -0.054000 -0.128853 -0.009500 -0.054000 -0.129241 -0.009551 -0.054000 -0.129603 -0.009701 -0.054000 -0.129913 -0.009939 -0.054000 -0.130152 -0.010250 -0.054000 -0.130301 -0.010612 -0.054000 -0.130353 -0.011000 -0.054000 -0.130301 -0.011388 -0.054000 -0.130152 -0.011750 -0.054000 -0.129913 -0.012061 -0.054000 -0.129603 -0.012299 -0.054000 -0.129241 -0.012449 -0.054000 -0.098800 -0.020553 -0.050000 -0.099188 -0.020501 -0.050000 -0.099550 -0.020352 -0.050000 -0.099861 -0.020113 -0.050000 -0.100099 -0.019803 -0.050000 -0.100249 -0.019441 -0.050000 -0.100300 -0.019053 -0.050000 -0.100249 -0.018664 -0.050000 -0.100099 -0.018303 -0.050000 -0.099861 -0.017992 -0.050000 -0.099550 -0.017754 -0.050000 -0.099188 -0.017604 -0.050000 -0.098800 -0.017553 -0.050000 -0.098412 -0.017604 -0.050000 -0.098050 -0.017754 -0.050000 -0.097739 -0.017992 -0.050000 -0.097501 -0.018303 -0.050000 -0.097351 -0.018664 -0.050000 -0.097300 -0.019053 -0.050000 -0.097351 -0.019441 -0.050000 -0.097501 -0.019803 -0.050000 -0.097739 -0.020113 -0.050000 -0.098050 -0.020352 -0.050000 -0.098412 -0.020501 -0.050000 -0.120800 -0.020553 -0.050000 -0.121188 -0.020501 -0.050000 -0.121550 -0.020352 -0.050000 -0.121861 -0.020113 -0.050000 -0.122099 -0.019803 -0.050000 -0.122249 -0.019441 -0.050000 -0.122300 -0.019053 -0.050000 -0.122249 -0.018664 -0.050000 -0.122099 -0.018303 -0.050000 -0.121861 -0.017992 -0.050000 -0.121550 -0.017754 -0.050000 -0.121188 -0.017604 -0.050000 -0.120800 -0.017553 -0.050000 -0.120412 -0.017604 -0.050000 -0.120050 -0.017754 -0.050000 -0.119739 -0.017992 -0.050000 -0.119501 -0.018303 -0.050000 -0.119351 -0.018664 -0.050000 -0.119300 -0.019053 -0.050000 -0.119351 -0.019441 -0.050000 -0.119501 -0.019803 -0.050000 -0.119739 -0.020113 -0.050000 -0.120050 -0.020352 -0.050000 -0.120412 -0.020501 -0.050000 -0.128853 0.009500 -0.050000 -0.129241 0.009551 -0.050000 -0.129603 0.009701 -0.050000 -0.129913 0.009939 -0.050000 -0.130152 0.010250 -0.050000 -0.130301 0.010612 -0.050000 -0.130353 0.011000 -0.050000 -0.130301 0.011388 -0.050000 -0.130152 0.011750 -0.050000 -0.129913 0.012061 -0.050000 -0.129603 0.012299 -0.050000 -0.129241 0.012449 -0.050000 -0.128853 0.012500 -0.050000 -0.128464 0.012449 -0.050000 -0.128103 0.012299 -0.050000 -0.127792 0.012061 -0.050000 -0.127554 0.011750 -0.050000 -0.127404 0.011388 -0.050000 -0.127353 0.011000 -0.050000 -0.127404 0.010612 -0.050000 -0.127554 0.010250 -0.050000 -0.127792 0.009939 -0.050000 -0.128103 0.009701 -0.050000 -0.128464 0.009551 -0.050000 -0.098800 0.017553 -0.050000 -0.099188 0.017604 -0.050000 -0.099550 0.017754 -0.050000 -0.099861 0.017992 -0.050000 -0.100099 0.018303 -0.050000 -0.100249 0.018664 -0.050000 -0.100300 0.019053 -0.050000 -0.100249 0.019441 -0.050000 -0.100099 0.019803 -0.050000 -0.099861 0.020113 -0.050000 -0.099550 0.020352 -0.050000 -0.099188 0.020501 -0.050000 -0.098800 0.020553 -0.050000 -0.098412 0.020501 -0.050000 -0.098050 0.020352 -0.050000 -0.097739 0.020113 -0.050000 -0.097501 0.019803 -0.050000 -0.097351 0.019441 -0.050000 -0.097300 0.019053 -0.050000 -0.097351 0.018664 -0.050000 -0.097501 0.018303 -0.050000 -0.097739 0.017992 -0.050000 -0.098050 0.017754 -0.050000 -0.098412 0.017604 -0.050000 -0.090747 0.009500 -0.050000 -0.091136 0.009551 -0.050000 -0.091497 0.009701 -0.050000 -0.091808 0.009939 -0.050000 -0.092046 0.010250 -0.050000 -0.092196 0.010612 -0.050000 -0.092247 0.011000 -0.050000 -0.092196 0.011388 -0.050000 -0.092046 0.011750 -0.050000 -0.091808 0.012061 -0.050000 -0.091497 0.012299 -0.050000 -0.091136 0.012449 -0.050000 -0.090747 0.012500 -0.050000 -0.090359 0.012449 -0.050000 -0.089997 0.012299 -0.050000 -0.089687 0.012061 -0.050000 -0.089448 0.011750 -0.050000 -0.089299 0.011388 -0.050000 -0.089247 0.011000 -0.050000 -0.089299 0.010612 -0.050000 -0.089448 0.010250 -0.050000 -0.089687 0.009939 -0.050000 -0.089997 0.009701 -0.050000 -0.090359 0.009551 -0.050000 -0.120800 0.017553 -0.050000 -0.121188 0.017604 -0.050000 -0.121550 0.017754 -0.050000 -0.121861 0.017992 -0.050000 -0.122099 0.018303 -0.050000 -0.122249 0.018664 -0.050000 -0.122300 0.019053 -0.050000 -0.122249 0.019441 -0.050000 -0.122099 0.019803 -0.050000 -0.121861 0.020113 -0.050000 -0.121550 0.020352 -0.050000 -0.121188 0.020501 -0.050000 -0.120800 0.020553 -0.050000 -0.120412 0.020501 -0.050000 -0.120050 0.020352 -0.050000 -0.119739 0.020113 -0.050000 -0.119501 0.019803 -0.050000 -0.119351 0.019441 -0.050000 -0.119300 0.019053 -0.050000 -0.119351 0.018664 -0.050000 -0.119501 0.018303 -0.050000 -0.119739 0.017992 -0.050000 -0.120050 0.017754 -0.050000 -0.120412 0.017604 -0.050000 -0.090747 -0.012500 -0.050000 -0.091136 -0.012449 -0.050000 -0.091497 -0.012299 -0.050000 -0.091808 -0.012061 -0.050000 -0.092046 -0.011750 -0.050000 -0.092196 -0.011388 -0.050000 -0.092247 -0.011000 -0.050000 -0.092196 -0.010612 -0.050000 -0.092046 -0.010250 -0.050000 -0.091808 -0.009939 -0.050000 -0.091497 -0.009701 -0.050000 -0.091136 -0.009551 -0.050000 -0.090747 -0.009500 -0.050000 -0.090359 -0.009551 -0.050000 -0.089997 -0.009701 -0.050000 -0.089687 -0.009939 -0.050000 -0.089448 -0.010250 -0.050000 -0.089299 -0.010612 -0.050000 -0.089247 -0.011000 -0.050000 -0.089299 -0.011388 -0.050000 -0.089448 -0.011750 -0.050000 -0.089687 -0.012061 -0.050000 -0.089997 -0.012299 -0.050000 -0.090359 -0.012449 -0.050000 -0.128853 -0.012500 -0.050000 -0.129241 -0.012449 -0.050000 -0.129603 -0.012299 -0.050000 -0.129913 -0.012061 -0.050000 -0.130152 -0.011750 -0.050000 -0.130301 -0.011388 -0.050000 -0.130353 -0.011000 -0.050000 -0.130301 -0.010612 -0.050000 -0.130152 -0.010250 -0.050000 -0.129913 -0.009939 -0.050000 -0.129603 -0.009701 -0.050000 -0.129241 -0.009551 -0.050000 -0.128853 -0.009500 -0.050000 -0.128464 -0.009551 -0.050000 -0.128103 -0.009701 -0.050000 -0.127792 -0.009939 -0.050000 -0.127554 -0.010250 -0.050000 -0.127404 -0.010612 -0.050000 -0.127353 -0.011000 -0.050000 -0.127404 -0.011388 -0.050000 -0.127554 -0.011750 -0.050000 -0.127792 -0.012061 -0.050000 -0.128103 -0.012299 -0.050000 -0.128464 -0.012449 -0.050000 0.000200 -0.012226 -0.037560 0.000200 -0.011660 -0.037827 0.000200 -0.011177 -0.038227 0.000200 -0.010809 -0.038734 0.000200 -0.010578 -0.039316 0.000200 -0.010500 -0.039937 0.070200 -0.010500 -0.039937 0.070200 -0.010578 -0.039316 0.070200 -0.010809 -0.038734 0.070200 -0.011177 -0.038227 0.070200 -0.011660 -0.037827 0.070200 -0.012226 -0.037560 0.011867 -0.011660 -0.037827 0.023533 -0.011660 -0.037827 0.035200 -0.011660 -0.037827 0.046867 -0.011660 -0.037827 0.058533 -0.011660 -0.037827 0.011867 -0.011177 -0.038227 0.023533 -0.011177 -0.038227 0.035200 -0.011177 -0.038227 0.046867 -0.011177 -0.038227 0.058533 -0.011177 -0.038227 0.011867 -0.010809 -0.038734 0.023533 -0.010809 -0.038734 0.035200 -0.010809 -0.038734 0.046867 -0.010809 -0.038734 0.058533 -0.010809 -0.038734 0.011867 -0.010578 -0.039316 0.023533 -0.010578 -0.039316 0.035200 -0.010578 -0.039316 0.046867 -0.010578 -0.039316 0.058533 -0.010578 -0.039316 0.000200 -0.010500 -0.041000 0.070200 -0.010500 -0.041000 0.000200 0.010500 -0.039937 0.000200 0.010578 -0.039316 0.000200 0.010809 -0.038734 0.000200 0.011177 -0.038227 0.000200 0.011660 -0.037827 0.000200 0.012226 -0.037560 0.070200 0.012226 -0.037560 0.070200 0.011660 -0.037827 0.070200 0.011177 -0.038227 0.070200 0.010809 -0.038734 0.070200 0.010578 -0.039316 0.070200 0.010500 -0.039937 0.011867 0.010578 -0.039316 0.023533 0.010578 -0.039316 0.035200 0.010578 -0.039316 0.046867 0.010578 -0.039316 0.058533 0.010578 -0.039316 0.011867 0.010809 -0.038734 0.023533 0.010809 -0.038734 0.035200 0.010809 -0.038734 0.046867 0.010809 -0.038734 0.058533 0.010809 -0.038734 0.011867 0.011177 -0.038227 0.023533 0.011177 -0.038227 0.035200 0.011177 -0.038227 0.046867 0.011177 -0.038227 0.058533 0.011177 -0.038227 0.011867 0.011660 -0.037827 0.023533 0.011660 -0.037827 0.035200 0.011660 -0.037827 0.046867 0.011660 -0.037827 0.058533 0.011660 -0.037827 0.000200 0.014535 -0.036728 0.000200 0.016788 -0.035755 0.000200 0.018977 -0.034643 0.000200 0.021092 -0.033398 0.000200 0.023125 -0.032023 0.000200 0.025069 -0.030525 0.000200 0.026917 -0.028909 0.000200 0.028660 -0.027182 0.000200 0.030293 -0.025349 0.000200 0.031809 -0.023419 0.000200 0.033202 -0.021398 0.000200 0.034467 -0.019295 0.000200 0.035599 -0.017117 0.070200 0.035599 -0.017117 0.070200 0.034467 -0.019295 0.070200 0.033202 -0.021398 0.070200 0.031809 -0.023419 0.070200 0.030293 -0.025349 0.070200 0.028660 -0.027182 0.070200 0.026917 -0.028909 0.070200 0.025069 -0.030525 0.070200 0.023125 -0.032023 0.070200 0.021092 -0.033398 0.070200 0.018977 -0.034643 0.070200 0.016788 -0.035755 0.070200 0.014535 -0.036728 0.035200 0.014535 -0.036728 0.035200 0.016788 -0.035755 0.035200 0.018977 -0.034643 0.035200 0.021092 -0.033398 0.035200 0.023125 -0.032023 0.035200 0.025069 -0.030525 0.035200 0.026917 -0.028909 0.035200 0.028660 -0.027182 0.035200 0.030293 -0.025349 0.035200 0.031809 -0.023419 0.035200 0.033202 -0.021398 0.035200 0.034467 -0.019295 0.000200 -0.037500 -0.017550 0.000200 -0.037470 -0.017308 0.000200 -0.037382 -0.017080 0.000200 -0.037242 -0.016880 0.000200 -0.037058 -0.016720 0.000200 -0.036840 -0.016609 0.000200 -0.036601 -0.016555 0.000200 -0.036357 -0.016560 0.000200 -0.036122 -0.016624 0.000200 -0.035909 -0.016744 0.000200 -0.035731 -0.016911 0.000200 -0.035599 -0.017117 0.070200 -0.035599 -0.017117 0.070200 -0.035731 -0.016911 0.070200 -0.035909 -0.016744 0.070200 -0.036122 -0.016624 0.070200 -0.036357 -0.016560 0.070200 -0.036601 -0.016555 0.070200 -0.036840 -0.016609 0.070200 -0.037058 -0.016720 0.070200 -0.037242 -0.016880 0.070200 -0.037382 -0.017080 0.070200 -0.037470 -0.017308 0.070200 -0.037500 -0.017550 0.005200 -0.037470 -0.017308 0.010200 -0.037470 -0.017308 0.015200 -0.037470 -0.017308 0.020200 -0.037470 -0.017308 0.025200 -0.037470 -0.017308 0.030200 -0.037470 -0.017308 0.035200 -0.037470 -0.017308 0.040200 -0.037470 -0.017308 0.045200 -0.037470 -0.017308 0.050200 -0.037470 -0.017308 0.055200 -0.037470 -0.017308 0.060200 -0.037470 -0.017308 0.065200 -0.037470 -0.017308 0.005200 -0.037382 -0.017080 0.010200 -0.037382 -0.017080 0.015200 -0.037382 -0.017080 0.020200 -0.037382 -0.017080 0.025200 -0.037382 -0.017080 0.030200 -0.037382 -0.017080 0.035200 -0.037382 -0.017080 0.040200 -0.037382 -0.017080 0.045200 -0.037382 -0.017080 0.050200 -0.037382 -0.017080 0.055200 -0.037382 -0.017080 0.060200 -0.037382 -0.017080 0.065200 -0.037382 -0.017080 0.005200 -0.037242 -0.016880 0.010200 -0.037242 -0.016880 0.015200 -0.037242 -0.016880 0.020200 -0.037242 -0.016880 0.025200 -0.037242 -0.016880 0.030200 -0.037242 -0.016880 0.035200 -0.037242 -0.016880 0.040200 -0.037242 -0.016880 0.045200 -0.037242 -0.016880 0.050200 -0.037242 -0.016880 0.055200 -0.037242 -0.016880 0.060200 -0.037242 -0.016880 0.065200 -0.037242 -0.016880 0.005200 -0.037058 -0.016720 0.010200 -0.037058 -0.016720 0.015200 -0.037058 -0.016720 0.020200 -0.037058 -0.016720 0.025200 -0.037058 -0.016720 0.030200 -0.037058 -0.016720 0.035200 -0.037058 -0.016720 0.040200 -0.037058 -0.016720 0.045200 -0.037058 -0.016720 0.050200 -0.037058 -0.016720 0.055200 -0.037058 -0.016720 0.060200 -0.037058 -0.016720 0.065200 -0.037058 -0.016720 0.005200 -0.036840 -0.016609 0.010200 -0.036840 -0.016609 0.015200 -0.036840 -0.016609 0.020200 -0.036840 -0.016609 0.025200 -0.036840 -0.016609 0.030200 -0.036840 -0.016609 0.035200 -0.036840 -0.016609 0.040200 -0.036840 -0.016609 0.045200 -0.036840 -0.016609 0.050200 -0.036840 -0.016609 0.055200 -0.036840 -0.016609 0.060200 -0.036840 -0.016609 0.065200 -0.036840 -0.016609 0.005200 -0.036601 -0.016555 0.010200 -0.036601 -0.016555 0.015200 -0.036601 -0.016555 0.020200 -0.036601 -0.016555 0.025200 -0.036601 -0.016555 0.030200 -0.036601 -0.016555 0.035200 -0.036601 -0.016555 0.040200 -0.036601 -0.016555 0.045200 -0.036601 -0.016555 0.050200 -0.036601 -0.016555 0.055200 -0.036601 -0.016555 0.060200 -0.036601 -0.016555 0.065200 -0.036601 -0.016555 0.005200 -0.036357 -0.016560 0.010200 -0.036357 -0.016560 0.015200 -0.036357 -0.016560 0.020200 -0.036357 -0.016560 0.025200 -0.036357 -0.016560 0.030200 -0.036357 -0.016560 0.035200 -0.036357 -0.016560 0.040200 -0.036357 -0.016560 0.045200 -0.036357 -0.016560 0.050200 -0.036357 -0.016560 0.055200 -0.036357 -0.016560 0.060200 -0.036357 -0.016560 0.065200 -0.036357 -0.016560 0.005200 -0.036122 -0.016624 0.010200 -0.036122 -0.016624 0.015200 -0.036122 -0.016624 0.020200 -0.036122 -0.016624 0.025200 -0.036122 -0.016624 0.030200 -0.036122 -0.016624 0.035200 -0.036122 -0.016624 0.040200 -0.036122 -0.016624 0.045200 -0.036122 -0.016624 0.050200 -0.036122 -0.016624 0.055200 -0.036122 -0.016624 0.060200 -0.036122 -0.016624 0.065200 -0.036122 -0.016624 0.005200 -0.035909 -0.016744 0.010200 -0.035909 -0.016744 0.015200 -0.035909 -0.016744 0.020200 -0.035909 -0.016744 0.025200 -0.035909 -0.016744 0.030200 -0.035909 -0.016744 0.035200 -0.035909 -0.016744 0.040200 -0.035909 -0.016744 0.045200 -0.035909 -0.016744 0.050200 -0.035909 -0.016744 0.055200 -0.035909 -0.016744 0.060200 -0.035909 -0.016744 0.065200 -0.035909 -0.016744 0.005200 -0.035731 -0.016911 0.010200 -0.035731 -0.016911 0.015200 -0.035731 -0.016911 0.020200 -0.035731 -0.016911 0.025200 -0.035731 -0.016911 0.030200 -0.035731 -0.016911 0.035200 -0.035731 -0.016911 0.040200 -0.035731 -0.016911 0.045200 -0.035731 -0.016911 0.050200 -0.035731 -0.016911 0.055200 -0.035731 -0.016911 0.060200 -0.035731 -0.016911 0.065200 -0.035731 -0.016911 0.070200 -0.014535 -0.036728 0.070200 -0.016788 -0.035755 0.070200 -0.018977 -0.034643 0.070200 -0.021092 -0.033398 0.070200 -0.023125 -0.032023 0.070200 -0.025069 -0.030525 0.070200 -0.026917 -0.028909 0.070200 -0.028660 -0.027182 0.070200 -0.030293 -0.025349 0.070200 -0.031809 -0.023419 0.070200 -0.033202 -0.021398 0.070200 -0.034467 -0.019295 0.000200 -0.034467 -0.019295 0.000200 -0.033202 -0.021398 0.000200 -0.031809 -0.023419 0.000200 -0.030293 -0.025349 0.000200 -0.028660 -0.027182 0.000200 -0.026917 -0.028909 0.000200 -0.025069 -0.030525 0.000200 -0.023125 -0.032023 0.000200 -0.021092 -0.033398 0.000200 -0.018977 -0.034643 0.000200 -0.016788 -0.035755 0.000200 -0.014535 -0.036728 0.035200 -0.014535 -0.036728 0.035200 -0.016788 -0.035755 0.035200 -0.018977 -0.034643 0.035200 -0.021092 -0.033398 0.035200 -0.023125 -0.032023 0.035200 -0.025069 -0.030525 0.035200 -0.026917 -0.028909 0.035200 -0.028660 -0.027182 0.035200 -0.030293 -0.025349 0.035200 -0.031809 -0.023419 0.035200 -0.033202 -0.021398 0.035200 -0.034467 -0.019295 0.000200 0.035731 -0.016911 0.000200 0.035909 -0.016744 0.000200 0.036122 -0.016624 0.000200 0.036357 -0.016560 0.000200 0.036601 -0.016555 0.000200 0.036840 -0.016609 0.000200 0.037058 -0.016720 0.000200 0.037242 -0.016880 0.000200 0.037382 -0.017080 0.000200 0.037470 -0.017308 0.000200 0.037500 -0.017550 0.070200 0.037500 -0.017550 0.070200 0.037470 -0.017308 0.070200 0.037382 -0.017080 0.070200 0.037242 -0.016880 0.070200 0.037058 -0.016720 0.070200 0.036840 -0.016609 0.070200 0.036601 -0.016555 0.070200 0.036357 -0.016560 0.070200 0.036122 -0.016624 0.070200 0.035909 -0.016744 0.070200 0.035731 -0.016911 0.005200 0.035731 -0.016911 0.010200 0.035731 -0.016911 0.015200 0.035731 -0.016911 0.020200 0.035731 -0.016911 0.025200 0.035731 -0.016911 0.030200 0.035731 -0.016911 0.035200 0.035731 -0.016911 0.040200 0.035731 -0.016911 0.045200 0.035731 -0.016911 0.050200 0.035731 -0.016911 0.055200 0.035731 -0.016911 0.060200 0.035731 -0.016911 0.065200 0.035731 -0.016911 0.005200 0.035909 -0.016744 0.010200 0.035909 -0.016744 0.015200 0.035909 -0.016744 0.020200 0.035909 -0.016744 0.025200 0.035909 -0.016744 0.030200 0.035909 -0.016744 0.035200 0.035909 -0.016744 0.040200 0.035909 -0.016744 0.045200 0.035909 -0.016744 0.050200 0.035909 -0.016744 0.055200 0.035909 -0.016744 0.060200 0.035909 -0.016744 0.065200 0.035909 -0.016744 0.005200 0.036122 -0.016624 0.010200 0.036122 -0.016624 0.015200 0.036122 -0.016624 0.020200 0.036122 -0.016624 0.025200 0.036122 -0.016624 0.030200 0.036122 -0.016624 0.035200 0.036122 -0.016624 0.040200 0.036122 -0.016624 0.045200 0.036122 -0.016624 0.050200 0.036122 -0.016624 0.055200 0.036122 -0.016624 0.060200 0.036122 -0.016624 0.065200 0.036122 -0.016624 0.005200 0.036357 -0.016560 0.010200 0.036357 -0.016560 0.015200 0.036357 -0.016560 0.020200 0.036357 -0.016560 0.025200 0.036357 -0.016560 0.030200 0.036357 -0.016560 0.035200 0.036357 -0.016560 0.040200 0.036357 -0.016560 0.045200 0.036357 -0.016560 0.050200 0.036357 -0.016560 0.055200 0.036357 -0.016560 0.060200 0.036357 -0.016560 0.065200 0.036357 -0.016560 0.005200 0.036601 -0.016555 0.010200 0.036601 -0.016555 0.015200 0.036601 -0.016555 0.020200 0.036601 -0.016555 0.025200 0.036601 -0.016555 0.030200 0.036601 -0.016555 0.035200 0.036601 -0.016555 0.040200 0.036601 -0.016555 0.045200 0.036601 -0.016555 0.050200 0.036601 -0.016555 0.055200 0.036601 -0.016555 0.060200 0.036601 -0.016555 0.065200 0.036601 -0.016555 0.005200 0.036840 -0.016609 0.010200 0.036840 -0.016609 0.015200 0.036840 -0.016609 0.020200 0.036840 -0.016609 0.025200 0.036840 -0.016609 0.030200 0.036840 -0.016609 0.035200 0.036840 -0.016609 0.040200 0.036840 -0.016609 0.045200 0.036840 -0.016609 0.050200 0.036840 -0.016609 0.055200 0.036840 -0.016609 0.060200 0.036840 -0.016609 0.065200 0.036840 -0.016609 0.005200 0.037058 -0.016720 0.010200 0.037058 -0.016720 0.015200 0.037058 -0.016720 0.020200 0.037058 -0.016720 0.025200 0.037058 -0.016720 0.030200 0.037058 -0.016720 0.035200 0.037058 -0.016720 0.040200 0.037058 -0.016720 0.045200 0.037058 -0.016720 0.050200 0.037058 -0.016720 0.055200 0.037058 -0.016720 0.060200 0.037058 -0.016720 0.065200 0.037058 -0.016720 0.005200 0.037242 -0.016880 0.010200 0.037242 -0.016880 0.015200 0.037242 -0.016880 0.020200 0.037242 -0.016880 0.025200 0.037242 -0.016880 0.030200 0.037242 -0.016880 0.035200 0.037242 -0.016880 0.040200 0.037242 -0.016880 0.045200 0.037242 -0.016880 0.050200 0.037242 -0.016880 0.055200 0.037242 -0.016880 0.060200 0.037242 -0.016880 0.065200 0.037242 -0.016880 0.005200 0.037382 -0.017080 0.010200 0.037382 -0.017080 0.015200 0.037382 -0.017080 0.020200 0.037382 -0.017080 0.025200 0.037382 -0.017080 0.030200 0.037382 -0.017080 0.035200 0.037382 -0.017080 0.040200 0.037382 -0.017080 0.045200 0.037382 -0.017080 0.050200 0.037382 -0.017080 0.055200 0.037382 -0.017080 0.060200 0.037382 -0.017080 0.065200 0.037382 -0.017080 0.005200 0.037470 -0.017308 0.010200 0.037470 -0.017308 0.015200 0.037470 -0.017308 0.020200 0.037470 -0.017308 0.025200 0.037470 -0.017308 0.030200 0.037470 -0.017308 0.035200 0.037470 -0.017308 0.040200 0.037470 -0.017308 0.045200 0.037470 -0.017308 0.050200 0.037470 -0.017308 0.055200 0.037470 -0.017308 0.060200 0.037470 -0.017308 0.065200 0.037470 -0.017308 0.000200 0.037500 -0.041000 0.070200 0.037500 -0.041000 0.070200 0.032500 -0.046000 0.070200 0.033368 -0.045924 0.070200 0.034210 -0.045698 0.070200 0.035000 -0.045330 0.070200 0.035714 -0.044830 0.070200 0.036330 -0.044214 0.070200 0.036830 -0.043500 0.070200 0.037198 -0.042710 0.070200 0.037424 -0.041868 0.000200 0.037424 -0.041868 0.000200 0.037198 -0.042710 0.000200 0.036830 -0.043500 0.000200 0.036330 -0.044214 0.000200 0.035714 -0.044830 0.000200 0.035000 -0.045330 0.000200 0.034210 -0.045698 0.000200 0.033368 -0.045924 0.000200 0.032500 -0.046000 0.052700 0.033368 -0.045924 0.035200 0.033368 -0.045924 0.017700 0.033368 -0.045924 0.052700 0.034210 -0.045698 0.035200 0.034210 -0.045698 0.017700 0.034210 -0.045698 0.052700 0.035000 -0.045330 0.035200 0.035000 -0.045330 0.017700 0.035000 -0.045330 0.052700 0.035714 -0.044830 0.035200 0.035714 -0.044830 0.017700 0.035714 -0.044830 0.052700 0.036330 -0.044214 0.035200 0.036330 -0.044214 0.017700 0.036330 -0.044214 0.052700 0.036830 -0.043500 0.035200 0.036830 -0.043500 0.017700 0.036830 -0.043500 0.052700 0.037198 -0.042710 0.035200 0.037198 -0.042710 0.017700 0.037198 -0.042710 0.052700 0.037424 -0.041868 0.035200 0.037424 -0.041868 0.017700 0.037424 -0.041868 0.000200 0.015500 -0.046000 0.000200 0.014632 -0.045924 0.000200 0.013790 -0.045698 0.000200 0.013000 -0.045330 0.000200 0.012286 -0.044830 0.000200 0.011670 -0.044214 0.000200 0.011170 -0.043500 0.000200 0.010802 -0.042710 0.000200 0.010576 -0.041868 0.000200 0.010500 -0.041000 0.070200 0.010500 -0.041000 0.070200 0.010576 -0.041868 0.070200 0.010802 -0.042710 0.070200 0.011170 -0.043500 0.070200 0.011670 -0.044214 0.070200 0.012286 -0.044830 0.070200 0.013000 -0.045330 0.070200 0.013790 -0.045698 0.070200 0.014632 -0.045924 0.070200 0.015500 -0.046000 0.017700 0.014632 -0.045924 0.035200 0.014632 -0.045924 0.052700 0.014632 -0.045924 0.017700 0.013790 -0.045698 0.035200 0.013790 -0.045698 0.052700 0.013790 -0.045698 0.017700 0.013000 -0.045330 0.035200 0.013000 -0.045330 0.052700 0.013000 -0.045330 0.017700 0.012286 -0.044830 0.035200 0.012286 -0.044830 0.052700 0.012286 -0.044830 0.017700 0.011670 -0.044214 0.035200 0.011670 -0.044214 0.052700 0.011670 -0.044214 0.017700 0.011170 -0.043500 0.035200 0.011170 -0.043500 0.052700 0.011170 -0.043500 0.017700 0.010802 -0.042710 0.035200 0.010802 -0.042710 0.052700 0.010802 -0.042710 0.017700 0.010576 -0.041868 0.035200 0.010576 -0.041868 0.052700 0.010576 -0.041868 0.070200 -0.037500 -0.041000 0.070200 -0.037424 -0.041868 0.070200 -0.037198 -0.042710 0.070200 -0.036830 -0.043500 0.070200 -0.036330 -0.044214 0.070200 -0.035714 -0.044830 0.070200 -0.035000 -0.045330 0.070200 -0.034210 -0.045698 0.070200 -0.033368 -0.045924 0.070200 -0.032500 -0.046000 0.000200 -0.032500 -0.046000 0.000200 -0.033368 -0.045924 0.000200 -0.034210 -0.045698 0.000200 -0.035000 -0.045330 0.000200 -0.035714 -0.044830 0.000200 -0.036330 -0.044214 0.000200 -0.036830 -0.043500 0.000200 -0.037198 -0.042710 0.000200 -0.037424 -0.041868 0.000200 -0.037500 -0.041000 0.052700 -0.037424 -0.041868 0.035200 -0.037424 -0.041868 0.017700 -0.037424 -0.041868 0.052700 -0.037198 -0.042710 0.035200 -0.037198 -0.042710 0.017700 -0.037198 -0.042710 0.052700 -0.036830 -0.043500 0.035200 -0.036830 -0.043500 0.017700 -0.036830 -0.043500 0.052700 -0.036330 -0.044214 0.035200 -0.036330 -0.044214 0.017700 -0.036330 -0.044214 0.052700 -0.035714 -0.044830 0.035200 -0.035714 -0.044830 0.017700 -0.035714 -0.044830 0.052700 -0.035000 -0.045330 0.035200 -0.035000 -0.045330 0.017700 -0.035000 -0.045330 0.052700 -0.034210 -0.045698 0.035200 -0.034210 -0.045698 0.017700 -0.034210 -0.045698 0.052700 -0.033368 -0.045924 0.035200 -0.033368 -0.045924 0.017700 -0.033368 -0.045924 0.070200 -0.015500 -0.046000 0.000200 -0.015500 -0.046000 0.000200 -0.010576 -0.041868 0.000200 -0.010802 -0.042710 0.000200 -0.011170 -0.043500 0.000200 -0.011670 -0.044214 0.000200 -0.012286 -0.044830 0.000200 -0.013000 -0.045330 0.000200 -0.013790 -0.045698 0.000200 -0.014632 -0.045924 0.070200 -0.014632 -0.045924 0.070200 -0.013790 -0.045698 0.070200 -0.013000 -0.045330 0.070200 -0.012286 -0.044830 0.070200 -0.011670 -0.044214 0.070200 -0.011170 -0.043500 0.070200 -0.010802 -0.042710 0.070200 -0.010576 -0.041868 0.017700 -0.010576 -0.041868 0.035200 -0.010576 -0.041868 0.052700 -0.010576 -0.041868 0.017700 -0.010802 -0.042710 0.035200 -0.010802 -0.042710 0.052700 -0.010802 -0.042710 0.017700 -0.011170 -0.043500 0.035200 -0.011170 -0.043500 0.052700 -0.011170 -0.043500 0.017700 -0.011670 -0.044214 0.035200 -0.011670 -0.044214 0.052700 -0.011670 -0.044214 0.017700 -0.012286 -0.044830 0.035200 -0.012286 -0.044830 0.052700 -0.012286 -0.044830 0.017700 -0.013000 -0.045330 0.035200 -0.013000 -0.045330 0.052700 -0.013000 -0.045330 0.017700 -0.013790 -0.045698 0.035200 -0.013790 -0.045698 0.052700 -0.013790 -0.045698 0.017700 -0.014632 -0.045924 0.035200 -0.014632 -0.045924 0.052700 -0.014632 -0.045924 0.000200 -0.036500 -0.000000 0.000200 -0.037701 -0.000324 0.000200 -0.038853 -0.000795 0.000200 -0.039937 -0.001405 0.000200 -0.040937 -0.002145 0.000200 -0.041838 -0.003004 0.000200 -0.042624 -0.003968 0.000200 -0.043285 -0.005021 0.000200 -0.043811 -0.006149 0.000200 -0.044192 -0.007334 0.000200 -0.044423 -0.008556 0.000200 -0.044500 -0.009798 0.070200 -0.044500 -0.009798 0.070200 -0.044423 -0.008556 0.070200 -0.044192 -0.007334 0.070200 -0.043811 -0.006149 0.070200 -0.043285 -0.005021 0.070200 -0.042624 -0.003968 0.070200 -0.041838 -0.003004 0.070200 -0.040937 -0.002145 0.070200 -0.039937 -0.001405 0.070200 -0.038853 -0.000795 0.070200 -0.037701 -0.000324 0.070200 -0.036500 -0.000000 0.023533 -0.037701 -0.000324 0.046867 -0.037701 -0.000324 0.023533 -0.038853 -0.000795 0.046867 -0.038853 -0.000795 0.023533 -0.039937 -0.001405 0.046867 -0.039937 -0.001405 0.023533 -0.040937 -0.002145 0.046867 -0.040937 -0.002145 0.023533 -0.041838 -0.003004 0.046867 -0.041838 -0.003004 0.023533 -0.042624 -0.003968 0.046867 -0.042624 -0.003968 0.023533 -0.043285 -0.005021 0.046867 -0.043285 -0.005021 0.023533 -0.043811 -0.006149 0.046867 -0.043811 -0.006149 0.023533 -0.044192 -0.007334 0.046867 -0.044192 -0.007334 0.023533 -0.044423 -0.008556 0.046867 -0.044423 -0.008556 0.070200 -0.028000 -0.000000 0.070200 -0.027922 0.002092 0.070200 -0.027687 0.004173 0.070200 -0.027298 0.006231 0.070200 -0.026756 0.008253 0.070200 -0.026064 0.010230 0.070200 -0.025227 0.012149 0.070200 -0.024249 0.014000 0.070200 -0.023135 0.015773 0.070200 -0.021891 0.017458 0.070200 -0.020525 0.019045 0.070200 -0.019045 0.020525 0.070200 -0.017458 0.021891 0.070200 -0.015773 0.023135 0.070200 -0.014000 0.024249 0.070200 -0.012149 0.025227 0.070200 -0.010230 0.026064 0.070200 -0.008253 0.026756 0.070200 -0.006231 0.027298 0.070200 -0.004173 0.027687 0.070200 -0.002092 0.027922 0.070200 0.000000 0.028000 0.070200 0.002092 0.027922 0.070200 0.004173 0.027687 0.070200 0.006231 0.027298 0.070200 0.008253 0.026756 0.070200 0.010230 0.026064 0.070200 0.012149 0.025227 0.070200 0.014000 0.024249 0.070200 0.015773 0.023135 0.070200 0.017458 0.021891 0.070200 0.019045 0.020525 0.070200 0.020525 0.019045 0.070200 0.021891 0.017458 0.070200 0.023135 0.015773 0.070200 0.024249 0.014000 0.070200 0.025227 0.012149 0.070200 0.026064 0.010230 0.070200 0.026756 0.008253 0.070200 0.027298 0.006231 0.070200 0.027687 0.004173 0.070200 0.027922 0.002092 0.070200 0.028000 -0.000000 0.070200 0.027922 -0.002092 0.070200 0.027687 -0.004173 0.070200 0.027298 -0.006231 0.070200 0.026756 -0.008253 0.070200 0.026064 -0.010230 0.070200 0.025227 -0.012149 0.070200 0.024249 -0.014000 0.070200 0.023135 -0.015773 0.070200 0.021891 -0.017458 0.070200 0.020525 -0.019045 0.070200 0.019045 -0.020525 0.070200 0.017458 -0.021891 0.070200 0.015773 -0.023135 0.070200 0.014000 -0.024249 0.070200 0.012149 -0.025227 0.070200 0.010230 -0.026064 0.070200 0.008253 -0.026756 0.070200 0.006231 -0.027298 0.070200 0.004173 -0.027687 0.070200 0.002092 -0.027922 0.070200 0.000000 -0.028000 0.070200 -0.002092 -0.027922 0.070200 -0.004173 -0.027687 0.070200 -0.006231 -0.027298 0.070200 -0.008253 -0.026756 0.070200 -0.010230 -0.026064 0.070200 -0.012149 -0.025227 0.070200 -0.014000 -0.024249 0.070200 -0.015773 -0.023135 0.070200 -0.017458 -0.021891 0.070200 -0.019045 -0.020525 0.070200 -0.020525 -0.019045 0.070200 -0.021891 -0.017458 0.070200 -0.023135 -0.015773 0.070200 -0.024249 -0.014000 0.070200 -0.025227 -0.012149 0.070200 -0.026064 -0.010230 0.070200 -0.026756 -0.008253 0.070200 -0.027298 -0.006231 0.070200 -0.027687 -0.004173 0.070200 -0.027922 -0.002092 0.070200 -0.001500 0.032000 0.070200 -0.001449 0.032388 0.070200 -0.001299 0.032750 0.070200 -0.001061 0.033061 0.070200 -0.000750 0.033299 0.070200 -0.000388 0.033449 0.070200 0.000000 0.033500 0.070200 0.000388 0.033449 0.070200 0.000750 0.033299 0.070200 0.001061 0.033061 0.070200 0.001299 0.032750 0.070200 0.001449 0.032388 0.070200 0.001500 0.032000 0.070200 0.001449 0.031612 0.070200 0.001299 0.031250 0.070200 0.001061 0.030939 0.070200 0.000750 0.030701 0.070200 0.000388 0.030551 0.070200 0.000000 0.030500 0.070200 -0.000388 0.030551 0.070200 -0.000750 0.030701 0.070200 -0.001061 0.030939 0.070200 -0.001299 0.031250 0.070200 -0.001449 0.031612 0.070200 0.030500 -0.000000 0.070200 0.030551 0.000388 0.070200 0.030701 0.000750 0.070200 0.030939 0.001061 0.070200 0.031250 0.001299 0.070200 0.031612 0.001449 0.070200 0.032000 0.001500 0.070200 0.032388 0.001449 0.070200 0.032750 0.001299 0.070200 0.033061 0.001061 0.070200 0.033299 0.000750 0.070200 0.033449 0.000388 0.070200 0.033500 -0.000000 0.070200 0.033449 -0.000388 0.070200 0.033299 -0.000750 0.070200 0.033061 -0.001061 0.070200 0.032750 -0.001299 0.070200 0.032388 -0.001449 0.070200 0.032000 -0.001500 0.070200 0.031612 -0.001449 0.070200 0.031250 -0.001299 0.070200 0.030939 -0.001061 0.070200 0.030701 -0.000750 0.070200 0.030551 -0.000388 0.070200 -0.024127 -0.022627 0.070200 -0.024076 -0.022239 0.070200 -0.023926 -0.021877 0.070200 -0.023688 -0.021567 0.070200 -0.023377 -0.021328 0.070200 -0.023016 -0.021179 0.070200 -0.022627 -0.021127 0.070200 -0.022239 -0.021179 0.070200 -0.021877 -0.021328 0.070200 -0.021567 -0.021567 0.070200 -0.021328 -0.021877 0.070200 -0.021179 -0.022239 0.070200 -0.021127 -0.022627 0.070200 -0.021179 -0.023016 0.070200 -0.021328 -0.023377 0.070200 -0.021567 -0.023688 0.070200 -0.021877 -0.023926 0.070200 -0.022239 -0.024076 0.070200 -0.022627 -0.024127 0.070200 -0.023016 -0.024076 0.070200 -0.023377 -0.023926 0.070200 -0.023688 -0.023688 0.070200 -0.023926 -0.023377 0.070200 -0.024076 -0.023016 0.070200 -0.024127 0.022627 0.070200 -0.024076 0.023016 0.070200 -0.023926 0.023377 0.070200 -0.023688 0.023688 0.070200 -0.023377 0.023926 0.070200 -0.023016 0.024076 0.070200 -0.022627 0.024127 0.070200 -0.022239 0.024076 0.070200 -0.021877 0.023926 0.070200 -0.021567 0.023688 0.070200 -0.021328 0.023377 0.070200 -0.021179 0.023016 0.070200 -0.021127 0.022627 0.070200 -0.021179 0.022239 0.070200 -0.021328 0.021877 0.070200 -0.021567 0.021567 0.070200 -0.021877 0.021328 0.070200 -0.022239 0.021179 0.070200 -0.022627 0.021127 0.070200 -0.023016 0.021179 0.070200 -0.023377 0.021328 0.070200 -0.023688 0.021567 0.070200 -0.023926 0.021877 0.070200 -0.024076 0.022239 0.070200 0.021127 -0.022627 0.070200 0.021179 -0.022239 0.070200 0.021328 -0.021877 0.070200 0.021567 -0.021567 0.070200 0.021877 -0.021328 0.070200 0.022239 -0.021179 0.070200 0.022627 -0.021127 0.070200 0.023016 -0.021179 0.070200 0.023377 -0.021328 0.070200 0.023688 -0.021567 0.070200 0.023926 -0.021877 0.070200 0.024076 -0.022239 0.070200 0.024127 -0.022627 0.070200 0.024076 -0.023016 0.070200 0.023926 -0.023377 0.070200 0.023688 -0.023688 0.070200 0.023377 -0.023926 0.070200 0.023016 -0.024076 0.070200 0.022627 -0.024127 0.070200 0.022239 -0.024076 0.070200 0.021877 -0.023926 0.070200 0.021567 -0.023688 0.070200 0.021328 -0.023377 0.070200 0.021179 -0.023016 0.070200 0.021127 0.022627 0.070200 0.021179 0.023016 0.070200 0.021328 0.023377 0.070200 0.021567 0.023688 0.070200 0.021877 0.023926 0.070200 0.022239 0.024076 0.070200 0.022627 0.024127 0.070200 0.023016 0.024076 0.070200 0.023377 0.023926 0.070200 0.023688 0.023688 0.070200 0.023926 0.023377 0.070200 0.024076 0.023016 0.070200 0.024127 0.022627 0.070200 0.024076 0.022239 0.070200 0.023926 0.021877 0.070200 0.023688 0.021567 0.070200 0.023377 0.021328 0.070200 0.023016 0.021179 0.070200 0.022627 0.021127 0.070200 0.022239 0.021179 0.070200 0.021877 0.021328 0.070200 0.021567 0.021567 0.070200 0.021328 0.021877 0.070200 0.021179 0.022239 0.070200 -0.033500 -0.000000 0.070200 -0.033449 0.000388 0.070200 -0.033299 0.000750 0.070200 -0.033061 0.001061 0.070200 -0.032750 0.001299 0.070200 -0.032388 0.001449 0.070200 -0.032000 0.001500 0.070200 -0.031612 0.001449 0.070200 -0.031250 0.001299 0.070200 -0.030939 0.001061 0.070200 -0.030701 0.000750 0.070200 -0.030551 0.000388 0.070200 -0.030500 -0.000000 0.070200 -0.030551 -0.000388 0.070200 -0.030701 -0.000750 0.070200 -0.030939 -0.001061 0.070200 -0.031250 -0.001299 0.070200 -0.031612 -0.001449 0.070200 -0.032000 -0.001500 0.070200 -0.032388 -0.001449 0.070200 -0.032750 -0.001299 0.070200 -0.033061 -0.001061 0.070200 -0.033299 -0.000750 0.070200 -0.033449 -0.000388 0.070200 -0.001500 -0.032000 0.070200 -0.001449 -0.031612 0.070200 -0.001299 -0.031250 0.070200 -0.001061 -0.030939 0.070200 -0.000750 -0.030701 0.070200 -0.000388 -0.030551 0.070200 0.000000 -0.030500 0.070200 0.000388 -0.030551 0.070200 0.000750 -0.030701 0.070200 0.001061 -0.030939 0.070200 0.001299 -0.031250 0.070200 0.001449 -0.031612 0.070200 0.001500 -0.032000 0.070200 0.001449 -0.032388 0.070200 0.001299 -0.032750 0.070200 0.001061 -0.033061 0.070200 0.000750 -0.033299 0.070200 0.000388 -0.033449 0.070200 0.000000 -0.033500 0.070200 -0.000388 -0.033449 0.070200 -0.000750 -0.033299 0.070200 -0.001061 -0.033061 0.070200 -0.001299 -0.032750 0.070200 -0.001449 -0.032388 0.070200 -0.044500 -0.050000 0.070200 0.044500 -0.050000 0.070200 0.044500 -0.009798 0.070200 0.044423 -0.008556 0.070200 0.044192 -0.007334 0.070200 0.043811 -0.006149 0.070200 0.043285 -0.005021 0.070200 0.042624 -0.003968 0.070200 0.041838 -0.003004 0.070200 0.040937 -0.002145 0.070200 0.039937 -0.001405 0.070200 0.038853 -0.000795 0.070200 0.037701 -0.000324 0.070200 0.036500 -0.000000 0.070200 0.036422 0.002387 0.070200 0.036188 0.004764 0.070200 0.035799 0.007121 0.070200 0.035256 0.009447 0.070200 0.034563 0.011733 0.070200 0.033722 0.013968 0.070200 0.032736 0.016144 0.070200 0.031610 0.018250 0.070200 0.030349 0.020278 0.070200 0.028957 0.022220 0.070200 0.027442 0.024066 0.070200 0.025809 0.025809 0.070200 0.024066 0.027442 0.070200 0.022220 0.028957 0.070200 0.020278 0.030349 0.070200 0.018250 0.031610 0.070200 0.016144 0.032736 0.070200 0.013968 0.033722 0.070200 0.011733 0.034563 0.070200 0.009447 0.035256 0.070200 0.007121 0.035799 0.070200 0.004764 0.036188 0.070200 0.002387 0.036422 0.070200 0.000000 0.036500 0.070200 -0.002387 0.036422 0.070200 -0.004764 0.036188 0.070200 -0.007121 0.035799 0.070200 -0.009447 0.035256 0.070200 -0.011733 0.034563 0.070200 -0.013968 0.033722 0.070200 -0.016144 0.032736 0.070200 -0.018250 0.031610 0.070200 -0.020278 0.030349 0.070200 -0.022220 0.028957 0.070200 -0.024066 0.027442 0.070200 -0.025809 0.025809 0.070200 -0.027442 0.024066 0.070200 -0.028957 0.022220 0.070200 -0.030349 0.020278 0.070200 -0.031610 0.018250 0.070200 -0.032736 0.016144 0.070200 -0.033722 0.013968 0.070200 -0.034563 0.011733 0.070200 -0.035256 0.009447 0.070200 -0.035799 0.007121 0.070200 -0.036188 0.004764 0.070200 -0.036422 0.002387 0.000200 0.044500 -0.009798 0.000200 0.044423 -0.008556 0.000200 0.044192 -0.007334 0.000200 0.043811 -0.006149 0.000200 0.043285 -0.005021 0.000200 0.042624 -0.003968 0.000200 0.041838 -0.003004 0.000200 0.040937 -0.002145 0.000200 0.039937 -0.001405 0.000200 0.038853 -0.000795 0.000200 0.037701 -0.000324 0.000200 0.036500 -0.000000 0.046867 0.037701 -0.000324 0.023533 0.037701 -0.000324 0.046867 0.038853 -0.000795 0.023533 0.038853 -0.000795 0.046867 0.039937 -0.001405 0.023533 0.039937 -0.001405 0.046867 0.040937 -0.002145 0.023533 0.040937 -0.002145 0.046867 0.041838 -0.003004 0.023533 0.041838 -0.003004 0.046867 0.042624 -0.003968 0.023533 0.042624 -0.003968 0.046867 0.043285 -0.005021 0.023533 0.043285 -0.005021 0.046867 0.043811 -0.006149 0.023533 0.043811 -0.006149 0.046867 0.044192 -0.007334 0.023533 0.044192 -0.007334 0.046867 0.044423 -0.008556 0.023533 0.044423 -0.008556 0.000200 0.044500 -0.050000 0.000200 0.036422 0.002387 0.000200 0.036188 0.004764 0.000200 0.035799 0.007121 0.000200 0.035256 0.009447 0.000200 0.034563 0.011733 0.000200 0.033722 0.013968 0.000200 0.032736 0.016144 0.000200 0.031610 0.018250 0.000200 0.030349 0.020278 0.000200 0.028957 0.022220 0.000200 0.027442 0.024066 0.000200 0.025809 0.025809 0.000200 0.024066 0.027442 0.000200 0.022220 0.028957 0.000200 0.020278 0.030349 0.000200 0.018250 0.031610 0.000200 0.016144 0.032736 0.000200 0.013968 0.033722 0.000200 0.011733 0.034563 0.000200 0.009447 0.035256 0.000200 0.007121 0.035799 0.000200 0.004764 0.036188 0.000200 0.002387 0.036422 0.000200 0.000000 0.036500 0.000200 -0.002387 0.036422 0.000200 -0.004764 0.036188 0.000200 -0.007121 0.035799 0.000200 -0.009447 0.035256 0.000200 -0.011733 0.034563 0.000200 -0.013968 0.033722 0.000200 -0.016144 0.032736 0.000200 -0.018250 0.031610 0.000200 -0.020278 0.030349 0.000200 -0.022220 0.028957 0.000200 -0.024066 0.027442 0.000200 -0.025809 0.025809 0.000200 -0.027442 0.024066 0.000200 -0.028957 0.022220 0.000200 -0.030349 0.020278 0.000200 -0.031610 0.018250 0.000200 -0.032736 0.016144 0.000200 -0.033722 0.013968 0.000200 -0.034563 0.011733 0.000200 -0.035256 0.009447 0.000200 -0.035799 0.007121 0.000200 -0.036188 0.004764 0.000200 -0.036422 0.002387 0.035200 -0.036422 0.002387 0.035200 -0.036188 0.004764 0.035200 -0.035799 0.007121 0.035200 -0.035256 0.009447 0.035200 -0.034563 0.011733 0.035200 -0.033722 0.013968 0.035200 -0.032736 0.016144 0.035200 -0.031610 0.018250 0.035200 -0.030349 0.020278 0.035200 -0.028957 0.022220 0.035200 -0.027442 0.024066 0.035200 -0.025809 0.025809 0.035200 -0.024066 0.027442 0.035200 -0.022220 0.028957 0.035200 -0.020278 0.030349 0.035200 -0.018250 0.031610 0.035200 -0.016144 0.032736 0.035200 -0.013968 0.033722 0.035200 -0.011733 0.034563 0.035200 -0.009447 0.035256 0.035200 -0.007121 0.035799 0.035200 -0.004764 0.036188 0.035200 -0.002387 0.036422 0.035200 0.000000 0.036500 0.035200 0.002387 0.036422 0.035200 0.004764 0.036188 0.035200 0.007121 0.035799 0.035200 0.009447 0.035256 0.035200 0.011733 0.034563 0.035200 0.013968 0.033722 0.035200 0.016144 0.032736 0.035200 0.018250 0.031610 0.035200 0.020278 0.030349 0.035200 0.022220 0.028957 0.035200 0.024066 0.027442 0.035200 0.025809 0.025809 0.035200 0.027442 0.024066 0.035200 0.028957 0.022220 0.035200 0.030349 0.020278 0.035200 0.031610 0.018250 0.035200 0.032736 0.016144 0.035200 0.033722 0.013968 0.035200 0.034563 0.011733 0.035200 0.035256 0.009447 0.035200 0.035799 0.007121 0.035200 0.036188 0.004764 0.035200 0.036422 0.002387 0.000200 -0.035000 -0.000000 0.000200 -0.034922 0.002338 0.000200 -0.034688 0.004665 0.000200 -0.034299 0.006972 0.000200 -0.033756 0.009247 0.000200 -0.033063 0.011481 0.000200 -0.032223 0.013664 0.000200 -0.031238 0.015785 0.000200 -0.030114 0.017837 0.000200 -0.028855 0.019808 0.000200 -0.027468 0.021691 0.000200 -0.025958 0.023477 0.000200 -0.024332 0.025159 0.000200 -0.022597 0.026728 0.000200 -0.020761 0.028177 0.000200 -0.018833 0.029501 0.000200 -0.016820 0.030693 0.000200 -0.014733 0.031748 0.000200 -0.012579 0.032661 0.000200 -0.010370 0.033429 0.000200 -0.008114 0.034047 0.000200 -0.005822 0.034512 0.000200 -0.003503 0.034824 0.000200 -0.001170 0.034980 0.000200 0.001170 0.034980 0.000200 0.003503 0.034824 0.000200 0.005822 0.034512 0.000200 0.008114 0.034047 0.000200 0.010370 0.033429 0.000200 0.012579 0.032661 0.000200 0.014733 0.031748 0.000200 0.016820 0.030693 0.000200 0.018833 0.029501 0.000200 0.020761 0.028177 0.000200 0.022597 0.026728 0.000200 0.024332 0.025159 0.000200 0.025958 0.023477 0.000200 0.027468 0.021691 0.000200 0.028855 0.019808 0.000200 0.030114 0.017837 0.000200 0.031238 0.015785 0.000200 0.032223 0.013664 0.000200 0.033063 0.011481 0.000200 0.033756 0.009247 0.000200 0.034299 0.006972 0.000200 0.034688 0.004665 0.000200 0.034922 0.002338 0.000200 0.035000 -0.000000 0.000200 0.034922 -0.002338 0.000200 0.034688 -0.004665 0.000200 0.034299 -0.006972 0.000200 0.033756 -0.009247 0.000200 0.033063 -0.011481 0.000200 0.032223 -0.013664 0.000200 0.031238 -0.015785 0.000200 0.030114 -0.017837 0.000200 0.028855 -0.019808 0.000200 0.027468 -0.021691 0.000200 0.025958 -0.023477 0.000200 0.024332 -0.025159 0.000200 0.022597 -0.026728 0.000200 0.020761 -0.028177 0.000200 0.018833 -0.029501 0.000200 0.016820 -0.030693 0.000200 0.014733 -0.031748 0.000200 0.012579 -0.032661 0.000200 0.010370 -0.033429 0.000200 0.008114 -0.034047 0.000200 0.005822 -0.034512 0.000200 0.003503 -0.034824 0.000200 0.001170 -0.034980 0.000200 -0.001170 -0.034980 0.000200 -0.003503 -0.034824 0.000200 -0.005822 -0.034512 0.000200 -0.008114 -0.034047 0.000200 -0.010370 -0.033429 0.000200 -0.012579 -0.032661 0.000200 -0.014733 -0.031748 0.000200 -0.016820 -0.030693 0.000200 -0.018833 -0.029501 0.000200 -0.020761 -0.028177 0.000200 -0.022597 -0.026728 0.000200 -0.024332 -0.025159 0.000200 -0.025958 -0.023477 0.000200 -0.027468 -0.021691 0.000200 -0.028855 -0.019808 0.000200 -0.030114 -0.017837 0.000200 -0.031238 -0.015785 0.000200 -0.032223 -0.013664 0.000200 -0.033063 -0.011481 0.000200 -0.033756 -0.009247 0.000200 -0.034299 -0.006972 0.000200 -0.034688 -0.004665 0.000200 -0.034922 -0.002338 0.065200 -0.035000 -0.000000 0.065200 -0.034922 -0.002338 0.065200 -0.034688 -0.004665 0.065200 -0.034299 -0.006972 0.065200 -0.033756 -0.009247 0.065200 -0.033063 -0.011481 0.065200 -0.032223 -0.013664 0.065200 -0.031238 -0.015785 0.065200 -0.030114 -0.017837 0.065200 -0.028855 -0.019808 0.065200 -0.027468 -0.021691 0.065200 -0.025958 -0.023477 0.065200 -0.024332 -0.025159 0.065200 -0.022597 -0.026728 0.065200 -0.020761 -0.028177 0.065200 -0.018833 -0.029501 0.065200 -0.016820 -0.030693 0.065200 -0.014733 -0.031748 0.065200 -0.012579 -0.032661 0.065200 -0.010370 -0.033429 0.065200 -0.008114 -0.034047 0.065200 -0.005822 -0.034512 0.065200 -0.003503 -0.034824 0.065200 -0.001170 -0.034980 0.065200 0.001170 -0.034980 0.065200 0.003503 -0.034824 0.065200 0.005822 -0.034512 0.065200 0.008114 -0.034047 0.065200 0.010370 -0.033429 0.065200 0.012579 -0.032661 0.065200 0.014733 -0.031748 0.065200 0.016820 -0.030693 0.065200 0.018833 -0.029501 0.065200 0.020761 -0.028177 0.065200 0.022597 -0.026728 0.065200 0.024332 -0.025159 0.065200 0.025958 -0.023477 0.065200 0.027468 -0.021691 0.065200 0.028855 -0.019808 0.065200 0.030114 -0.017837 0.065200 0.031238 -0.015785 0.065200 0.032223 -0.013664 0.065200 0.033063 -0.011481 0.065200 0.033756 -0.009247 0.065200 0.034299 -0.006972 0.065200 0.034688 -0.004665 0.065200 0.034922 -0.002338 0.065200 0.035000 -0.000000 0.065200 0.034922 0.002338 0.065200 0.034688 0.004665 0.065200 0.034299 0.006972 0.065200 0.033756 0.009247 0.065200 0.033063 0.011481 0.065200 0.032223 0.013664 0.065200 0.031238 0.015785 0.065200 0.030114 0.017837 0.065200 0.028855 0.019808 0.065200 0.027468 0.021691 0.065200 0.025958 0.023477 0.065200 0.024332 0.025159 0.065200 0.022597 0.026728 0.065200 0.020761 0.028177 0.065200 0.018833 0.029501 0.065200 0.016820 0.030693 0.065200 0.014733 0.031748 0.065200 0.012579 0.032661 0.065200 0.010370 0.033429 0.065200 0.008114 0.034047 0.065200 0.005822 0.034512 0.065200 0.003503 0.034824 0.065200 0.001170 0.034980 0.065200 -0.001170 0.034980 0.065200 -0.003503 0.034824 0.065200 -0.005822 0.034512 0.065200 -0.008114 0.034047 0.065200 -0.010370 0.033429 0.065200 -0.012579 0.032661 0.065200 -0.014733 0.031748 0.065200 -0.016820 0.030693 0.065200 -0.018833 0.029501 0.065200 -0.020761 0.028177 0.065200 -0.022597 0.026728 0.065200 -0.024332 0.025159 0.065200 -0.025958 0.023477 0.065200 -0.027468 0.021691 0.065200 -0.028855 0.019808 0.065200 -0.030114 0.017837 0.065200 -0.031238 0.015785 0.065200 -0.032223 0.013664 0.065200 -0.033063 0.011481 0.065200 -0.033756 0.009247 0.065200 -0.034299 0.006972 0.065200 -0.034688 0.004665 0.065200 -0.034922 0.002338 0.032700 -0.035000 -0.000000 0.032700 -0.034922 0.002338 0.032700 -0.034688 0.004665 0.032700 -0.034299 0.006972 0.032700 -0.033756 0.009247 0.032700 -0.033063 0.011481 0.032700 -0.032223 0.013664 0.032700 -0.031238 0.015785 0.032700 -0.030114 0.017837 0.032700 -0.028855 0.019808 0.032700 -0.027468 0.021691 0.032700 -0.025958 0.023477 0.032700 -0.024332 0.025159 0.032700 -0.022597 0.026728 0.032700 -0.020761 0.028177 0.032700 -0.018833 0.029501 0.032700 -0.016820 0.030693 0.032700 -0.014733 0.031748 0.032700 -0.012579 0.032661 0.032700 -0.010370 0.033429 0.032700 -0.008114 0.034047 0.032700 -0.005822 0.034512 0.032700 -0.003503 0.034824 0.032700 -0.001170 0.034980 0.032700 0.001170 0.034980 0.032700 0.003503 0.034824 0.032700 0.005822 0.034512 0.032700 0.008114 0.034047 0.032700 0.010370 0.033429 0.032700 0.012579 0.032661 0.032700 0.014733 0.031748 0.032700 0.016820 0.030693 0.032700 0.018833 0.029501 0.032700 0.020761 0.028177 0.032700 0.022597 0.026728 0.032700 0.024332 0.025159 0.032700 0.025958 0.023477 0.032700 0.027468 0.021691 0.032700 0.028855 0.019808 0.032700 0.030114 0.017837 0.032700 0.031238 0.015785 0.032700 0.032223 0.013664 0.032700 0.033063 0.011481 0.032700 0.033756 0.009247 0.032700 0.034299 0.006972 0.032700 0.034688 0.004665 0.032700 0.034922 0.002338 0.032700 0.035000 -0.000000 0.032700 0.034922 -0.002338 0.032700 0.034688 -0.004665 0.032700 0.034299 -0.006972 0.032700 0.033756 -0.009247 0.032700 0.033063 -0.011481 0.032700 0.032223 -0.013664 0.032700 0.031238 -0.015785 0.032700 0.030114 -0.017837 0.032700 0.028855 -0.019808 0.032700 0.027468 -0.021691 0.032700 0.025958 -0.023477 0.032700 0.024332 -0.025159 0.032700 0.022597 -0.026728 0.032700 0.020761 -0.028177 0.032700 0.018833 -0.029501 0.032700 0.016820 -0.030693 0.032700 0.014733 -0.031748 0.032700 0.012579 -0.032661 0.032700 0.010370 -0.033429 0.032700 0.008114 -0.034047 0.032700 0.005822 -0.034512 0.032700 0.003503 -0.034824 0.032700 0.001170 -0.034980 0.032700 -0.001170 -0.034980 0.032700 -0.003503 -0.034824 0.032700 -0.005822 -0.034512 0.032700 -0.008114 -0.034047 0.032700 -0.010370 -0.033429 0.032700 -0.012579 -0.032661 0.032700 -0.014733 -0.031748 0.032700 -0.016820 -0.030693 0.032700 -0.018833 -0.029501 0.032700 -0.020761 -0.028177 0.032700 -0.022597 -0.026728 0.032700 -0.024332 -0.025159 0.032700 -0.025958 -0.023477 0.032700 -0.027468 -0.021691 0.032700 -0.028855 -0.019808 0.032700 -0.030114 -0.017837 0.032700 -0.031238 -0.015785 0.032700 -0.032223 -0.013664 0.032700 -0.033063 -0.011481 0.032700 -0.033756 -0.009247 0.032700 -0.034299 -0.006972 0.032700 -0.034688 -0.004665 0.032700 -0.034922 -0.002338 0.000200 -0.044500 -0.050000 0.065200 -0.028000 -0.000000 0.065200 -0.027922 -0.002092 0.065200 -0.027687 -0.004173 0.065200 -0.027298 -0.006231 0.065200 -0.026756 -0.008253 0.065200 -0.026064 -0.010230 0.065200 -0.025227 -0.012149 0.065200 -0.024249 -0.014000 0.065200 -0.023135 -0.015773 0.065200 -0.021891 -0.017458 0.065200 -0.020525 -0.019045 0.065200 -0.019045 -0.020525 0.065200 -0.017458 -0.021891 0.065200 -0.015773 -0.023135 0.065200 -0.014000 -0.024249 0.065200 -0.012149 -0.025227 0.065200 -0.010230 -0.026064 0.065200 -0.008253 -0.026756 0.065200 -0.006231 -0.027298 0.065200 -0.004173 -0.027687 0.065200 -0.002092 -0.027922 0.065200 0.000000 -0.028000 0.065200 0.002092 -0.027922 0.065200 0.004173 -0.027687 0.065200 0.006231 -0.027298 0.065200 0.008253 -0.026756 0.065200 0.010230 -0.026064 0.065200 0.012149 -0.025227 0.065200 0.014000 -0.024249 0.065200 0.015773 -0.023135 0.065200 0.017458 -0.021891 0.065200 0.019045 -0.020525 0.065200 0.020525 -0.019045 0.065200 0.021891 -0.017458 0.065200 0.023135 -0.015773 0.065200 0.024249 -0.014000 0.065200 0.025227 -0.012149 0.065200 0.026064 -0.010230 0.065200 0.026756 -0.008253 0.065200 0.027298 -0.006231 0.065200 0.027687 -0.004173 0.065200 0.027922 -0.002092 0.065200 0.028000 -0.000000 0.065200 0.027922 0.002092 0.065200 0.027687 0.004173 0.065200 0.027298 0.006231 0.065200 0.026756 0.008253 0.065200 0.026064 0.010230 0.065200 0.025227 0.012149 0.065200 0.024249 0.014000 0.065200 0.023135 0.015773 0.065200 0.021891 0.017458 0.065200 0.020525 0.019045 0.065200 0.019045 0.020525 0.065200 0.017458 0.021891 0.065200 0.015773 0.023135 0.065200 0.014000 0.024249 0.065200 0.012149 0.025227 0.065200 0.010230 0.026064 0.065200 0.008253 0.026756 0.065200 0.006231 0.027298 0.065200 0.004173 0.027687 0.065200 0.002092 0.027922 0.065200 0.000000 0.028000 0.065200 -0.002092 0.027922 0.065200 -0.004173 0.027687 0.065200 -0.006231 0.027298 0.065200 -0.008253 0.026756 0.065200 -0.010230 0.026064 0.065200 -0.012149 0.025227 0.065200 -0.014000 0.024249 0.065200 -0.015773 0.023135 0.065200 -0.017458 0.021891 0.065200 -0.019045 0.020525 0.065200 -0.020525 0.019045 0.065200 -0.021891 0.017458 0.065200 -0.023135 0.015773 0.065200 -0.024249 0.014000 0.065200 -0.025227 0.012149 0.065200 -0.026064 0.010230 0.065200 -0.026756 0.008253 0.065200 -0.027298 0.006231 0.065200 -0.027687 0.004173 0.065200 -0.027922 0.002092 0.065200 -0.001500 0.032000 0.065200 -0.001449 0.031612 0.065200 -0.001299 0.031250 0.065200 -0.001061 0.030939 0.065200 -0.000750 0.030701 0.065200 -0.000388 0.030551 0.065200 0.000000 0.030500 0.065200 0.000388 0.030551 0.065200 0.000750 0.030701 0.065200 0.001061 0.030939 0.065200 0.001299 0.031250 0.065200 0.001449 0.031612 0.065200 0.001500 0.032000 0.065200 0.001449 0.032388 0.065200 0.001299 0.032750 0.065200 0.001061 0.033061 0.065200 0.000750 0.033299 0.065200 0.000388 0.033449 0.065200 0.000000 0.033500 0.065200 -0.000388 0.033449 0.065200 -0.000750 0.033299 0.065200 -0.001061 0.033061 0.065200 -0.001299 0.032750 0.065200 -0.001449 0.032388 0.065200 0.030500 -0.000000 0.065200 0.030551 -0.000388 0.065200 0.030701 -0.000750 0.065200 0.030939 -0.001061 0.065200 0.031250 -0.001299 0.065200 0.031612 -0.001449 0.065200 0.032000 -0.001500 0.065200 0.032388 -0.001449 0.065200 0.032750 -0.001299 0.065200 0.033061 -0.001061 0.065200 0.033299 -0.000750 0.065200 0.033449 -0.000388 0.065200 0.033500 -0.000000 0.065200 0.033449 0.000388 0.065200 0.033299 0.000750 0.065200 0.033061 0.001061 0.065200 0.032750 0.001299 0.065200 0.032388 0.001449 0.065200 0.032000 0.001500 0.065200 0.031612 0.001449 0.065200 0.031250 0.001299 0.065200 0.030939 0.001061 0.065200 0.030701 0.000750 0.065200 0.030551 0.000388 0.065200 -0.024127 -0.022627 0.065200 -0.024076 -0.023016 0.065200 -0.023926 -0.023377 0.065200 -0.023688 -0.023688 0.065200 -0.023377 -0.023926 0.065200 -0.023016 -0.024076 0.065200 -0.022627 -0.024127 0.065200 -0.022239 -0.024076 0.065200 -0.021877 -0.023926 0.065200 -0.021567 -0.023688 0.065200 -0.021328 -0.023377 0.065200 -0.021179 -0.023016 0.065200 -0.021127 -0.022627 0.065200 -0.021179 -0.022239 0.065200 -0.021328 -0.021877 0.065200 -0.021567 -0.021567 0.065200 -0.021877 -0.021328 0.065200 -0.022239 -0.021179 0.065200 -0.022627 -0.021127 0.065200 -0.023016 -0.021179 0.065200 -0.023377 -0.021328 0.065200 -0.023688 -0.021567 0.065200 -0.023926 -0.021877 0.065200 -0.024076 -0.022239 0.065200 -0.024127 0.022627 0.065200 -0.024076 0.022239 0.065200 -0.023926 0.021877 0.065200 -0.023688 0.021567 0.065200 -0.023377 0.021328 0.065200 -0.023016 0.021179 0.065200 -0.022627 0.021127 0.065200 -0.022239 0.021179 0.065200 -0.021877 0.021328 0.065200 -0.021567 0.021567 0.065200 -0.021328 0.021877 0.065200 -0.021179 0.022239 0.065200 -0.021127 0.022627 0.065200 -0.021179 0.023016 0.065200 -0.021328 0.023377 0.065200 -0.021567 0.023688 0.065200 -0.021877 0.023926 0.065200 -0.022239 0.024076 0.065200 -0.022627 0.024127 0.065200 -0.023016 0.024076 0.065200 -0.023377 0.023926 0.065200 -0.023688 0.023688 0.065200 -0.023926 0.023377 0.065200 -0.024076 0.023016 0.065200 0.021127 -0.022627 0.065200 0.021179 -0.023016 0.065200 0.021328 -0.023377 0.065200 0.021567 -0.023688 0.065200 0.021877 -0.023926 0.065200 0.022239 -0.024076 0.065200 0.022627 -0.024127 0.065200 0.023016 -0.024076 0.065200 0.023377 -0.023926 0.065200 0.023688 -0.023688 0.065200 0.023926 -0.023377 0.065200 0.024076 -0.023016 0.065200 0.024127 -0.022627 0.065200 0.024076 -0.022239 0.065200 0.023926 -0.021877 0.065200 0.023688 -0.021567 0.065200 0.023377 -0.021328 0.065200 0.023016 -0.021179 0.065200 0.022627 -0.021127 0.065200 0.022239 -0.021179 0.065200 0.021877 -0.021328 0.065200 0.021567 -0.021567 0.065200 0.021328 -0.021877 0.065200 0.021179 -0.022239 0.065200 0.021127 0.022627 0.065200 0.021179 0.022239 0.065200 0.021328 0.021877 0.065200 0.021567 0.021567 0.065200 0.021877 0.021328 0.065200 0.022239 0.021179 0.065200 0.022627 0.021127 0.065200 0.023016 0.021179 0.065200 0.023377 0.021328 0.065200 0.023688 0.021567 0.065200 0.023926 0.021877 0.065200 0.024076 0.022239 0.065200 0.024127 0.022627 0.065200 0.024076 0.023016 0.065200 0.023926 0.023377 0.065200 0.023688 0.023688 0.065200 0.023377 0.023926 0.065200 0.023016 0.024076 0.065200 0.022627 0.024127 0.065200 0.022239 0.024076 0.065200 0.021877 0.023926 0.065200 0.021567 0.023688 0.065200 0.021328 0.023377 0.065200 0.021179 0.023016 0.065200 -0.033500 -0.000000 0.065200 -0.033449 -0.000388 0.065200 -0.033299 -0.000750 0.065200 -0.033061 -0.001061 0.065200 -0.032750 -0.001299 0.065200 -0.032388 -0.001449 0.065200 -0.032000 -0.001500 0.065200 -0.031612 -0.001449 0.065200 -0.031250 -0.001299 0.065200 -0.030939 -0.001061 0.065200 -0.030701 -0.000750 0.065200 -0.030551 -0.000388 0.065200 -0.030500 -0.000000 0.065200 -0.030551 0.000388 0.065200 -0.030701 0.000750 0.065200 -0.030939 0.001061 0.065200 -0.031250 0.001299 0.065200 -0.031612 0.001449 0.065200 -0.032000 0.001500 0.065200 -0.032388 0.001449 0.065200 -0.032750 0.001299 0.065200 -0.033061 0.001061 0.065200 -0.033299 0.000750 0.065200 -0.033449 0.000388 0.065200 -0.001500 -0.032000 0.065200 -0.001449 -0.032388 0.065200 -0.001299 -0.032750 0.065200 -0.001061 -0.033061 0.065200 -0.000750 -0.033299 0.065200 -0.000388 -0.033449 0.065200 0.000000 -0.033500 0.065200 0.000388 -0.033449 0.065200 0.000750 -0.033299 0.065200 0.001061 -0.033061 0.065200 0.001299 -0.032750 0.065200 0.001449 -0.032388 0.065200 0.001500 -0.032000 0.065200 0.001449 -0.031612 0.065200 0.001299 -0.031250 0.065200 0.001061 -0.030939 0.065200 0.000750 -0.030701 0.065200 0.000388 -0.030551 0.065200 0.000000 -0.030500 0.065200 -0.000388 -0.030551 0.065200 -0.000750 -0.030701 0.065200 -0.001061 -0.030939 0.065200 -0.001299 -0.031250 0.065200 -0.001449 -0.031612 0.064700 -0.000000 0.035000 0.064700 0.002242 0.034928 0.064700 0.004476 0.034713 0.064700 0.006691 0.034355 0.064700 0.008878 0.033855 0.064700 0.011029 0.033217 0.064700 0.013134 0.032442 0.064700 0.015186 0.031534 0.064700 0.017175 0.030496 0.064700 0.019094 0.029333 0.064700 0.020934 0.028049 0.064700 0.022688 0.026651 0.064700 0.024349 0.025142 0.064700 0.025910 0.023531 0.064700 0.027364 0.021822 0.064700 0.028706 0.020024 0.064700 0.029930 0.018144 0.064700 0.031031 0.016189 0.064700 0.032004 0.014167 0.064700 0.032846 0.012088 0.064700 0.033553 0.009958 0.064700 0.034122 0.007788 0.064700 0.034551 0.005586 0.064700 0.034838 0.003361 0.064700 0.034982 0.001122 0.064700 0.034982 -0.001122 0.064700 0.034838 -0.003361 0.064700 0.034551 -0.005586 0.064700 0.034122 -0.007788 0.064700 0.033553 -0.009958 0.064700 0.032846 -0.012088 0.064700 0.032004 -0.014167 0.064700 0.031031 -0.016189 0.064700 0.029930 -0.018144 0.064700 0.028706 -0.020024 0.064700 0.027364 -0.021822 0.064700 0.025910 -0.023531 0.064700 0.024349 -0.025142 0.064700 0.022688 -0.026651 0.064700 0.020934 -0.028049 0.064700 0.019094 -0.029333 0.064700 0.017175 -0.030496 0.064700 0.015186 -0.031534 0.064700 0.013134 -0.032442 0.064700 0.011029 -0.033217 0.064700 0.008878 -0.033855 0.064700 0.006691 -0.034355 0.064700 0.004476 -0.034713 0.064700 0.002242 -0.034928 0.064700 0.000000 -0.035000 0.064700 -0.002242 -0.034928 0.064700 -0.004476 -0.034713 0.064700 -0.006691 -0.034355 0.064700 -0.008878 -0.033855 0.064700 -0.011029 -0.033217 0.064700 -0.013134 -0.032442 0.064700 -0.015186 -0.031534 0.064700 -0.017175 -0.030496 0.064700 -0.019094 -0.029333 0.064700 -0.020934 -0.028049 0.064700 -0.022688 -0.026651 0.064700 -0.024349 -0.025142 0.064700 -0.025910 -0.023531 0.064700 -0.027364 -0.021822 0.064700 -0.028706 -0.020024 0.064700 -0.029930 -0.018144 0.064700 -0.031031 -0.016189 0.064700 -0.032004 -0.014167 0.064700 -0.032846 -0.012088 0.064700 -0.033553 -0.009958 0.064700 -0.034122 -0.007788 0.064700 -0.034551 -0.005586 0.064700 -0.034838 -0.003361 0.064700 -0.034982 -0.001122 0.064700 -0.034982 0.001122 0.064700 -0.034838 0.003361 0.064700 -0.034551 0.005586 0.064700 -0.034122 0.007788 0.064700 -0.033553 0.009958 0.064700 -0.032846 0.012088 0.064700 -0.032004 0.014167 0.064700 -0.031031 0.016189 0.064700 -0.029930 0.018144 0.064700 -0.028706 0.020024 0.064700 -0.027364 0.021822 0.064700 -0.025910 0.023531 0.064700 -0.024349 0.025142 0.064700 -0.022688 0.026651 0.064700 -0.020934 0.028049 0.064700 -0.019094 0.029333 0.064700 -0.017175 0.030496 0.064700 -0.015186 0.031534 0.064700 -0.013134 0.032442 0.064700 -0.011029 0.033217 0.064700 -0.008878 0.033855 0.064700 -0.006691 0.034355 0.064700 -0.004476 0.034713 0.064700 -0.002242 0.034928 -0.000000 0.035000 -0.000000 -0.000000 0.034928 0.002242 -0.000000 0.034713 0.004476 -0.000000 0.034355 0.006691 -0.000000 0.033855 0.008878 -0.000000 0.033217 0.011029 -0.000000 0.032442 0.013134 -0.000000 0.031534 0.015186 -0.000000 0.030496 0.017175 -0.000000 0.029333 0.019094 -0.000000 0.028049 0.020934 -0.000000 0.026651 0.022688 -0.000000 0.025142 0.024349 -0.000000 0.023531 0.025910 -0.000000 0.021822 0.027364 -0.000000 0.020024 0.028706 -0.000000 0.018144 0.029930 -0.000000 0.016189 0.031031 -0.000000 0.014167 0.032004 -0.000000 0.012088 0.032846 -0.000000 0.009958 0.033553 0.000000 0.007788 0.034122 0.000000 0.005586 0.034551 0.000000 0.003361 0.034838 0.000000 0.001122 0.034982 0.000000 -0.001122 0.034982 0.000000 -0.003361 0.034838 0.000000 -0.005586 0.034551 0.000000 -0.007788 0.034122 0.000000 -0.009958 0.033553 0.000000 -0.012088 0.032846 0.000000 -0.014167 0.032004 0.000000 -0.016189 0.031031 0.000000 -0.018144 0.029930 0.000000 -0.020024 0.028706 0.000000 -0.021822 0.027364 0.000000 -0.023531 0.025910 0.000000 -0.025142 0.024349 0.000000 -0.026651 0.022688 0.000000 -0.028049 0.020934 0.000000 -0.029333 0.019094 0.000000 -0.030496 0.017175 0.000000 -0.031534 0.015186 0.000000 -0.032442 0.013134 0.000000 -0.033217 0.011029 0.000000 -0.033855 0.008878 0.000000 -0.034355 0.006691 0.000000 -0.034713 0.004476 0.000000 -0.034928 0.002242 0.000000 -0.035000 0.000000 0.000000 -0.034928 -0.002242 0.000000 -0.034713 -0.004476 0.000000 -0.034355 -0.006691 0.000000 -0.033855 -0.008878 0.000000 -0.033217 -0.011029 0.000000 -0.032442 -0.013134 0.000000 -0.031534 -0.015186 0.000000 -0.030496 -0.017175 0.000000 -0.029333 -0.019094 0.000000 -0.028049 -0.020934 0.000000 -0.026651 -0.022688 0.000000 -0.025142 -0.024349 0.000000 -0.023531 -0.025910 0.000000 -0.021822 -0.027364 0.000000 -0.020024 -0.028706 0.000000 -0.018144 -0.029930 0.000000 -0.016189 -0.031031 0.000000 -0.014167 -0.032004 0.000000 -0.012088 -0.032846 0.000000 -0.009958 -0.033553 -0.000000 -0.007788 -0.034122 -0.000000 -0.005586 -0.034551 -0.000000 -0.003361 -0.034838 -0.000000 -0.001122 -0.034982 -0.000000 0.001122 -0.034982 -0.000000 0.003361 -0.034838 -0.000000 0.005586 -0.034551 -0.000000 0.007788 -0.034122 -0.000000 0.009958 -0.033553 -0.000000 0.012088 -0.032846 -0.000000 0.014167 -0.032004 -0.000000 0.016189 -0.031031 -0.000000 0.018144 -0.029930 -0.000000 0.020024 -0.028706 -0.000000 0.021822 -0.027364 -0.000000 0.023531 -0.025910 -0.000000 0.025142 -0.024349 -0.000000 0.026651 -0.022688 -0.000000 0.028049 -0.020934 -0.000000 0.029333 -0.019094 -0.000000 0.030496 -0.017175 -0.000000 0.031534 -0.015186 -0.000000 0.032442 -0.013134 -0.000000 0.033217 -0.011029 -0.000000 0.033855 -0.008878 -0.000000 0.034355 -0.006691 -0.000000 0.034713 -0.004476 -0.000000 0.034928 -0.002242 0.032350 0.000000 -0.035000 0.032350 -0.001128 0.034982 0.032350 0.001128 0.034982 0.032350 0.003395 0.034835 0.032350 0.005643 0.034542 0.032350 0.007867 0.034104 0.032350 0.010058 0.033524 0.032350 0.012207 0.032802 0.032350 0.014305 0.031943 0.032350 0.016342 0.030950 0.032350 0.018312 0.029828 0.032350 0.020204 0.028580 0.032350 0.022012 0.027212 0.032350 0.023727 0.025730 0.032350 0.025343 0.024140 0.032350 0.026852 0.022449 0.032350 0.028249 0.020664 0.032350 0.029527 0.018792 0.032350 0.030682 0.016842 0.032350 0.031707 0.014820 0.032350 0.032600 0.012737 0.032350 0.033356 0.010600 0.032350 0.033973 0.008418 0.032350 0.034446 0.006202 0.032350 0.034775 0.003959 0.032350 0.034959 0.001700 0.032350 0.034995 -0.000567 0.032350 0.034885 -0.002831 0.032350 0.034629 -0.005083 0.032350 0.034227 -0.007314 0.032350 0.033682 -0.009514 0.032350 0.032996 -0.011674 0.032350 0.032171 -0.013786 0.032350 0.031211 -0.015839 0.032350 0.030120 -0.017826 0.032350 0.028903 -0.019739 0.032350 0.027565 -0.021568 0.032350 0.026111 -0.023307 0.032350 0.024548 -0.024948 0.032350 0.022881 -0.026485 0.032350 0.021119 -0.027910 0.032350 0.019268 -0.029219 0.032350 0.017336 -0.030405 0.032350 0.015332 -0.031463 0.032350 0.013263 -0.032390 0.032350 0.011139 -0.033180 0.032350 0.008967 -0.033832 0.032350 0.006759 -0.034341 0.032350 0.004522 -0.034707 0.032350 0.002266 -0.034927 0.032350 -0.002266 -0.034927 0.032350 -0.004522 -0.034707 0.032350 -0.006759 -0.034341 0.032350 -0.008967 -0.033832 0.032350 -0.011139 -0.033180 0.032350 -0.013263 -0.032390 0.032350 -0.015332 -0.031463 0.032350 -0.017336 -0.030405 0.032350 -0.019268 -0.029219 0.032350 -0.021119 -0.027910 0.032350 -0.022881 -0.026485 0.032350 -0.024548 -0.024948 0.032350 -0.026111 -0.023307 0.032350 -0.027565 -0.021568 0.032350 -0.028903 -0.019739 0.032350 -0.030120 -0.017826 0.032350 -0.031211 -0.015839 0.032350 -0.032171 -0.013786 0.032350 -0.032996 -0.011674 0.032350 -0.033682 -0.009514 0.032350 -0.034227 -0.007314 0.032350 -0.034629 -0.005083 0.032350 -0.034885 -0.002831 0.032350 -0.034995 -0.000567 0.032350 -0.034959 0.001700 0.032350 -0.034775 0.003959 0.032350 -0.034446 0.006202 0.032350 -0.033973 0.008418 0.032350 -0.033356 0.010600 0.032350 -0.032600 0.012737 0.032350 -0.031707 0.014820 0.032350 -0.030682 0.016842 0.032350 -0.029527 0.018792 0.032350 -0.028249 0.020664 0.032350 -0.026852 0.022449 0.032350 -0.025343 0.024140 0.032350 -0.023727 0.025730 0.032350 -0.022012 0.027212 0.032350 -0.020204 0.028580 0.032350 -0.018312 0.029828 0.032350 -0.016342 0.030950 0.032350 -0.014305 0.031943 0.032350 -0.012207 0.032802 0.032350 -0.010058 0.033524 0.032350 -0.007867 0.034104 0.032350 -0.005643 0.034542 0.032350 -0.003395 0.034835 0.065200 -0.034500 0.000000 0.065200 -0.034428 -0.002233 0.065200 -0.034211 -0.004457 0.065200 -0.033851 -0.006662 0.065200 -0.033348 -0.008839 0.065200 -0.032706 -0.010979 0.065200 -0.031927 -0.013073 0.065200 -0.031014 -0.015113 0.065200 -0.029971 -0.017088 0.065200 -0.028802 -0.018993 0.065200 -0.027512 -0.020817 0.065200 -0.026107 -0.022554 0.065200 -0.024592 -0.024197 0.065200 -0.022974 -0.025738 0.065200 -0.021260 -0.027171 0.065200 -0.019457 -0.028490 0.065200 -0.017572 -0.029690 0.065200 -0.015613 -0.030765 0.065200 -0.013589 -0.031711 0.065200 -0.011508 -0.032524 0.065200 -0.009378 -0.033201 0.065200 -0.007209 -0.033738 0.065200 -0.005010 -0.034134 0.065200 -0.002790 -0.034387 0.065200 -0.000559 -0.034495 0.065200 0.001675 -0.034459 0.065200 0.003902 -0.034279 0.065200 0.006113 -0.033954 0.065200 0.008298 -0.033487 0.065200 0.010448 -0.032880 0.065200 0.012555 -0.032135 0.065200 0.014608 -0.031254 0.065200 0.016601 -0.030243 0.065200 0.018524 -0.029105 0.065200 0.020369 -0.027845 0.065200 0.022129 -0.026468 0.065200 0.023795 -0.024981 0.065200 0.025363 -0.023388 0.065200 0.026823 -0.021697 0.065200 0.028171 -0.019915 0.065200 0.029401 -0.018050 0.065200 0.030508 -0.016109 0.065200 0.031487 -0.014100 0.065200 0.032334 -0.012033 0.065200 0.033045 -0.009915 0.065200 0.033617 -0.007755 0.065200 0.034049 -0.005562 0.065200 0.034337 -0.003347 0.065200 0.034482 -0.001117 0.065200 0.034482 0.001117 0.065200 0.034337 0.003347 0.065200 0.034049 0.005562 0.065200 0.033617 0.007755 0.065200 0.033045 0.009915 0.065200 0.032334 0.012033 0.065200 0.031487 0.014100 0.065200 0.030508 0.016109 0.065200 0.029401 0.018050 0.065200 0.028171 0.019915 0.065200 0.026823 0.021697 0.065200 0.025363 0.023388 0.065200 0.023795 0.024981 0.065200 0.022129 0.026468 0.065200 0.020369 0.027845 0.065200 0.018524 0.029105 0.065200 0.016601 0.030243 0.065200 0.014608 0.031254 0.065200 0.012555 0.032135 0.065200 0.010448 0.032880 0.065200 0.008298 0.033487 0.065200 0.006113 0.033954 0.065200 0.003902 0.034279 0.065200 0.001675 0.034459 0.065200 -0.000559 0.034495 0.065200 -0.002790 0.034387 0.065200 -0.005010 0.034134 0.065200 -0.007209 0.033738 0.065200 -0.009378 0.033201 0.065200 -0.011508 0.032524 0.065200 -0.013589 0.031711 0.065200 -0.015613 0.030765 0.065200 -0.017572 0.029690 0.065200 -0.019457 0.028490 0.065200 -0.021260 0.027171 0.065200 -0.022974 0.025738 0.065200 -0.024592 0.024197 0.065200 -0.026107 0.022554 0.065200 -0.027512 0.020817 0.065200 -0.028802 0.018993 0.065200 -0.029971 0.017088 0.065200 -0.031014 0.015113 0.065200 -0.031927 0.013073 0.065200 -0.032706 0.010979 0.065200 -0.033348 0.008839 0.065200 -0.033851 0.006662 0.065200 -0.034211 0.004457 0.065200 -0.034428 0.002233 0.065200 0.024127 0.022627 0.065200 0.024076 0.022239 0.065200 0.023926 0.021877 0.065200 0.023688 0.021567 0.065200 0.023377 0.021328 0.065200 0.023016 0.021179 0.065200 0.022627 0.021127 0.065200 0.022239 0.021179 0.065200 0.021877 0.021328 0.065200 0.021567 0.021567 0.065200 0.021328 0.021877 0.065200 0.021179 0.022239 0.065200 0.021127 0.022627 0.065200 0.021179 0.023016 0.065200 0.021328 0.023377 0.065200 0.021567 0.023688 0.065200 0.021877 0.023926 0.065200 0.022239 0.024076 0.065200 0.022627 0.024127 0.065200 0.023016 0.024076 0.065200 0.023377 0.023926 0.065200 0.023688 0.023688 0.065200 0.023926 0.023377 0.065200 0.024076 0.023016 0.065200 0.033500 -0.000000 0.065200 0.033449 -0.000388 0.065200 0.033299 -0.000750 0.065200 0.033061 -0.001061 0.065200 0.032750 -0.001299 0.065200 0.032388 -0.001449 0.065200 0.032000 -0.001500 0.065200 0.031612 -0.001449 0.065200 0.031250 -0.001299 0.065200 0.030939 -0.001061 0.065200 0.030701 -0.000750 0.065200 0.030551 -0.000388 0.065200 0.030500 -0.000000 0.065200 0.030551 0.000388 0.065200 0.030701 0.000750 0.065200 0.030939 0.001061 0.065200 0.031250 0.001299 0.065200 0.031612 0.001449 0.065200 0.032000 0.001500 0.065200 0.032388 0.001449 0.065200 0.032750 0.001299 0.065200 0.033061 0.001061 0.065200 0.033299 0.000750 0.065200 0.033449 0.000388 0.065200 0.024127 -0.022627 0.065200 0.024076 -0.023016 0.065200 0.023926 -0.023377 0.065200 0.023688 -0.023688 0.065200 0.023377 -0.023926 0.065200 0.023016 -0.024076 0.065200 0.022627 -0.024127 0.065200 0.022239 -0.024076 0.065200 0.021877 -0.023926 0.065200 0.021567 -0.023688 0.065200 0.021328 -0.023377 0.065200 0.021179 -0.023016 0.065200 0.021127 -0.022627 0.065200 0.021179 -0.022239 0.065200 0.021328 -0.021877 0.065200 0.021567 -0.021567 0.065200 0.021877 -0.021328 0.065200 0.022239 -0.021179 0.065200 0.022627 -0.021127 0.065200 0.023016 -0.021179 0.065200 0.023377 -0.021328 0.065200 0.023688 -0.021567 0.065200 0.023926 -0.021877 0.065200 0.024076 -0.022239 0.065200 0.001500 -0.032000 0.065200 0.001449 -0.032388 0.065200 0.001299 -0.032750 0.065200 0.001061 -0.033061 0.065200 0.000750 -0.033299 0.065200 0.000388 -0.033449 0.065200 0.000000 -0.033500 0.065200 -0.000388 -0.033449 0.065200 -0.000750 -0.033299 0.065200 -0.001061 -0.033061 0.065200 -0.001299 -0.032750 0.065200 -0.001449 -0.032388 0.065200 -0.001500 -0.032000 0.065200 -0.001449 -0.031612 0.065200 -0.001299 -0.031250 0.065200 -0.001061 -0.030939 0.065200 -0.000750 -0.030701 0.065200 -0.000388 -0.030551 0.065200 0.000000 -0.030500 0.065200 0.000388 -0.030551 0.065200 0.000750 -0.030701 0.065200 0.001061 -0.030939 0.065200 0.001299 -0.031250 0.065200 0.001449 -0.031612 0.065200 -0.021127 -0.022627 0.065200 -0.021179 -0.023016 0.065200 -0.021328 -0.023377 0.065200 -0.021567 -0.023688 0.065200 -0.021877 -0.023926 0.065200 -0.022239 -0.024076 0.065200 -0.022627 -0.024127 0.065200 -0.023016 -0.024076 0.065200 -0.023377 -0.023926 0.065200 -0.023688 -0.023688 0.065200 -0.023926 -0.023377 0.065200 -0.024076 -0.023016 0.065200 -0.024127 -0.022627 0.065200 -0.024076 -0.022239 0.065200 -0.023926 -0.021877 0.065200 -0.023688 -0.021567 0.065200 -0.023377 -0.021328 0.065200 -0.023016 -0.021179 0.065200 -0.022627 -0.021127 0.065200 -0.022239 -0.021179 0.065200 -0.021877 -0.021328 0.065200 -0.021567 -0.021567 0.065200 -0.021328 -0.021877 0.065200 -0.021179 -0.022239 0.065200 -0.030500 0.000000 0.065200 -0.030551 -0.000388 0.065200 -0.030701 -0.000750 0.065200 -0.030939 -0.001061 0.065200 -0.031250 -0.001299 0.065200 -0.031612 -0.001449 0.065200 -0.032000 -0.001500 0.065200 -0.032388 -0.001449 0.065200 -0.032750 -0.001299 0.065200 -0.033061 -0.001061 0.065200 -0.033299 -0.000750 0.065200 -0.033449 -0.000388 0.065200 -0.033500 0.000000 0.065200 -0.033449 0.000388 0.065200 -0.033299 0.000750 0.065200 -0.033061 0.001061 0.065200 -0.032750 0.001299 0.065200 -0.032388 0.001449 0.065200 -0.032000 0.001500 0.065200 -0.031612 0.001449 0.065200 -0.031250 0.001299 0.065200 -0.030939 0.001061 0.065200 -0.030701 0.000750 0.065200 -0.030551 0.000388 0.065200 -0.021127 0.022627 0.065200 -0.021179 0.022239 0.065200 -0.021328 0.021877 0.065200 -0.021567 0.021567 0.065200 -0.021877 0.021328 0.065200 -0.022239 0.021179 0.065200 -0.022627 0.021127 0.065200 -0.023016 0.021179 0.065200 -0.023377 0.021328 0.065200 -0.023688 0.021567 0.065200 -0.023926 0.021877 0.065200 -0.024076 0.022239 0.065200 -0.024127 0.022627 0.065200 -0.024076 0.023016 0.065200 -0.023926 0.023377 0.065200 -0.023688 0.023688 0.065200 -0.023377 0.023926 0.065200 -0.023016 0.024076 0.065200 -0.022627 0.024127 0.065200 -0.022239 0.024076 0.065200 -0.021877 0.023926 0.065200 -0.021567 0.023688 0.065200 -0.021328 0.023377 0.065200 -0.021179 0.023016 0.065200 0.001500 0.032000 0.065200 0.001449 0.031612 0.065200 0.001299 0.031250 0.065200 0.001061 0.030939 0.065200 0.000750 0.030701 0.065200 0.000388 0.030551 0.065200 -0.000000 0.030500 0.065200 -0.000388 0.030551 0.065200 -0.000750 0.030701 0.065200 -0.001061 0.030939 0.065200 -0.001299 0.031250 0.065200 -0.001449 0.031612 0.065200 -0.001500 0.032000 0.065200 -0.001449 0.032388 0.065200 -0.001299 0.032750 0.065200 -0.001061 0.033061 0.065200 -0.000750 0.033299 0.065200 -0.000388 0.033449 0.065200 -0.000000 0.033500 0.065200 0.000388 0.033449 0.065200 0.000750 0.033299 0.065200 0.001061 0.033061 0.065200 0.001299 0.032750 0.065200 0.001449 0.032388 0.065200 0.025000 -0.000000 0.065200 0.024927 -0.001914 0.065200 0.024707 -0.003816 0.065200 0.024342 -0.005696 0.065200 0.023835 -0.007543 0.065200 0.023188 -0.009345 0.065200 0.022404 -0.011093 0.065200 0.021489 -0.012775 0.065200 0.020448 -0.014383 0.065200 0.019287 -0.015906 0.065200 0.018013 -0.017336 0.065200 0.016633 -0.018664 0.065200 0.015156 -0.019882 0.065200 0.013589 -0.020984 0.065200 0.011943 -0.021963 0.065200 0.010227 -0.022813 0.065200 0.008450 -0.023529 0.065200 0.006625 -0.024106 0.065200 0.004760 -0.024543 0.065200 0.002867 -0.024835 0.065200 0.000958 -0.024982 0.065200 -0.000958 -0.024982 0.065200 -0.002867 -0.024835 0.065200 -0.004760 -0.024543 0.065200 -0.006625 -0.024106 0.065200 -0.008450 -0.023529 0.065200 -0.010227 -0.022813 0.065200 -0.011943 -0.021963 0.065200 -0.013589 -0.020984 0.065200 -0.015156 -0.019882 0.065200 -0.016633 -0.018664 0.065200 -0.018013 -0.017336 0.065200 -0.019287 -0.015906 0.065200 -0.020448 -0.014383 0.065200 -0.021489 -0.012775 0.065200 -0.022404 -0.011093 0.065200 -0.023188 -0.009345 0.065200 -0.023835 -0.007543 0.065200 -0.024342 -0.005696 0.065200 -0.024707 -0.003816 0.065200 -0.024927 -0.001914 0.065200 -0.025000 0.000000 0.065200 -0.024927 0.001914 0.065200 -0.024707 0.003816 0.065200 -0.024342 0.005696 0.065200 -0.023835 0.007543 0.065200 -0.023188 0.009345 0.065200 -0.022404 0.011093 0.065200 -0.021489 0.012775 0.065200 -0.020448 0.014383 0.065200 -0.019287 0.015906 0.065200 -0.018013 0.017336 0.065200 -0.016633 0.018664 0.065200 -0.015156 0.019882 0.065200 -0.013589 0.020984 0.065200 -0.011943 0.021963 0.065200 -0.010227 0.022813 0.065200 -0.008450 0.023529 0.065200 -0.006625 0.024106 0.065200 -0.004760 0.024543 0.065200 -0.002867 0.024835 0.065200 -0.000958 0.024982 0.065200 0.000958 0.024982 0.065200 0.002867 0.024835 0.065200 0.004760 0.024543 0.065200 0.006625 0.024106 0.065200 0.008450 0.023529 0.065200 0.010227 0.022813 0.065200 0.011943 0.021963 0.065200 0.013589 0.020984 0.065200 0.015156 0.019882 0.065200 0.016633 0.018664 0.065200 0.018013 0.017336 0.065200 0.019287 0.015906 0.065200 0.020448 0.014383 0.065200 0.021489 0.012775 0.065200 0.022404 0.011093 0.065200 0.023188 0.009345 0.065200 0.023835 0.007543 0.065200 0.024342 0.005696 0.065200 0.024707 0.003816 0.065200 0.024927 0.001914 0.000000 -0.026922 0.008269 0.000000 -0.026681 0.008169 0.000000 -0.026422 0.008135 0.000000 -0.026164 0.008169 0.000000 -0.025922 0.008269 0.000000 -0.025715 0.008428 0.000000 -0.025556 0.008635 0.000000 -0.020256 0.017815 0.000000 -0.020156 0.018056 0.000000 -0.020122 0.018315 0.000000 -0.020156 0.018574 0.000000 -0.020256 0.018815 0.000000 -0.020415 0.019022 0.000000 -0.020622 0.019181 0.000000 -0.025472 0.021981 0.000000 -0.025713 0.022081 0.000000 -0.025972 0.022115 0.000000 -0.026231 0.022081 0.000000 -0.026472 0.021981 0.000000 -0.026679 0.021822 0.000000 -0.026838 0.021615 0.000000 -0.032138 0.012435 0.000000 -0.032238 0.012194 0.000000 -0.032272 0.011935 0.000000 -0.032238 0.011676 0.000000 -0.032138 0.011435 0.000000 -0.031979 0.011228 0.000000 -0.031772 0.011069 0.000000 -0.026450 0.005300 0.000000 -0.026484 0.005559 0.000000 -0.026584 0.005800 0.000000 -0.026743 0.006007 0.000000 -0.026950 0.006166 0.000000 -0.027191 0.006266 0.000000 -0.027450 0.006300 0.000000 -0.033050 0.006300 0.000000 -0.033309 0.006266 0.000000 -0.033550 0.006166 0.000000 -0.033757 0.006007 0.000000 -0.033916 0.005800 0.000000 -0.034016 0.005559 0.000000 -0.034050 0.005300 0.000000 -0.034050 -0.005300 0.000000 -0.034016 -0.005559 0.000000 -0.033916 -0.005800 0.000000 -0.033757 -0.006007 0.000000 -0.033550 -0.006166 0.000000 -0.033309 -0.006266 0.000000 -0.033050 -0.006300 0.000000 -0.027450 -0.006300 0.000000 -0.027191 -0.006266 0.000000 -0.026950 -0.006166 0.000000 -0.026743 -0.006007 0.000000 -0.026584 -0.005800 0.000000 -0.026484 -0.005559 0.000000 -0.026450 -0.005300 0.000000 -0.009000 0.000000 0.000000 -0.008929 -0.001128 0.000000 -0.008717 -0.002238 0.000000 -0.008368 -0.003313 0.000000 -0.007887 -0.004336 0.000000 -0.007281 -0.005290 0.000000 -0.006561 -0.006161 0.000000 -0.005737 -0.006935 0.000000 -0.004822 -0.007599 0.000000 -0.003832 -0.008143 0.000000 -0.002781 -0.008560 -0.000000 -0.001686 -0.008841 -0.000000 -0.000565 -0.008982 -0.000000 0.000565 -0.008982 -0.000000 0.001686 -0.008841 -0.000000 0.002781 -0.008560 -0.000000 0.003832 -0.008143 -0.000000 0.004822 -0.007599 -0.000000 0.005737 -0.006935 -0.000000 0.006561 -0.006161 -0.000000 0.007281 -0.005290 -0.000000 0.007887 -0.004336 -0.000000 0.008368 -0.003313 -0.000000 0.008717 -0.002238 -0.000000 0.008929 -0.001128 -0.000000 0.009000 -0.000000 -0.000000 0.008929 0.001128 -0.000000 0.008717 0.002238 -0.000000 0.008368 0.003313 -0.000000 0.007887 0.004336 -0.000000 0.007281 0.005290 -0.000000 0.006561 0.006161 -0.000000 0.005737 0.006935 -0.000000 0.004822 0.007599 -0.000000 0.003832 0.008143 -0.000000 0.002781 0.008560 0.000000 0.001686 0.008841 0.000000 0.000565 0.008982 0.000000 -0.000565 0.008982 0.000000 -0.001686 0.008841 0.000000 -0.002781 0.008560 0.000000 -0.003832 0.008143 0.000000 -0.004822 0.007599 0.000000 -0.005737 0.006935 0.000000 -0.006561 0.006161 0.000000 -0.007281 0.005290 0.000000 -0.007887 0.004336 0.000000 -0.008368 0.003313 0.000000 -0.008717 0.002238 0.000000 -0.008929 0.001128 0.069700 0.025000 -0.000000 0.069700 0.024927 -0.001914 0.069700 0.024707 -0.003816 0.069700 0.024342 -0.005696 0.069700 0.023835 -0.007543 0.069700 0.023188 -0.009345 0.069700 0.022404 -0.011093 0.069700 0.021489 -0.012775 0.069700 0.020448 -0.014383 0.069700 0.019287 -0.015906 0.069700 0.018013 -0.017336 0.069700 0.016633 -0.018664 0.069700 0.015156 -0.019882 0.069700 0.013589 -0.020984 0.069700 0.011943 -0.021963 0.069700 0.010227 -0.022813 0.069700 0.008450 -0.023529 0.069700 0.006625 -0.024106 0.069700 0.004760 -0.024543 0.069700 0.002867 -0.024835 0.069700 0.000958 -0.024982 0.069700 -0.000958 -0.024982 0.069700 -0.002867 -0.024835 0.069700 -0.004760 -0.024543 0.069700 -0.006625 -0.024106 0.069700 -0.008450 -0.023529 0.069700 -0.010227 -0.022813 0.069700 -0.011943 -0.021963 0.069700 -0.013589 -0.020984 0.069700 -0.015156 -0.019882 0.069700 -0.016633 -0.018664 0.069700 -0.018013 -0.017336 0.069700 -0.019287 -0.015906 0.069700 -0.020448 -0.014383 0.069700 -0.021489 -0.012775 0.069700 -0.022404 -0.011093 0.069700 -0.023188 -0.009345 0.069700 -0.023835 -0.007543 0.069700 -0.024342 -0.005696 0.069700 -0.024707 -0.003816 0.069700 -0.024927 -0.001914 0.069700 -0.025000 0.000000 0.069700 -0.024927 0.001914 0.069700 -0.024707 0.003816 0.069700 -0.024342 0.005696 0.069700 -0.023835 0.007543 0.069700 -0.023188 0.009345 0.069700 -0.022404 0.011093 0.069700 -0.021489 0.012775 0.069700 -0.020448 0.014383 0.069700 -0.019287 0.015906 0.069700 -0.018013 0.017336 0.069700 -0.016633 0.018664 0.069700 -0.015156 0.019882 0.069700 -0.013589 0.020984 0.069700 -0.011943 0.021963 0.069700 -0.010227 0.022813 0.069700 -0.008450 0.023529 0.069700 -0.006625 0.024106 0.069700 -0.004760 0.024543 0.069700 -0.002867 0.024835 0.069700 -0.000958 0.024982 0.069700 0.000958 0.024982 0.069700 0.002867 0.024835 0.069700 0.004760 0.024543 0.069700 0.006625 0.024106 0.069700 0.008450 0.023529 0.069700 0.010227 0.022813 0.069700 0.011943 0.021963 0.069700 0.013589 0.020984 0.069700 0.015156 0.019882 0.069700 0.016633 0.018664 0.069700 0.018013 0.017336 0.069700 0.019287 0.015906 0.069700 0.020448 0.014383 0.069700 0.021489 0.012775 0.069700 0.022404 0.011093 0.069700 0.023188 0.009345 0.069700 0.023835 0.007543 0.069700 0.024342 0.005696 0.069700 0.024707 0.003816 0.069700 0.024927 0.001914 0.074700 -0.000000 0.027000 0.074700 0.001971 0.026928 0.074700 0.003931 0.026712 0.074700 0.005871 0.026354 0.074700 0.007779 0.025855 0.074700 0.009645 0.025218 0.074700 0.011460 0.024447 0.074700 0.013214 0.023545 0.074700 0.014898 0.022518 0.074700 0.016502 0.021370 0.074700 0.018018 0.020109 0.074700 0.019437 0.018740 0.074700 0.020753 0.017271 0.074700 0.021959 0.015710 0.074700 0.023047 0.014065 0.074700 0.024012 0.012346 0.074700 0.024849 0.010560 0.074700 0.025554 0.008718 0.074700 0.026122 0.006829 0.074700 0.026551 0.004904 0.074700 0.026838 0.002953 0.074700 0.026982 0.000986 0.074700 0.026982 -0.000986 0.074700 0.026838 -0.002953 0.074700 0.026551 -0.004904 0.074700 0.026122 -0.006829 0.074700 0.025554 -0.008718 0.074700 0.024849 -0.010560 0.074700 0.024012 -0.012346 0.074700 0.023047 -0.014065 0.074700 0.021959 -0.015710 0.074700 0.020753 -0.017271 0.074700 0.019437 -0.018740 0.074700 0.018018 -0.020109 0.074700 0.016502 -0.021370 0.074700 0.014898 -0.022518 0.074700 0.013214 -0.023545 0.074700 0.011460 -0.024447 0.074700 0.009645 -0.025218 0.074700 0.007779 -0.025855 0.074700 0.005871 -0.026354 0.074700 0.003931 -0.026712 0.074700 0.001971 -0.026928 0.074700 0.000000 -0.027000 0.074700 -0.001971 -0.026928 0.074700 -0.003931 -0.026712 0.074700 -0.005871 -0.026354 0.074700 -0.007779 -0.025855 0.074700 -0.009645 -0.025218 0.074700 -0.011460 -0.024447 0.074700 -0.013214 -0.023545 0.074700 -0.014898 -0.022518 0.074700 -0.016502 -0.021370 0.074700 -0.018018 -0.020109 0.074700 -0.019437 -0.018740 0.074700 -0.020753 -0.017271 0.074700 -0.021959 -0.015710 0.074700 -0.023047 -0.014065 0.074700 -0.024012 -0.012346 0.074700 -0.024849 -0.010560 0.074700 -0.025554 -0.008718 0.074700 -0.026122 -0.006829 0.074700 -0.026551 -0.004904 0.074700 -0.026838 -0.002953 0.074700 -0.026982 -0.000986 0.074700 -0.026982 0.000986 0.074700 -0.026838 0.002953 0.074700 -0.026551 0.004904 0.074700 -0.026122 0.006829 0.074700 -0.025554 0.008718 0.074700 -0.024849 0.010560 0.074700 -0.024012 0.012346 0.074700 -0.023047 0.014065 0.074700 -0.021959 0.015710 0.074700 -0.020753 0.017271 0.074700 -0.019437 0.018740 0.074700 -0.018018 0.020109 0.074700 -0.016502 0.021370 0.074700 -0.014898 0.022518 0.074700 -0.013214 0.023545 0.074700 -0.011460 0.024447 0.074700 -0.009645 0.025218 0.074700 -0.007779 0.025855 0.074700 -0.005871 0.026354 0.074700 -0.003931 0.026712 0.074700 -0.001971 0.026928 0.069700 0.027000 -0.000000 0.069700 0.026928 0.001971 0.069700 0.026712 0.003931 0.069700 0.026354 0.005871 0.069700 0.025855 0.007779 0.069700 0.025218 0.009645 0.069700 0.024447 0.011460 0.069700 0.023545 0.013214 0.069700 0.022518 0.014898 0.069700 0.021370 0.016502 0.069700 0.020109 0.018018 0.069700 0.018740 0.019437 0.069700 0.017271 0.020753 0.069700 0.015710 0.021959 0.069700 0.014065 0.023047 0.069700 0.012346 0.024012 0.069700 0.010560 0.024849 0.069700 0.008718 0.025554 0.069700 0.006829 0.026122 0.069700 0.004904 0.026551 0.069700 0.002953 0.026838 0.069700 0.000986 0.026982 0.069700 -0.000986 0.026982 0.069700 -0.002953 0.026838 0.069700 -0.004904 0.026551 0.069700 -0.006829 0.026122 0.069700 -0.008718 0.025554 0.069700 -0.010560 0.024849 0.069700 -0.012346 0.024012 0.069700 -0.014065 0.023047 0.069700 -0.015710 0.021959 0.069700 -0.017271 0.020753 0.069700 -0.018740 0.019437 0.069700 -0.020109 0.018018 0.069700 -0.021370 0.016502 0.069700 -0.022518 0.014898 0.069700 -0.023545 0.013214 0.069700 -0.024447 0.011460 0.069700 -0.025218 0.009645 0.069700 -0.025855 0.007779 0.069700 -0.026354 0.005871 0.069700 -0.026712 0.003931 0.069700 -0.026928 0.001971 0.069700 -0.027000 0.000000 0.069700 -0.026928 -0.001971 0.069700 -0.026712 -0.003931 0.069700 -0.026354 -0.005871 0.069700 -0.025855 -0.007779 0.069700 -0.025218 -0.009645 0.069700 -0.024447 -0.011460 0.069700 -0.023545 -0.013214 0.069700 -0.022518 -0.014898 0.069700 -0.021370 -0.016502 0.069700 -0.020109 -0.018018 0.069700 -0.018740 -0.019437 0.069700 -0.017271 -0.020753 0.069700 -0.015710 -0.021959 0.069700 -0.014065 -0.023047 0.069700 -0.012346 -0.024012 0.069700 -0.010560 -0.024849 0.069700 -0.008718 -0.025554 0.069700 -0.006829 -0.026122 0.069700 -0.004904 -0.026551 0.069700 -0.002953 -0.026838 0.069700 -0.000986 -0.026982 0.069700 0.000986 -0.026982 0.069700 0.002953 -0.026838 0.069700 0.004904 -0.026551 0.069700 0.006829 -0.026122 0.069700 0.008718 -0.025554 0.069700 0.010560 -0.024849 0.069700 0.012346 -0.024012 0.069700 0.014065 -0.023047 0.069700 0.015710 -0.021959 0.069700 0.017271 -0.020753 0.069700 0.018740 -0.019437 0.069700 0.020109 -0.018018 0.069700 0.021370 -0.016502 0.069700 0.022518 -0.014898 0.069700 0.023545 -0.013214 0.069700 0.024447 -0.011460 0.069700 0.025218 -0.009645 0.069700 0.025855 -0.007779 0.069700 0.026354 -0.005871 0.069700 0.026712 -0.003931 0.069700 0.026928 -0.001971 0.075200 -0.000000 0.026500 0.075200 -0.001957 0.026428 0.075200 -0.003903 0.026211 0.075200 -0.005829 0.025851 0.075200 -0.007722 0.025350 0.075200 -0.009573 0.024711 0.075200 -0.011372 0.023936 0.075200 -0.013108 0.023031 0.075200 -0.014773 0.022000 0.075200 -0.016358 0.020849 0.075200 -0.017853 0.019584 0.075200 -0.019250 0.018212 0.075200 -0.020543 0.016740 0.075200 -0.021723 0.015177 0.075200 -0.022785 0.013532 0.075200 -0.023722 0.011812 0.075200 -0.024529 0.010028 0.075200 -0.025203 0.008189 0.075200 -0.025739 0.006305 0.075200 -0.026134 0.004387 0.075200 -0.026387 0.002445 0.075200 -0.026495 0.000490 0.075200 -0.026459 -0.001468 0.075200 -0.026279 -0.003418 0.075200 -0.025954 -0.005350 0.075200 -0.025488 -0.007252 0.075200 -0.024883 -0.009115 0.075200 -0.024142 -0.010927 0.075200 -0.023269 -0.012681 0.075200 -0.022269 -0.014364 0.075200 -0.021147 -0.015970 0.075200 -0.019910 -0.017488 0.075200 -0.018564 -0.018911 0.075200 -0.017117 -0.020230 0.075200 -0.015576 -0.021439 0.075200 -0.013950 -0.022531 0.075200 -0.012248 -0.023500 0.075200 -0.010479 -0.024340 0.075200 -0.008653 -0.025047 0.075200 -0.006780 -0.025618 0.075200 -0.004869 -0.026049 0.075200 -0.002932 -0.026337 0.075200 -0.000979 -0.026482 0.075200 0.000979 -0.026482 0.075200 0.002932 -0.026337 0.075200 0.004869 -0.026049 0.075200 0.006780 -0.025618 0.075200 0.008653 -0.025047 0.075200 0.010479 -0.024340 0.075200 0.012248 -0.023500 0.075200 0.013950 -0.022531 0.075200 0.015576 -0.021439 0.075200 0.017117 -0.020230 0.075200 0.018564 -0.018911 0.075200 0.019910 -0.017488 0.075200 0.021147 -0.015970 0.075200 0.022269 -0.014364 0.075200 0.023269 -0.012681 0.075200 0.024142 -0.010927 0.075200 0.024883 -0.009115 0.075200 0.025488 -0.007252 0.075200 0.025954 -0.005350 0.075200 0.026279 -0.003418 0.075200 0.026459 -0.001468 0.075200 0.026495 0.000490 0.075200 0.026387 0.002445 0.075200 0.026134 0.004387 0.075200 0.025739 0.006305 0.075200 0.025203 0.008189 0.075200 0.024529 0.010028 0.075200 0.023722 0.011812 0.075200 0.022785 0.013532 0.075200 0.021723 0.015177 0.075200 0.020543 0.016740 0.075200 0.019250 0.018212 0.075200 0.017853 0.019584 0.075200 0.016358 0.020849 0.075200 0.014773 0.022000 0.075200 0.013108 0.023031 0.075200 0.011372 0.023936 0.075200 0.009573 0.024711 0.075200 0.007722 0.025350 0.075200 0.005829 0.025851 0.075200 0.003903 0.026211 0.075200 0.001957 0.026428 0.075200 -0.000000 0.009000 0.075200 0.001128 0.008929 0.075200 0.002238 0.008717 0.075200 0.003313 0.008368 0.075200 0.004336 0.007887 0.075200 0.005290 0.007281 0.075200 0.006161 0.006561 0.075200 0.006935 0.005737 0.075200 0.007599 0.004822 0.075200 0.008143 0.003832 0.075200 0.008560 0.002781 0.075200 0.008841 0.001686 0.075200 0.008982 0.000565 0.075200 0.008982 -0.000565 0.075200 0.008841 -0.001686 0.075200 0.008560 -0.002781 0.075200 0.008143 -0.003832 0.075200 0.007599 -0.004822 0.075200 0.006935 -0.005737 0.075200 0.006161 -0.006561 0.075200 0.005290 -0.007281 0.075200 0.004336 -0.007887 0.075200 0.003313 -0.008368 0.075200 0.002238 -0.008717 0.075200 0.001128 -0.008929 0.075200 -0.000000 -0.009000 0.075200 -0.001128 -0.008929 0.075200 -0.002238 -0.008717 0.075200 -0.003313 -0.008368 0.075200 -0.004336 -0.007887 0.075200 -0.005290 -0.007281 0.075200 -0.006161 -0.006561 0.075200 -0.006935 -0.005737 0.075200 -0.007599 -0.004822 0.075200 -0.008143 -0.003832 0.075200 -0.008560 -0.002781 0.075200 -0.008841 -0.001686 0.075200 -0.008982 -0.000565 0.075200 -0.008982 0.000565 0.075200 -0.008841 0.001686 0.075200 -0.008560 0.002781 0.075200 -0.008143 0.003832 0.075200 -0.007599 0.004822 0.075200 -0.006935 0.005737 0.075200 -0.006161 0.006561 0.075200 -0.005290 0.007281 0.075200 -0.004336 0.007887 0.075200 -0.003313 0.008368 0.075200 -0.002238 0.008717 0.075200 -0.001128 0.008929 0.075200 -0.009500 0.019053 0.075200 -0.009551 0.018664 0.075200 -0.009701 0.018303 0.075200 -0.009939 0.017992 0.075200 -0.010250 0.017754 0.075200 -0.010612 0.017604 0.075200 -0.011000 0.017553 0.075200 -0.011388 0.017604 0.075200 -0.011750 0.017754 0.075200 -0.012061 0.017992 0.075200 -0.012299 0.018303 0.075200 -0.012449 0.018664 0.075200 -0.012500 0.019053 0.075200 -0.012449 0.019441 0.075200 -0.012299 0.019803 0.075200 -0.012061 0.020113 0.075200 -0.011750 0.020352 0.075200 -0.011388 0.020501 0.075200 -0.011000 0.020553 0.075200 -0.010612 0.020501 0.075200 -0.010250 0.020352 0.075200 -0.009939 0.020113 0.075200 -0.009701 0.019803 0.075200 -0.009551 0.019441 0.075200 0.012500 0.019053 0.075200 0.012449 0.018664 0.075200 0.012299 0.018303 0.075200 0.012061 0.017992 0.075200 0.011750 0.017754 0.075200 0.011388 0.017604 0.075200 0.011000 0.017553 0.075200 0.010612 0.017604 0.075200 0.010250 0.017754 0.075200 0.009939 0.017992 0.075200 0.009701 0.018303 0.075200 0.009551 0.018664 0.075200 0.009500 0.019053 0.075200 0.009551 0.019441 0.075200 0.009701 0.019803 0.075200 0.009939 0.020113 0.075200 0.010250 0.020352 0.075200 0.010612 0.020501 0.075200 0.011000 0.020553 0.075200 0.011388 0.020501 0.075200 0.011750 0.020352 0.075200 0.012061 0.020113 0.075200 0.012299 0.019803 0.075200 0.012449 0.019441 0.075200 0.020553 0.011000 0.075200 0.020501 0.010612 0.075200 0.020352 0.010250 0.075200 0.020113 0.009939 0.075200 0.019803 0.009701 0.075200 0.019441 0.009551 0.075200 0.019053 0.009500 0.075200 0.018664 0.009551 0.075200 0.018303 0.009701 0.075200 0.017992 0.009939 0.075200 0.017754 0.010250 0.075200 0.017604 0.010612 0.075200 0.017553 0.011000 0.075200 0.017604 0.011388 0.075200 0.017754 0.011750 0.075200 0.017992 0.012061 0.075200 0.018303 0.012299 0.075200 0.018664 0.012449 0.075200 0.019053 0.012500 0.075200 0.019441 0.012449 0.075200 0.019803 0.012299 0.075200 0.020113 0.012061 0.075200 0.020352 0.011750 0.075200 0.020501 0.011388 0.075200 0.020553 -0.011000 0.075200 0.020501 -0.011388 0.075200 0.020352 -0.011750 0.075200 0.020113 -0.012061 0.075200 0.019803 -0.012299 0.075200 0.019441 -0.012449 0.075200 0.019053 -0.012500 0.075200 0.018664 -0.012449 0.075200 0.018303 -0.012299 0.075200 0.017992 -0.012061 0.075200 0.017754 -0.011750 0.075200 0.017604 -0.011388 0.075200 0.017553 -0.011000 0.075200 0.017604 -0.010612 0.075200 0.017754 -0.010250 0.075200 0.017992 -0.009939 0.075200 0.018303 -0.009701 0.075200 0.018664 -0.009551 0.075200 0.019053 -0.009500 0.075200 0.019441 -0.009551 0.075200 0.019803 -0.009701 0.075200 0.020113 -0.009939 0.075200 0.020352 -0.010250 0.075200 0.020501 -0.010612 0.075200 0.012500 -0.019053 0.075200 0.012449 -0.019441 0.075200 0.012299 -0.019803 0.075200 0.012061 -0.020113 0.075200 0.011750 -0.020352 0.075200 0.011388 -0.020501 0.075200 0.011000 -0.020553 0.075200 0.010612 -0.020501 0.075200 0.010250 -0.020352 0.075200 0.009939 -0.020113 0.075200 0.009701 -0.019803 0.075200 0.009551 -0.019441 0.075200 0.009500 -0.019053 0.075200 0.009551 -0.018664 0.075200 0.009701 -0.018303 0.075200 0.009939 -0.017992 0.075200 0.010250 -0.017754 0.075200 0.010612 -0.017604 0.075200 0.011000 -0.017553 0.075200 0.011388 -0.017604 0.075200 0.011750 -0.017754 0.075200 0.012061 -0.017992 0.075200 0.012299 -0.018303 0.075200 0.012449 -0.018664 0.075200 -0.009500 -0.019053 0.075200 -0.009551 -0.019441 0.075200 -0.009701 -0.019803 0.075200 -0.009939 -0.020113 0.075200 -0.010250 -0.020352 0.075200 -0.010612 -0.020501 0.075200 -0.011000 -0.020553 0.075200 -0.011388 -0.020501 0.075200 -0.011750 -0.020352 0.075200 -0.012061 -0.020113 0.075200 -0.012299 -0.019803 0.075200 -0.012449 -0.019441 0.075200 -0.012500 -0.019053 0.075200 -0.012449 -0.018664 0.075200 -0.012299 -0.018303 0.075200 -0.012061 -0.017992 0.075200 -0.011750 -0.017754 0.075200 -0.011388 -0.017604 0.075200 -0.011000 -0.017553 0.075200 -0.010612 -0.017604 0.075200 -0.010250 -0.017754 0.075200 -0.009939 -0.017992 0.075200 -0.009701 -0.018303 0.075200 -0.009551 -0.018664 0.075200 -0.017553 -0.011000 0.075200 -0.017604 -0.011388 0.075200 -0.017754 -0.011750 0.075200 -0.017992 -0.012061 0.075200 -0.018303 -0.012299 0.075200 -0.018664 -0.012449 0.075200 -0.019053 -0.012500 0.075200 -0.019441 -0.012449 0.075200 -0.019803 -0.012299 0.075200 -0.020113 -0.012061 0.075200 -0.020352 -0.011750 0.075200 -0.020501 -0.011388 0.075200 -0.020553 -0.011000 0.075200 -0.020501 -0.010612 0.075200 -0.020352 -0.010250 0.075200 -0.020113 -0.009939 0.075200 -0.019803 -0.009701 0.075200 -0.019441 -0.009551 0.075200 -0.019053 -0.009500 0.075200 -0.018664 -0.009551 0.075200 -0.018303 -0.009701 0.075200 -0.017992 -0.009939 0.075200 -0.017754 -0.010250 0.075200 -0.017604 -0.010612 0.075200 -0.017553 0.011000 0.075200 -0.017604 0.010612 0.075200 -0.017754 0.010250 0.075200 -0.017992 0.009939 0.075200 -0.018303 0.009701 0.075200 -0.018664 0.009551 0.075200 -0.019053 0.009500 0.075200 -0.019441 0.009551 0.075200 -0.019803 0.009701 0.075200 -0.020113 0.009939 0.075200 -0.020352 0.010250 0.075200 -0.020501 0.010612 0.075200 -0.020553 0.011000 0.075200 -0.020501 0.011388 0.075200 -0.020352 0.011750 0.075200 -0.020113 0.012061 0.075200 -0.019803 0.012299 0.075200 -0.019441 0.012449 0.075200 -0.019053 0.012500 0.075200 -0.018664 0.012449 0.075200 -0.018303 0.012299 0.075200 -0.017992 0.012061 0.075200 -0.017754 0.011750 0.075200 -0.017604 0.011388 0.055200 0.001500 0.032000 0.055200 0.001449 0.032388 0.055200 0.001299 0.032750 0.055200 0.001061 0.033061 0.055200 0.000750 0.033299 0.055200 0.000388 0.033449 0.055200 -0.000000 0.033500 0.055200 -0.000388 0.033449 0.055200 -0.000750 0.033299 0.055200 -0.001061 0.033061 0.055200 -0.001299 0.032750 0.055200 -0.001449 0.032388 0.055200 -0.001500 0.032000 0.055200 -0.001449 0.031612 0.055200 -0.001299 0.031250 0.055200 -0.001061 0.030939 0.055200 -0.000750 0.030701 0.055200 -0.000388 0.030551 0.055200 -0.000000 0.030500 0.055200 0.000388 0.030551 0.055200 0.000750 0.030701 0.055200 0.001061 0.030939 0.055200 0.001299 0.031250 0.055200 0.001449 0.031612 0.060200 -0.001500 0.032000 0.060200 0.001449 0.031612 0.060200 0.001500 0.032000 0.060200 0.001299 0.031250 0.060200 0.001061 0.030939 0.060200 0.000750 0.030701 0.060200 0.000388 0.030551 0.060200 -0.000000 0.030500 0.060200 -0.000388 0.030551 0.060200 -0.000750 0.030701 0.060200 -0.001061 0.030939 0.060200 -0.001299 0.031250 0.060200 -0.001449 0.031612 0.060200 -0.001449 0.032388 0.060200 -0.001299 0.032750 0.060200 -0.001061 0.033061 0.060200 -0.000750 0.033299 0.060200 -0.000388 0.033449 0.060200 -0.000000 0.033500 0.060200 0.000388 0.033449 0.060200 0.000750 0.033299 0.060200 0.001061 0.033061 0.060200 0.001299 0.032750 0.060200 0.001449 0.032388 0.055200 -0.021127 0.022627 0.055200 -0.021179 0.023016 0.055200 -0.021328 0.023377 0.055200 -0.021567 0.023688 0.055200 -0.021877 0.023926 0.055200 -0.022239 0.024076 0.055200 -0.022627 0.024127 0.055200 -0.023016 0.024076 0.055200 -0.023377 0.023926 0.055200 -0.023688 0.023688 0.055200 -0.023926 0.023377 0.055200 -0.024076 0.023016 0.055200 -0.024127 0.022627 0.055200 -0.024076 0.022239 0.055200 -0.023926 0.021877 0.055200 -0.023688 0.021567 0.055200 -0.023377 0.021328 0.055200 -0.023016 0.021179 0.055200 -0.022627 0.021127 0.055200 -0.022239 0.021179 0.055200 -0.021877 0.021328 0.055200 -0.021567 0.021567 0.055200 -0.021328 0.021877 0.055200 -0.021179 0.022239 0.060200 -0.024127 0.022627 0.060200 -0.021179 0.022239 0.060200 -0.021127 0.022627 0.060200 -0.021328 0.021877 0.060200 -0.021567 0.021567 0.060200 -0.021877 0.021328 0.060200 -0.022239 0.021179 0.060200 -0.022627 0.021127 0.060200 -0.023016 0.021179 0.060200 -0.023377 0.021328 0.060200 -0.023688 0.021567 0.060200 -0.023926 0.021877 0.060200 -0.024076 0.022239 0.060200 -0.024076 0.023016 0.060200 -0.023926 0.023377 0.060200 -0.023688 0.023688 0.060200 -0.023377 0.023926 0.060200 -0.023016 0.024076 0.060200 -0.022627 0.024127 0.060200 -0.022239 0.024076 0.060200 -0.021877 0.023926 0.060200 -0.021567 0.023688 0.060200 -0.021328 0.023377 0.060200 -0.021179 0.023016 0.055200 -0.030500 0.000000 0.055200 -0.030551 0.000388 0.055200 -0.030701 0.000750 0.055200 -0.030939 0.001061 0.055200 -0.031250 0.001299 0.055200 -0.031612 0.001449 0.055200 -0.032000 0.001500 0.055200 -0.032388 0.001449 0.055200 -0.032750 0.001299 0.055200 -0.033061 0.001061 0.055200 -0.033299 0.000750 0.055200 -0.033449 0.000388 0.055200 -0.033500 0.000000 0.055200 -0.033449 -0.000388 0.055200 -0.033299 -0.000750 0.055200 -0.033061 -0.001061 0.055200 -0.032750 -0.001299 0.055200 -0.032388 -0.001449 0.055200 -0.032000 -0.001500 0.055200 -0.031612 -0.001449 0.055200 -0.031250 -0.001299 0.055200 -0.030939 -0.001061 0.055200 -0.030701 -0.000750 0.055200 -0.030551 -0.000388 0.060200 -0.033500 0.000000 0.060200 -0.030551 -0.000388 0.060200 -0.030500 0.000000 0.060200 -0.030701 -0.000750 0.060200 -0.030939 -0.001061 0.060200 -0.031250 -0.001299 0.060200 -0.031612 -0.001449 0.060200 -0.032000 -0.001500 0.060200 -0.032388 -0.001449 0.060200 -0.032750 -0.001299 0.060200 -0.033061 -0.001061 0.060200 -0.033299 -0.000750 0.060200 -0.033449 -0.000388 0.060200 -0.033449 0.000388 0.060200 -0.033299 0.000750 0.060200 -0.033061 0.001061 0.060200 -0.032750 0.001299 0.060200 -0.032388 0.001449 0.060200 -0.032000 0.001500 0.060200 -0.031612 0.001449 0.060200 -0.031250 0.001299 0.060200 -0.030939 0.001061 0.060200 -0.030701 0.000750 0.060200 -0.030551 0.000388 0.055200 -0.021127 -0.022627 0.055200 -0.021179 -0.022239 0.055200 -0.021328 -0.021877 0.055200 -0.021567 -0.021567 0.055200 -0.021877 -0.021328 0.055200 -0.022239 -0.021179 0.055200 -0.022627 -0.021127 0.055200 -0.023016 -0.021179 0.055200 -0.023377 -0.021328 0.055200 -0.023688 -0.021567 0.055200 -0.023926 -0.021877 0.055200 -0.024076 -0.022239 0.055200 -0.024127 -0.022627 0.055200 -0.024076 -0.023016 0.055200 -0.023926 -0.023377 0.055200 -0.023688 -0.023688 0.055200 -0.023377 -0.023926 0.055200 -0.023016 -0.024076 0.055200 -0.022627 -0.024127 0.055200 -0.022239 -0.024076 0.055200 -0.021877 -0.023926 0.055200 -0.021567 -0.023688 0.055200 -0.021328 -0.023377 0.055200 -0.021179 -0.023016 0.060200 -0.024127 -0.022627 0.060200 -0.021179 -0.023016 0.060200 -0.021127 -0.022627 0.060200 -0.021328 -0.023377 0.060200 -0.021567 -0.023688 0.060200 -0.021877 -0.023926 0.060200 -0.022239 -0.024076 0.060200 -0.022627 -0.024127 0.060200 -0.023016 -0.024076 0.060200 -0.023377 -0.023926 0.060200 -0.023688 -0.023688 0.060200 -0.023926 -0.023377 0.060200 -0.024076 -0.023016 0.060200 -0.024076 -0.022239 0.060200 -0.023926 -0.021877 0.060200 -0.023688 -0.021567 0.060200 -0.023377 -0.021328 0.060200 -0.023016 -0.021179 0.060200 -0.022627 -0.021127 0.060200 -0.022239 -0.021179 0.060200 -0.021877 -0.021328 0.060200 -0.021567 -0.021567 0.060200 -0.021328 -0.021877 0.060200 -0.021179 -0.022239 0.055200 0.001500 -0.032000 0.055200 0.001449 -0.031612 0.055200 0.001299 -0.031250 0.055200 0.001061 -0.030939 0.055200 0.000750 -0.030701 0.055200 0.000388 -0.030551 0.055200 0.000000 -0.030500 0.055200 -0.000388 -0.030551 0.055200 -0.000750 -0.030701 0.055200 -0.001061 -0.030939 0.055200 -0.001299 -0.031250 0.055200 -0.001449 -0.031612 0.055200 -0.001500 -0.032000 0.055200 -0.001449 -0.032388 0.055200 -0.001299 -0.032750 0.055200 -0.001061 -0.033061 0.055200 -0.000750 -0.033299 0.055200 -0.000388 -0.033449 0.055200 0.000000 -0.033500 0.055200 0.000388 -0.033449 0.055200 0.000750 -0.033299 0.055200 0.001061 -0.033061 0.055200 0.001299 -0.032750 0.055200 0.001449 -0.032388 0.060200 -0.001500 -0.032000 0.060200 0.001449 -0.032388 0.060200 0.001500 -0.032000 0.060200 0.001299 -0.032750 0.060200 0.001061 -0.033061 0.060200 0.000750 -0.033299 0.060200 0.000388 -0.033449 0.060200 0.000000 -0.033500 0.060200 -0.000388 -0.033449 0.060200 -0.000750 -0.033299 0.060200 -0.001061 -0.033061 0.060200 -0.001299 -0.032750 0.060200 -0.001449 -0.032388 0.060200 -0.001449 -0.031612 0.060200 -0.001299 -0.031250 0.060200 -0.001061 -0.030939 0.060200 -0.000750 -0.030701 0.060200 -0.000388 -0.030551 0.060200 0.000000 -0.030500 0.060200 0.000388 -0.030551 0.060200 0.000750 -0.030701 0.060200 0.001061 -0.030939 0.060200 0.001299 -0.031250 0.060200 0.001449 -0.031612 0.055200 0.024127 -0.022627 0.055200 0.024076 -0.022239 0.055200 0.023926 -0.021877 0.055200 0.023688 -0.021567 0.055200 0.023377 -0.021328 0.055200 0.023016 -0.021179 0.055200 0.022627 -0.021127 0.055200 0.022239 -0.021179 0.055200 0.021877 -0.021328 0.055200 0.021567 -0.021567 0.055200 0.021328 -0.021877 0.055200 0.021179 -0.022239 0.055200 0.021127 -0.022627 0.055200 0.021179 -0.023016 0.055200 0.021328 -0.023377 0.055200 0.021567 -0.023688 0.055200 0.021877 -0.023926 0.055200 0.022239 -0.024076 0.055200 0.022627 -0.024127 0.055200 0.023016 -0.024076 0.055200 0.023377 -0.023926 0.055200 0.023688 -0.023688 0.055200 0.023926 -0.023377 0.055200 0.024076 -0.023016 0.060200 0.021127 -0.022627 0.060200 0.024076 -0.023016 0.060200 0.024127 -0.022627 0.060200 0.023926 -0.023377 0.060200 0.023688 -0.023688 0.060200 0.023377 -0.023926 0.060200 0.023016 -0.024076 0.060200 0.022627 -0.024127 0.060200 0.022239 -0.024076 0.060200 0.021877 -0.023926 0.060200 0.021567 -0.023688 0.060200 0.021328 -0.023377 0.060200 0.021179 -0.023016 0.060200 0.021179 -0.022239 0.060200 0.021328 -0.021877 0.060200 0.021567 -0.021567 0.060200 0.021877 -0.021328 0.060200 0.022239 -0.021179 0.060200 0.022627 -0.021127 0.060200 0.023016 -0.021179 0.060200 0.023377 -0.021328 0.060200 0.023688 -0.021567 0.060200 0.023926 -0.021877 0.060200 0.024076 -0.022239 0.055200 0.033500 -0.000000 0.055200 0.033449 0.000388 0.055200 0.033299 0.000750 0.055200 0.033061 0.001061 0.055200 0.032750 0.001299 0.055200 0.032388 0.001449 0.055200 0.032000 0.001500 0.055200 0.031612 0.001449 0.055200 0.031250 0.001299 0.055200 0.030939 0.001061 0.055200 0.030701 0.000750 0.055200 0.030551 0.000388 0.055200 0.030500 -0.000000 0.055200 0.030551 -0.000388 0.055200 0.030701 -0.000750 0.055200 0.030939 -0.001061 0.055200 0.031250 -0.001299 0.055200 0.031612 -0.001449 0.055200 0.032000 -0.001500 0.055200 0.032388 -0.001449 0.055200 0.032750 -0.001299 0.055200 0.033061 -0.001061 0.055200 0.033299 -0.000750 0.055200 0.033449 -0.000388 0.060200 0.030500 -0.000000 0.060200 0.033449 -0.000388 0.060200 0.033500 -0.000000 0.060200 0.033299 -0.000750 0.060200 0.033061 -0.001061 0.060200 0.032750 -0.001299 0.060200 0.032388 -0.001449 0.060200 0.032000 -0.001500 0.060200 0.031612 -0.001449 0.060200 0.031250 -0.001299 0.060200 0.030939 -0.001061 0.060200 0.030701 -0.000750 0.060200 0.030551 -0.000388 0.060200 0.030551 0.000388 0.060200 0.030701 0.000750 0.060200 0.030939 0.001061 0.060200 0.031250 0.001299 0.060200 0.031612 0.001449 0.060200 0.032000 0.001500 0.060200 0.032388 0.001449 0.060200 0.032750 0.001299 0.060200 0.033061 0.001061 0.060200 0.033299 0.000750 0.060200 0.033449 0.000388 0.055200 0.024127 0.022627 0.055200 0.024076 0.023016 0.055200 0.023926 0.023377 0.055200 0.023688 0.023688 0.055200 0.023377 0.023926 0.055200 0.023016 0.024076 0.055200 0.022627 0.024127 0.055200 0.022239 0.024076 0.055200 0.021877 0.023926 0.055200 0.021567 0.023688 0.055200 0.021328 0.023377 0.055200 0.021179 0.023016 0.055200 0.021127 0.022627 0.055200 0.021179 0.022239 0.055200 0.021328 0.021877 0.055200 0.021567 0.021567 0.055200 0.021877 0.021328 0.055200 0.022239 0.021179 0.055200 0.022627 0.021127 0.055200 0.023016 0.021179 0.055200 0.023377 0.021328 0.055200 0.023688 0.021567 0.055200 0.023926 0.021877 0.055200 0.024076 0.022239 0.060200 0.021127 0.022627 0.060200 0.024076 0.022239 0.060200 0.024127 0.022627 0.060200 0.023926 0.021877 0.060200 0.023688 0.021567 0.060200 0.023377 0.021328 0.060200 0.023016 0.021179 0.060200 0.022627 0.021127 0.060200 0.022239 0.021179 0.060200 0.021877 0.021328 0.060200 0.021567 0.021567 0.060200 0.021328 0.021877 0.060200 0.021179 0.022239 0.060200 0.021179 0.023016 0.060200 0.021328 0.023377 0.060200 0.021567 0.023688 0.060200 0.021877 0.023926 0.060200 0.022239 0.024076 0.060200 0.022627 0.024127 0.060200 0.023016 0.024076 0.060200 0.023377 0.023926 0.060200 0.023688 0.023688 0.060200 0.023926 0.023377 0.060200 0.024076 0.023016 0.058700 -0.017553 0.011000 0.058700 -0.017604 0.011388 0.058700 -0.017754 0.011750 0.058700 -0.017992 0.012061 0.058700 -0.018303 0.012299 0.058700 -0.018664 0.012449 0.058700 -0.019053 0.012500 0.058700 -0.019441 0.012449 0.058700 -0.019803 0.012299 0.058700 -0.020113 0.012061 0.058700 -0.020352 0.011750 0.058700 -0.020501 0.011388 0.058700 -0.020553 0.011000 0.058700 -0.020501 0.010612 0.058700 -0.020352 0.010250 0.058700 -0.020113 0.009939 0.058700 -0.019803 0.009701 0.058700 -0.019441 0.009551 0.058700 -0.019053 0.009500 0.058700 -0.018664 0.009551 0.058700 -0.018303 0.009701 0.058700 -0.017992 0.009939 0.058700 -0.017754 0.010250 0.058700 -0.017604 0.010612 0.066950 -0.019053 0.012500 0.066950 -0.017604 0.010612 0.066950 -0.017553 0.011000 0.066950 -0.017754 0.010250 0.066950 -0.017992 0.009939 0.066950 -0.018303 0.009701 0.066950 -0.018664 0.009551 0.066950 -0.019053 0.009500 0.066950 -0.019441 0.009551 0.066950 -0.019803 0.009701 0.066950 -0.020113 0.009939 0.066950 -0.020352 0.010250 0.066950 -0.020501 0.010612 0.066950 -0.020553 0.011000 0.066950 -0.020501 0.011388 0.066950 -0.020352 0.011750 0.066950 -0.020113 0.012061 0.066950 -0.019803 0.012299 0.066950 -0.019441 0.012449 0.066950 -0.018664 0.012449 0.066950 -0.018303 0.012299 0.066950 -0.017992 0.012061 0.066950 -0.017754 0.011750 0.066950 -0.017604 0.011388 0.058700 -0.017553 -0.011000 0.058700 -0.017604 -0.010612 0.058700 -0.017754 -0.010250 0.058700 -0.017992 -0.009939 0.058700 -0.018303 -0.009701 0.058700 -0.018664 -0.009551 0.058700 -0.019053 -0.009500 0.058700 -0.019441 -0.009551 0.058700 -0.019803 -0.009701 0.058700 -0.020113 -0.009939 0.058700 -0.020352 -0.010250 0.058700 -0.020501 -0.010612 0.058700 -0.020553 -0.011000 0.058700 -0.020501 -0.011388 0.058700 -0.020352 -0.011750 0.058700 -0.020113 -0.012061 0.058700 -0.019803 -0.012299 0.058700 -0.019441 -0.012449 0.058700 -0.019053 -0.012500 0.058700 -0.018664 -0.012449 0.058700 -0.018303 -0.012299 0.058700 -0.017992 -0.012061 0.058700 -0.017754 -0.011750 0.058700 -0.017604 -0.011388 0.066950 -0.019053 -0.009500 0.066950 -0.017604 -0.011388 0.066950 -0.017553 -0.011000 0.066950 -0.017754 -0.011750 0.066950 -0.017992 -0.012061 0.066950 -0.018303 -0.012299 0.066950 -0.018664 -0.012449 0.066950 -0.019053 -0.012500 0.066950 -0.019441 -0.012449 0.066950 -0.019803 -0.012299 0.066950 -0.020113 -0.012061 0.066950 -0.020352 -0.011750 0.066950 -0.020501 -0.011388 0.066950 -0.020553 -0.011000 0.066950 -0.020501 -0.010612 0.066950 -0.020352 -0.010250 0.066950 -0.020113 -0.009939 0.066950 -0.019803 -0.009701 0.066950 -0.019441 -0.009551 0.066950 -0.018664 -0.009551 0.066950 -0.018303 -0.009701 0.066950 -0.017992 -0.009939 0.066950 -0.017754 -0.010250 0.066950 -0.017604 -0.010612 0.058700 -0.009500 -0.019053 0.058700 -0.009551 -0.018664 0.058700 -0.009701 -0.018303 0.058700 -0.009939 -0.017992 0.058700 -0.010250 -0.017754 0.058700 -0.010612 -0.017604 0.058700 -0.011000 -0.017553 0.058700 -0.011388 -0.017604 0.058700 -0.011750 -0.017754 0.058700 -0.012061 -0.017992 0.058700 -0.012299 -0.018303 0.058700 -0.012449 -0.018664 0.058700 -0.012500 -0.019053 0.058700 -0.012449 -0.019441 0.058700 -0.012299 -0.019803 0.058700 -0.012061 -0.020113 0.058700 -0.011750 -0.020352 0.058700 -0.011388 -0.020501 0.058700 -0.011000 -0.020553 0.058700 -0.010612 -0.020501 0.058700 -0.010250 -0.020352 0.058700 -0.009939 -0.020113 0.058700 -0.009701 -0.019803 0.058700 -0.009551 -0.019441 0.066950 -0.011000 -0.017553 0.066950 -0.009551 -0.019441 0.066950 -0.009500 -0.019053 0.066950 -0.009701 -0.019803 0.066950 -0.009939 -0.020113 0.066950 -0.010250 -0.020352 0.066950 -0.010612 -0.020501 0.066950 -0.011000 -0.020553 0.066950 -0.011388 -0.020501 0.066950 -0.011750 -0.020352 0.066950 -0.012061 -0.020113 0.066950 -0.012299 -0.019803 0.066950 -0.012449 -0.019441 0.066950 -0.012500 -0.019053 0.066950 -0.012449 -0.018664 0.066950 -0.012299 -0.018303 0.066950 -0.012061 -0.017992 0.066950 -0.011750 -0.017754 0.066950 -0.011388 -0.017604 0.066950 -0.010612 -0.017604 0.066950 -0.010250 -0.017754 0.066950 -0.009939 -0.017992 0.066950 -0.009701 -0.018303 0.066950 -0.009551 -0.018664 0.058700 0.012500 -0.019053 0.058700 0.012449 -0.018664 0.058700 0.012299 -0.018303 0.058700 0.012061 -0.017992 0.058700 0.011750 -0.017754 0.058700 0.011388 -0.017604 0.058700 0.011000 -0.017553 0.058700 0.010612 -0.017604 0.058700 0.010250 -0.017754 0.058700 0.009939 -0.017992 0.058700 0.009701 -0.018303 0.058700 0.009551 -0.018664 0.058700 0.009500 -0.019053 0.058700 0.009551 -0.019441 0.058700 0.009701 -0.019803 0.058700 0.009939 -0.020113 0.058700 0.010250 -0.020352 0.058700 0.010612 -0.020501 0.058700 0.011000 -0.020553 0.058700 0.011388 -0.020501 0.058700 0.011750 -0.020352 0.058700 0.012061 -0.020113 0.058700 0.012299 -0.019803 0.058700 0.012449 -0.019441 0.066950 0.011000 -0.017553 0.066950 0.012449 -0.019441 0.066950 0.012500 -0.019053 0.066950 0.012299 -0.019803 0.066950 0.012061 -0.020113 0.066950 0.011750 -0.020352 0.066950 0.011388 -0.020501 0.066950 0.011000 -0.020553 0.066950 0.010612 -0.020501 0.066950 0.010250 -0.020352 0.066950 0.009939 -0.020113 0.066950 0.009701 -0.019803 0.066950 0.009551 -0.019441 0.066950 0.009500 -0.019053 0.066950 0.009551 -0.018664 0.066950 0.009701 -0.018303 0.066950 0.009939 -0.017992 0.066950 0.010250 -0.017754 0.066950 0.010612 -0.017604 0.066950 0.011388 -0.017604 0.066950 0.011750 -0.017754 0.066950 0.012061 -0.017992 0.066950 0.012299 -0.018303 0.066950 0.012449 -0.018664 0.058700 0.020553 -0.011000 0.058700 0.020501 -0.010612 0.058700 0.020352 -0.010250 0.058700 0.020113 -0.009939 0.058700 0.019803 -0.009701 0.058700 0.019441 -0.009551 0.058700 0.019053 -0.009500 0.058700 0.018664 -0.009551 0.058700 0.018303 -0.009701 0.058700 0.017992 -0.009939 0.058700 0.017754 -0.010250 0.058700 0.017604 -0.010612 0.058700 0.017553 -0.011000 0.058700 0.017604 -0.011388 0.058700 0.017754 -0.011750 0.058700 0.017992 -0.012061 0.058700 0.018303 -0.012299 0.058700 0.018664 -0.012449 0.058700 0.019053 -0.012500 0.058700 0.019441 -0.012449 0.058700 0.019803 -0.012299 0.058700 0.020113 -0.012061 0.058700 0.020352 -0.011750 0.058700 0.020501 -0.011388 0.066950 0.019053 -0.009500 0.066950 0.020501 -0.011388 0.066950 0.020553 -0.011000 0.066950 0.020352 -0.011750 0.066950 0.020113 -0.012061 0.066950 0.019803 -0.012299 0.066950 0.019441 -0.012449 0.066950 0.019053 -0.012500 0.066950 0.018664 -0.012449 0.066950 0.018303 -0.012299 0.066950 0.017992 -0.012061 0.066950 0.017754 -0.011750 0.066950 0.017604 -0.011388 0.066950 0.017553 -0.011000 0.066950 0.017604 -0.010612 0.066950 0.017754 -0.010250 0.066950 0.017992 -0.009939 0.066950 0.018303 -0.009701 0.066950 0.018664 -0.009551 0.066950 0.019441 -0.009551 0.066950 0.019803 -0.009701 0.066950 0.020113 -0.009939 0.066950 0.020352 -0.010250 0.066950 0.020501 -0.010612 0.058700 0.020553 0.011000 0.058700 0.020501 0.011388 0.058700 0.020352 0.011750 0.058700 0.020113 0.012061 0.058700 0.019803 0.012299 0.058700 0.019441 0.012449 0.058700 0.019053 0.012500 0.058700 0.018664 0.012449 0.058700 0.018303 0.012299 0.058700 0.017992 0.012061 0.058700 0.017754 0.011750 0.058700 0.017604 0.011388 0.058700 0.017553 0.011000 0.058700 0.017604 0.010612 0.058700 0.017754 0.010250 0.058700 0.017992 0.009939 0.058700 0.018303 0.009701 0.058700 0.018664 0.009551 0.058700 0.019053 0.009500 0.058700 0.019441 0.009551 0.058700 0.019803 0.009701 0.058700 0.020113 0.009939 0.058700 0.020352 0.010250 0.058700 0.020501 0.010612 0.066950 0.019053 0.012500 0.066950 0.020501 0.010612 0.066950 0.020553 0.011000 0.066950 0.020352 0.010250 0.066950 0.020113 0.009939 0.066950 0.019803 0.009701 0.066950 0.019441 0.009551 0.066950 0.019053 0.009500 0.066950 0.018664 0.009551 0.066950 0.018303 0.009701 0.066950 0.017992 0.009939 0.066950 0.017754 0.010250 0.066950 0.017604 0.010612 0.066950 0.017553 0.011000 0.066950 0.017604 0.011388 0.066950 0.017754 0.011750 0.066950 0.017992 0.012061 0.066950 0.018303 0.012299 0.066950 0.018664 0.012449 0.066950 0.019441 0.012449 0.066950 0.019803 0.012299 0.066950 0.020113 0.012061 0.066950 0.020352 0.011750 0.066950 0.020501 0.011388 0.058700 0.012500 0.019053 0.058700 0.012449 0.019441 0.058700 0.012299 0.019803 0.058700 0.012061 0.020113 0.058700 0.011750 0.020352 0.058700 0.011388 0.020501 0.058700 0.011000 0.020553 0.058700 0.010612 0.020501 0.058700 0.010250 0.020352 0.058700 0.009939 0.020113 0.058700 0.009701 0.019803 0.058700 0.009551 0.019441 0.058700 0.009500 0.019053 0.058700 0.009551 0.018664 0.058700 0.009701 0.018303 0.058700 0.009939 0.017992 0.058700 0.010250 0.017754 0.058700 0.010612 0.017604 0.058700 0.011000 0.017553 0.058700 0.011388 0.017604 0.058700 0.011750 0.017754 0.058700 0.012061 0.017992 0.058700 0.012299 0.018303 0.058700 0.012449 0.018664 0.066950 0.011000 0.020553 0.066950 0.012449 0.018664 0.066950 0.012500 0.019053 0.066950 0.012299 0.018303 0.066950 0.012061 0.017992 0.066950 0.011750 0.017754 0.066950 0.011388 0.017604 0.066950 0.011000 0.017553 0.066950 0.010612 0.017604 0.066950 0.010250 0.017754 0.066950 0.009939 0.017992 0.066950 0.009701 0.018303 0.066950 0.009551 0.018664 0.066950 0.009500 0.019053 0.066950 0.009551 0.019441 0.066950 0.009701 0.019803 0.066950 0.009939 0.020113 0.066950 0.010250 0.020352 0.066950 0.010612 0.020501 0.066950 0.011388 0.020501 0.066950 0.011750 0.020352 0.066950 0.012061 0.020113 0.066950 0.012299 0.019803 0.066950 0.012449 0.019441 0.058700 -0.009500 0.019053 0.058700 -0.009551 0.019441 0.058700 -0.009701 0.019803 0.058700 -0.009939 0.020113 0.058700 -0.010250 0.020352 0.058700 -0.010612 0.020501 0.058700 -0.011000 0.020553 0.058700 -0.011388 0.020501 0.058700 -0.011750 0.020352 0.058700 -0.012061 0.020113 0.058700 -0.012299 0.019803 0.058700 -0.012449 0.019441 0.058700 -0.012500 0.019053 0.058700 -0.012449 0.018664 0.058700 -0.012299 0.018303 0.058700 -0.012061 0.017992 0.058700 -0.011750 0.017754 0.058700 -0.011388 0.017604 0.058700 -0.011000 0.017553 0.058700 -0.010612 0.017604 0.058700 -0.010250 0.017754 0.058700 -0.009939 0.017992 0.058700 -0.009701 0.018303 0.058700 -0.009551 0.018664 0.066950 -0.011000 0.020553 0.066950 -0.009551 0.018664 0.066950 -0.009500 0.019053 0.066950 -0.009701 0.018303 0.066950 -0.009939 0.017992 0.066950 -0.010250 0.017754 0.066950 -0.010612 0.017604 0.066950 -0.011000 0.017553 0.066950 -0.011388 0.017604 0.066950 -0.011750 0.017754 0.066950 -0.012061 0.017992 0.066950 -0.012299 0.018303 0.066950 -0.012449 0.018664 0.066950 -0.012500 0.019053 0.066950 -0.012449 0.019441 0.066950 -0.012299 0.019803 0.066950 -0.012061 0.020113 0.066950 -0.011750 0.020352 0.066950 -0.011388 0.020501 0.066950 -0.010612 0.020501 0.066950 -0.010250 0.020352 0.066950 -0.009939 0.020113 0.066950 -0.009701 0.019803 0.066950 -0.009551 0.019441 0.073200 -0.000000 0.007000 0.073200 -0.000996 0.006929 0.073200 -0.001972 0.006716 0.073200 -0.002908 0.006367 0.073200 -0.003784 0.005889 0.073200 -0.004584 0.005290 0.073200 -0.005290 0.004584 0.073200 -0.005889 0.003784 0.073200 -0.006367 0.002908 0.073200 -0.006716 0.001972 0.073200 -0.006929 0.000996 0.073200 -0.007000 0.000000 0.073200 -0.006929 -0.000996 0.073200 -0.006716 -0.001972 0.073200 -0.006367 -0.002908 0.073200 -0.005889 -0.003784 0.073200 -0.005290 -0.004584 0.073200 -0.004584 -0.005290 0.073200 -0.003784 -0.005889 0.073200 -0.002908 -0.006367 0.073200 -0.001972 -0.006716 0.073200 -0.000996 -0.006929 0.073200 -0.000000 -0.007000 0.073200 0.000996 -0.006929 0.073200 0.001972 -0.006716 0.073200 0.002908 -0.006367 0.073200 0.003784 -0.005889 0.073200 0.004584 -0.005290 0.073200 0.005290 -0.004584 0.073200 0.005889 -0.003784 0.073200 0.006367 -0.002908 0.073200 0.006716 -0.001972 0.073200 0.006929 -0.000996 0.073200 0.007000 -0.000000 0.073200 0.006929 0.000996 0.073200 0.006716 0.001972 0.073200 0.006367 0.002908 0.073200 0.005889 0.003784 0.073200 0.005290 0.004584 0.073200 0.004584 0.005290 0.073200 0.003784 0.005889 0.073200 0.002908 0.006367 0.073200 0.001972 0.006716 0.073200 0.000996 0.006929 0.002000 -0.007000 0.000000 0.002000 -0.006929 0.000996 0.002000 -0.006716 0.001972 0.002000 -0.006367 0.002908 0.002000 -0.005889 0.003784 0.002000 -0.005290 0.004584 0.002000 -0.004584 0.005290 0.002000 -0.003784 0.005889 0.002000 -0.002908 0.006367 0.002000 -0.001972 0.006716 0.002000 -0.000996 0.006929 0.002000 -0.000000 0.007000 0.002000 0.000996 0.006929 0.002000 0.001972 0.006716 0.002000 0.002908 0.006367 0.002000 0.003784 0.005889 0.002000 0.004584 0.005290 0.002000 0.005290 0.004584 0.002000 0.005889 0.003784 0.002000 0.006367 0.002908 0.002000 0.006716 0.001972 0.002000 0.006929 0.000996 0.002000 0.007000 -0.000000 0.002000 0.006929 -0.000996 0.002000 0.006716 -0.001972 0.002000 0.006367 -0.002908 0.002000 0.005889 -0.003784 0.002000 0.005290 -0.004584 0.002000 0.004584 -0.005290 0.002000 0.003784 -0.005889 0.002000 0.002908 -0.006367 0.002000 0.001972 -0.006716 0.002000 0.000996 -0.006929 0.002000 0.000000 -0.007000 0.002000 -0.000996 -0.006929 0.002000 -0.001972 -0.006716 0.002000 -0.002908 -0.006367 0.002000 -0.003784 -0.005889 0.002000 -0.004584 -0.005290 0.002000 -0.005290 -0.004584 0.002000 -0.005889 -0.003784 0.002000 -0.006367 -0.002908 0.002000 -0.006716 -0.001972 0.002000 -0.006929 -0.000996 0.055400 0.007000 -0.000000 0.037600 0.007000 -0.000000 0.019800 0.007000 -0.000000 0.055400 -0.000996 0.006929 0.037600 -0.000996 0.006929 0.019800 -0.000996 0.006929 0.019800 -0.000000 0.007000 0.037600 -0.000000 0.007000 0.055400 -0.000000 0.007000 0.055400 -0.001972 0.006716 0.037600 -0.001972 0.006716 0.019800 -0.001972 0.006716 0.055400 -0.002908 0.006367 0.037600 -0.002908 0.006367 0.019800 -0.002908 0.006367 0.055400 -0.003784 0.005889 0.037600 -0.003784 0.005889 0.019800 -0.003784 0.005889 0.055400 -0.004584 0.005290 0.037600 -0.004584 0.005290 0.019800 -0.004584 0.005290 0.055400 -0.005290 0.004584 0.037600 -0.005290 0.004584 0.019800 -0.005290 0.004584 0.055400 -0.005889 0.003784 0.037600 -0.005889 0.003784 0.019800 -0.005889 0.003784 0.055400 -0.006367 0.002908 0.037600 -0.006367 0.002908 0.019800 -0.006367 0.002908 0.055400 -0.006716 0.001972 0.037600 -0.006716 0.001972 0.019800 -0.006716 0.001972 0.055400 -0.006929 0.000996 0.037600 -0.006929 0.000996 0.019800 -0.006929 0.000996 0.055400 -0.007000 0.000000 0.037600 -0.007000 0.000000 0.019800 -0.007000 0.000000 0.055400 -0.006929 -0.000996 0.037600 -0.006929 -0.000996 0.019800 -0.006929 -0.000996 0.055400 -0.006716 -0.001972 0.037600 -0.006716 -0.001972 0.019800 -0.006716 -0.001972 0.055400 -0.006367 -0.002908 0.037600 -0.006367 -0.002908 0.019800 -0.006367 -0.002908 0.055400 -0.005889 -0.003784 0.037600 -0.005889 -0.003784 0.019800 -0.005889 -0.003784 0.055400 -0.005290 -0.004584 0.037600 -0.005290 -0.004584 0.019800 -0.005290 -0.004584 0.055400 -0.004584 -0.005290 0.037600 -0.004584 -0.005290 0.019800 -0.004584 -0.005290 0.055400 -0.003784 -0.005889 0.037600 -0.003784 -0.005889 0.019800 -0.003784 -0.005889 0.055400 -0.002908 -0.006367 0.037600 -0.002908 -0.006367 0.019800 -0.002908 -0.006367 0.055400 -0.001972 -0.006716 0.037600 -0.001972 -0.006716 0.019800 -0.001972 -0.006716 0.055400 -0.000996 -0.006929 0.037600 -0.000996 -0.006929 0.019800 -0.000996 -0.006929 0.055400 -0.000000 -0.007000 0.037600 -0.000000 -0.007000 0.019800 0.000000 -0.007000 0.055400 0.000996 -0.006929 0.037600 0.000996 -0.006929 0.019800 0.000996 -0.006929 0.055400 0.001972 -0.006716 0.037600 0.001972 -0.006716 0.019800 0.001972 -0.006716 0.055400 0.002908 -0.006367 0.037600 0.002908 -0.006367 0.019800 0.002908 -0.006367 0.055400 0.003784 -0.005889 0.037600 0.003784 -0.005889 0.019800 0.003784 -0.005889 0.055400 0.004584 -0.005290 0.037600 0.004584 -0.005290 0.019800 0.004584 -0.005290 0.055400 0.005290 -0.004584 0.037600 0.005290 -0.004584 0.019800 0.005290 -0.004584 0.055400 0.005889 -0.003784 0.037600 0.005889 -0.003784 0.019800 0.005889 -0.003784 0.055400 0.006367 -0.002908 0.037600 0.006367 -0.002908 0.019800 0.006367 -0.002908 0.055400 0.006716 -0.001972 0.037600 0.006716 -0.001972 0.019800 0.006716 -0.001972 0.055400 0.006929 -0.000996 0.037600 0.006929 -0.000996 0.019800 0.006929 -0.000996 0.055400 0.006929 0.000996 0.037600 0.006929 0.000996 0.019800 0.006929 0.000996 0.055400 0.006716 0.001972 0.037600 0.006716 0.001972 0.019800 0.006716 0.001972 0.055400 0.006367 0.002908 0.037600 0.006367 0.002908 0.019800 0.006367 0.002908 0.055400 0.005889 0.003784 0.037600 0.005889 0.003784 0.019800 0.005889 0.003784 0.055400 0.005290 0.004584 0.037600 0.005290 0.004584 0.019800 0.005290 0.004584 0.055400 0.004584 0.005290 0.037600 0.004584 0.005290 0.019800 0.004584 0.005290 0.055400 0.003784 0.005889 0.037600 0.003784 0.005889 0.019800 0.003784 0.005889 0.055400 0.002908 0.006367 0.037600 0.002908 0.006367 0.019800 0.002908 0.006367 0.055400 0.001972 0.006716 0.037600 0.001972 0.006716 0.019800 0.001972 0.006716 0.055400 0.000996 0.006929 0.037600 0.000996 0.006929 0.019800 0.000996 0.006929 0.075132 -0.000000 -0.008482 0.074932 -0.000000 -0.008000 0.074614 -0.000000 -0.007586 0.074200 -0.000000 -0.007268 0.073718 -0.000000 -0.007068 0.075132 -0.000484 0.008469 0.074932 -0.000457 0.007987 0.074614 -0.000433 0.007573 0.074200 -0.000415 0.007256 0.073718 -0.000404 0.007057 0.073718 0.000404 0.007057 0.074200 0.000415 0.007256 0.074614 0.000433 0.007573 0.074932 0.000457 0.007987 0.075132 0.000484 0.008469 0.075132 -0.001446 0.008358 0.074932 -0.001364 0.007883 0.074614 -0.001294 0.007475 0.074200 -0.001239 0.007161 0.073718 -0.001205 0.006965 0.075132 -0.002390 0.008139 0.074932 -0.002254 0.007676 0.074614 -0.002137 0.007279 0.074200 -0.002048 0.006974 0.073718 -0.001991 0.006782 0.075132 -0.003302 0.007813 0.074932 -0.003114 0.007369 0.074614 -0.002953 0.006987 0.074200 -0.002829 0.006695 0.073718 -0.002751 0.006511 0.075132 -0.004171 0.007386 0.074932 -0.003934 0.006966 0.074614 -0.003730 0.006605 0.074200 -0.003574 0.006329 0.073718 -0.003476 0.006155 0.075132 -0.005736 0.006249 0.074932 -0.005409 0.005894 0.074614 -0.005129 0.005589 0.074200 -0.004914 0.005355 0.073718 -0.004779 0.005207 0.073718 -0.004155 0.005718 0.074200 -0.004272 0.005880 0.074614 -0.004459 0.006137 0.074932 -0.004702 0.006472 0.075132 -0.004986 0.006862 0.075132 -0.006411 0.005555 0.074932 -0.006046 0.005239 0.074614 -0.005733 0.004968 0.074200 -0.005493 0.004759 0.073718 -0.005342 0.004629 0.075132 -0.007002 0.004788 0.074932 -0.006604 0.004516 0.074614 -0.006262 0.004282 0.074200 -0.005999 0.004102 0.073718 -0.005835 0.003990 0.075132 -0.007502 0.003958 0.074932 -0.007075 0.003733 0.074614 -0.006709 0.003540 0.074200 -0.006428 0.003392 0.073718 -0.006251 0.003298 0.075132 -0.007904 0.003077 0.074932 -0.007455 0.002902 0.074614 -0.007069 0.002752 0.074200 -0.006773 0.002637 0.073718 -0.006587 0.002564 0.075132 -0.008204 0.002156 0.074932 -0.007737 0.002034 0.074614 -0.007337 0.001928 0.074200 -0.007029 0.001848 0.073718 -0.006836 0.001797 0.075132 -0.008396 0.001207 0.074932 -0.007919 0.001139 0.074614 -0.007509 0.001080 0.074200 -0.007194 0.001034 0.073718 -0.006996 0.001006 0.075132 -0.008479 0.000242 0.074932 -0.007997 0.000228 0.074614 -0.007583 0.000217 0.074200 -0.007265 0.000208 0.073718 -0.007065 0.000202 0.075132 -0.008451 -0.000726 0.074932 -0.007971 -0.000685 0.074614 -0.007558 -0.000649 0.074200 -0.007241 -0.000622 0.073718 -0.007042 -0.000605 0.075132 -0.008313 -0.001685 0.074932 -0.007841 -0.001589 0.074614 -0.007435 -0.001506 0.074200 -0.007123 -0.001443 0.073718 -0.006927 -0.001404 0.075132 -0.007716 -0.003524 0.074932 -0.007277 -0.003323 0.074614 -0.006900 -0.003151 0.074200 -0.006611 -0.003019 0.073718 -0.006429 -0.002936 0.073718 -0.006722 -0.002184 0.074200 -0.006912 -0.002246 0.074614 -0.007215 -0.002344 0.074932 -0.007608 -0.002472 0.075132 -0.008067 -0.002621 0.075132 -0.007264 -0.004380 0.074932 -0.006851 -0.004131 0.074614 -0.006496 -0.003917 0.074200 -0.006224 -0.003753 0.073718 -0.006053 -0.003650 0.075132 -0.006717 -0.005180 0.074932 -0.006335 -0.004885 0.074614 -0.006007 -0.004632 0.074200 -0.005756 -0.004438 0.073718 -0.005597 -0.004316 0.075132 -0.006083 -0.005912 0.074932 -0.005737 -0.005575 0.074614 -0.005440 -0.005287 0.074200 -0.005212 -0.005065 0.073718 -0.005069 -0.004926 0.075132 -0.005369 -0.006567 0.074932 -0.005064 -0.006193 0.074614 -0.004802 -0.005872 0.074200 -0.004601 -0.005626 0.073718 -0.004474 -0.005472 0.075132 -0.004586 -0.007136 0.074932 -0.004325 -0.006730 0.074614 -0.004101 -0.006382 0.074200 -0.003929 -0.006114 0.073718 -0.003821 -0.005946 0.075132 -0.003743 -0.007612 0.074932 -0.003530 -0.007179 0.074614 -0.003347 -0.006807 0.074200 -0.003207 -0.006522 0.073718 -0.003119 -0.006343 0.075132 -0.002850 -0.007989 0.074932 -0.002688 -0.007535 0.074614 -0.002549 -0.007145 0.074200 -0.002442 -0.006845 0.073718 -0.002375 -0.006657 0.075132 -0.001921 -0.008262 0.074932 -0.001812 -0.007792 0.074614 -0.001718 -0.007389 0.074200 -0.001646 -0.007079 0.073718 -0.001601 -0.006884 0.075132 -0.000967 -0.008427 0.074932 -0.000912 -0.007948 0.074614 -0.000865 -0.007536 0.074200 -0.000828 -0.007221 0.073718 -0.000806 -0.007022 0.075132 0.000967 -0.008427 0.074932 0.000912 -0.007948 0.074614 0.000865 -0.007536 0.074200 0.000828 -0.007221 0.073718 0.000806 -0.007022 0.075132 0.001921 -0.008262 0.074932 0.001812 -0.007792 0.074614 0.001718 -0.007389 0.074200 0.001646 -0.007079 0.073718 0.001601 -0.006884 0.075132 0.002850 -0.007989 0.074932 0.002688 -0.007535 0.074614 0.002549 -0.007145 0.074200 0.002442 -0.006845 0.073718 0.002375 -0.006657 0.075132 0.003743 -0.007612 0.074932 0.003530 -0.007179 0.074614 0.003347 -0.006807 0.074200 0.003207 -0.006522 0.073718 0.003119 -0.006343 0.075132 0.004586 -0.007136 0.074932 0.004325 -0.006730 0.074614 0.004101 -0.006382 0.074200 0.003929 -0.006114 0.073718 0.003821 -0.005946 0.075132 0.005369 -0.006567 0.074932 0.005064 -0.006193 0.074614 0.004802 -0.005872 0.074200 0.004601 -0.005626 0.073718 0.004474 -0.005472 0.075132 0.006083 -0.005912 0.074932 0.005737 -0.005575 0.074614 0.005440 -0.005287 0.074200 0.005212 -0.005065 0.073718 0.005069 -0.004926 0.075132 0.006717 -0.005180 0.074932 0.006335 -0.004885 0.074614 0.006007 -0.004632 0.074200 0.005756 -0.004438 0.073718 0.005597 -0.004316 0.075132 0.007264 -0.004380 0.074932 0.006851 -0.004131 0.074614 0.006496 -0.003917 0.074200 0.006224 -0.003753 0.073718 0.006053 -0.003650 0.075132 0.007716 -0.003524 0.074932 0.007277 -0.003323 0.074614 0.006900 -0.003151 0.074200 0.006611 -0.003019 0.073718 0.006429 -0.002936 0.075132 0.008313 -0.001685 0.074932 0.007841 -0.001589 0.074614 0.007435 -0.001506 0.074200 0.007123 -0.001443 0.073718 0.006927 -0.001404 0.073718 0.006722 -0.002184 0.074200 0.006912 -0.002246 0.074614 0.007215 -0.002344 0.074932 0.007608 -0.002472 0.075132 0.008067 -0.002621 0.075132 0.008451 -0.000726 0.074932 0.007971 -0.000685 0.074614 0.007558 -0.000649 0.074200 0.007241 -0.000622 0.073718 0.007042 -0.000605 0.075132 0.008479 0.000242 0.074932 0.007997 0.000228 0.074614 0.007583 0.000217 0.074200 0.007265 0.000208 0.073718 0.007065 0.000202 0.075132 0.008396 0.001207 0.074932 0.007919 0.001139 0.074614 0.007509 0.001080 0.074200 0.007194 0.001034 0.073718 0.006996 0.001006 0.075132 0.008204 0.002156 0.074932 0.007737 0.002034 0.074614 0.007337 0.001928 0.074200 0.007029 0.001848 0.073718 0.006836 0.001797 0.075132 0.007904 0.003077 0.074932 0.007455 0.002902 0.074614 0.007069 0.002752 0.074200 0.006773 0.002637 0.073718 0.006587 0.002564 0.075132 0.007502 0.003958 0.074932 0.007075 0.003733 0.074614 0.006709 0.003540 0.074200 0.006428 0.003392 0.073718 0.006251 0.003298 0.075132 0.007002 0.004788 0.074932 0.006604 0.004516 0.074614 0.006262 0.004282 0.074200 0.005999 0.004102 0.073718 0.005835 0.003990 0.075132 0.006411 0.005555 0.074932 0.006046 0.005239 0.074614 0.005733 0.004968 0.074200 0.005493 0.004759 0.073718 0.005342 0.004629 0.075132 0.005736 0.006249 0.074932 0.005409 0.005894 0.074614 0.005129 0.005589 0.074200 0.004914 0.005355 0.073718 0.004779 0.005207 0.075132 0.004171 0.007386 0.074932 0.003934 0.006966 0.074614 0.003730 0.006605 0.074200 0.003574 0.006329 0.073718 0.003476 0.006155 0.073718 0.004155 0.005718 0.074200 0.004272 0.005880 0.074614 0.004459 0.006137 0.074932 0.004702 0.006472 0.075132 0.004986 0.006862 0.075132 0.003302 0.007813 0.074932 0.003114 0.007369 0.074614 0.002953 0.006987 0.074200 0.002829 0.006695 0.073718 0.002751 0.006511 0.075132 0.002390 0.008139 0.074932 0.002254 0.007676 0.074614 0.002137 0.007279 0.074200 0.002048 0.006974 0.073718 0.001991 0.006782 0.075132 0.001446 0.008358 0.074932 0.001364 0.007883 0.074614 0.001294 0.007475 0.074200 0.001239 0.007161 0.073718 0.001205 0.006965 0.001482 0.000000 -0.007068 0.001000 0.000000 -0.007268 0.000586 0.000000 -0.007586 0.000268 0.000000 -0.008000 0.000068 0.000000 -0.008482 0.000068 -0.004586 -0.007136 0.000068 -0.008204 0.002156 0.000068 -0.000484 0.008469 0.000068 0.007904 0.003077 0.000068 0.005369 -0.006567 0.001482 -0.007042 -0.000605 0.001000 -0.007241 -0.000622 0.000586 -0.007558 -0.000649 0.000268 -0.007971 -0.000685 0.000068 -0.008451 -0.000726 0.000068 -0.008479 0.000242 0.000268 -0.007997 0.000228 0.000586 -0.007583 0.000217 0.001000 -0.007265 0.000208 0.001482 -0.007065 0.000202 0.001482 -0.006927 -0.001404 0.001000 -0.007123 -0.001443 0.000586 -0.007435 -0.001506 0.000268 -0.007841 -0.001589 0.000068 -0.008313 -0.001685 0.001482 -0.006722 -0.002184 0.001000 -0.006912 -0.002246 0.000586 -0.007215 -0.002344 0.000268 -0.007608 -0.002472 0.000068 -0.008067 -0.002621 0.001482 -0.006053 -0.003650 0.001000 -0.006224 -0.003753 0.000586 -0.006496 -0.003917 0.000268 -0.006851 -0.004131 0.000068 -0.007264 -0.004380 0.000068 -0.007716 -0.003524 0.000268 -0.007277 -0.003323 0.000586 -0.006900 -0.003151 0.001000 -0.006611 -0.003019 0.001482 -0.006429 -0.002936 0.001482 -0.005597 -0.004316 0.001000 -0.005756 -0.004438 0.000586 -0.006007 -0.004632 0.000268 -0.006335 -0.004885 0.000068 -0.006717 -0.005180 0.001482 -0.005069 -0.004926 0.001000 -0.005212 -0.005065 0.000586 -0.005440 -0.005287 0.000268 -0.005737 -0.005575 0.000068 -0.006083 -0.005912 0.001482 -0.004474 -0.005472 0.001000 -0.004601 -0.005626 0.000586 -0.004802 -0.005872 0.000268 -0.005064 -0.006193 0.000068 -0.005369 -0.006567 0.001482 -0.003119 -0.006343 0.001000 -0.003207 -0.006522 0.000586 -0.003347 -0.006807 0.000268 -0.003530 -0.007179 0.000068 -0.003743 -0.007612 0.000268 -0.004325 -0.006730 0.000586 -0.004101 -0.006382 0.001000 -0.003929 -0.006114 0.001482 -0.003821 -0.005946 0.001482 -0.002375 -0.006657 0.001000 -0.002442 -0.006845 0.000586 -0.002549 -0.007145 0.000268 -0.002688 -0.007535 0.000068 -0.002850 -0.007989 0.001482 -0.001601 -0.006884 0.001000 -0.001646 -0.007079 0.000586 -0.001718 -0.007389 0.000268 -0.001812 -0.007792 0.000068 -0.001921 -0.008262 0.001482 -0.000806 -0.007022 0.001000 -0.000828 -0.007221 0.000586 -0.000865 -0.007536 0.000268 -0.000912 -0.007948 0.000068 -0.000967 -0.008427 0.001482 0.000806 -0.007022 0.001000 0.000828 -0.007221 0.000586 0.000865 -0.007536 0.000268 0.000912 -0.007948 0.000068 0.000967 -0.008427 0.001482 0.001601 -0.006884 0.001000 0.001646 -0.007079 0.000586 0.001718 -0.007389 0.000268 0.001812 -0.007792 0.000068 0.001921 -0.008262 0.001482 0.002375 -0.006657 0.001000 0.002442 -0.006845 0.000586 0.002549 -0.007145 0.000268 0.002688 -0.007535 0.000068 0.002850 -0.007989 0.001482 0.003119 -0.006343 0.001000 0.003207 -0.006522 0.000586 0.003347 -0.006807 0.000268 0.003530 -0.007179 0.000068 0.003743 -0.007612 0.001482 0.004474 -0.005472 0.001000 0.004601 -0.005626 0.000586 0.004802 -0.005872 0.000268 0.005064 -0.006193 0.000068 0.004586 -0.007136 0.000268 0.004325 -0.006730 0.000586 0.004101 -0.006382 0.001000 0.003929 -0.006114 0.001482 0.003821 -0.005946 0.001482 0.005069 -0.004926 0.001000 0.005212 -0.005065 0.000586 0.005440 -0.005287 0.000268 0.005737 -0.005575 0.000068 0.006083 -0.005912 0.001482 0.005597 -0.004316 0.001000 0.005756 -0.004438 0.000586 0.006007 -0.004632 0.000268 0.006335 -0.004885 0.000068 0.006717 -0.005180 0.001482 0.006053 -0.003650 0.001000 0.006224 -0.003753 0.000586 0.006496 -0.003917 0.000268 0.006851 -0.004131 0.000068 0.007264 -0.004380 0.001482 0.006722 -0.002184 0.001000 0.006912 -0.002246 0.000586 0.007215 -0.002344 0.000268 0.007608 -0.002472 0.000068 0.008067 -0.002621 0.000068 0.007716 -0.003524 0.000268 0.007277 -0.003323 0.000586 0.006900 -0.003151 0.001000 0.006611 -0.003019 0.001482 0.006429 -0.002936 0.001482 0.006927 -0.001404 0.001000 0.007123 -0.001443 0.000586 0.007435 -0.001506 0.000268 0.007841 -0.001589 0.000068 0.008313 -0.001685 0.001482 0.007042 -0.000605 0.001000 0.007241 -0.000622 0.000586 0.007558 -0.000649 0.000268 0.007971 -0.000685 0.000068 0.008451 -0.000726 0.001482 0.007065 0.000202 0.001000 0.007265 0.000208 0.000586 0.007583 0.000217 0.000268 0.007997 0.000228 0.000068 0.008479 0.000242 0.001482 0.006836 0.001797 0.001000 0.007029 0.001848 0.000586 0.007337 0.001928 0.000268 0.007737 0.002034 0.000068 0.008204 0.002156 0.000068 0.008396 0.001207 0.000268 0.007919 0.001139 0.000586 0.007509 0.001080 0.001000 0.007194 0.001034 0.001482 0.006996 0.001006 0.001482 0.006587 0.002564 0.001000 0.006773 0.002637 0.000586 0.007069 0.002752 0.000268 0.007455 0.002902 0.001482 0.006251 0.003298 0.001000 0.006428 0.003392 0.000586 0.006709 0.003540 0.000268 0.007075 0.003733 0.000068 0.007502 0.003958 0.001482 0.005835 0.003990 0.001000 0.005999 0.004102 0.000586 0.006262 0.004282 0.000268 0.006604 0.004516 0.000068 0.007002 0.004788 0.001482 0.004779 0.005207 0.001000 0.004914 0.005355 0.000586 0.005129 0.005589 0.000268 0.005409 0.005894 0.000068 0.005736 0.006249 0.000068 0.006411 0.005555 0.000268 0.006046 0.005239 0.000586 0.005733 0.004968 0.001000 0.005493 0.004759 0.001482 0.005342 0.004629 0.001482 0.004155 0.005718 0.001000 0.004272 0.005880 0.000586 0.004459 0.006137 0.000268 0.004702 0.006472 0.000068 0.004986 0.006862 0.001482 0.003476 0.006155 0.001000 0.003574 0.006329 0.000586 0.003730 0.006605 0.000268 0.003934 0.006966 0.000068 0.004171 0.007386 0.001482 0.002751 0.006511 0.001000 0.002829 0.006695 0.000586 0.002953 0.006987 0.000268 0.003114 0.007369 0.000068 0.003302 0.007813 0.001482 0.001205 0.006965 0.001000 0.001239 0.007161 0.000586 0.001294 0.007475 0.000268 0.001364 0.007883 0.000068 0.001446 0.008358 0.000068 0.002390 0.008139 0.000268 0.002254 0.007676 0.000586 0.002137 0.007279 0.001000 0.002048 0.006974 0.001482 0.001991 0.006782 0.001482 0.000404 0.007057 0.001000 0.000415 0.007256 0.000586 0.000433 0.007573 0.000268 0.000457 0.007987 0.000068 0.000484 0.008469 0.001482 -0.000404 0.007057 0.001000 -0.000415 0.007256 0.000586 -0.000433 0.007573 0.000268 -0.000457 0.007987 0.001482 -0.001205 0.006965 0.001000 -0.001239 0.007161 0.000586 -0.001294 0.007475 0.000268 -0.001364 0.007883 0.000068 -0.001446 0.008358 0.001482 -0.002751 0.006511 0.001000 -0.002829 0.006695 0.000586 -0.002953 0.006987 0.000268 -0.003114 0.007369 0.000068 -0.003302 0.007813 0.000068 -0.002390 0.008139 0.000268 -0.002254 0.007676 0.000586 -0.002137 0.007279 0.001000 -0.002048 0.006974 0.001482 -0.001991 0.006782 0.001482 -0.003476 0.006155 0.001000 -0.003574 0.006329 0.000586 -0.003730 0.006605 0.000268 -0.003934 0.006966 0.000068 -0.004171 0.007386 0.001482 -0.004155 0.005718 0.001000 -0.004272 0.005880 0.000586 -0.004459 0.006137 0.000268 -0.004702 0.006472 0.000068 -0.004986 0.006862 0.001482 -0.004779 0.005207 0.001000 -0.004914 0.005355 0.000586 -0.005129 0.005589 0.000268 -0.005409 0.005894 0.000068 -0.005736 0.006249 0.001482 -0.005835 0.003990 0.001000 -0.005999 0.004102 0.000586 -0.006262 0.004282 0.000268 -0.006604 0.004516 0.000068 -0.007002 0.004788 0.000068 -0.006411 0.005555 0.000268 -0.006046 0.005239 0.000586 -0.005733 0.004968 0.001000 -0.005493 0.004759 0.001482 -0.005342 0.004629 0.001482 -0.006251 0.003298 0.001000 -0.006428 0.003392 0.000586 -0.006709 0.003540 0.000268 -0.007075 0.003733 0.000068 -0.007502 0.003958 0.001482 -0.006587 0.002564 0.001000 -0.006773 0.002637 0.000586 -0.007069 0.002752 0.000268 -0.007455 0.002902 0.000068 -0.007904 0.003077 0.001482 -0.006836 0.001797 0.001000 -0.007029 0.001848 0.000586 -0.007337 0.001928 0.000268 -0.007737 0.002034 0.000068 -0.008396 0.001207 0.000268 -0.007919 0.001139 0.000586 -0.007509 0.001080 0.001000 -0.007194 0.001034 0.001482 -0.006996 0.001006 -0.004400 -0.033050 0.006300 -0.004400 -0.027450 0.006300 -0.004400 -0.027191 0.006266 -0.004400 -0.026950 0.006166 -0.004400 -0.026743 0.006007 -0.004400 -0.026584 0.005800 -0.004400 -0.026484 0.005559 -0.004400 -0.026450 0.005300 -0.004400 -0.026450 -0.005300 -0.004400 -0.026484 -0.005559 -0.004400 -0.026584 -0.005800 -0.004400 -0.026743 -0.006007 -0.004400 -0.026950 -0.006166 -0.004400 -0.027191 -0.006266 -0.004400 -0.027450 -0.006300 -0.004400 -0.033050 -0.006300 -0.004400 -0.033309 -0.006266 -0.004400 -0.033550 -0.006166 -0.004400 -0.033757 -0.006007 -0.004400 -0.033916 -0.005800 -0.004400 -0.034016 -0.005559 -0.004400 -0.034050 -0.005300 -0.004400 -0.034050 0.005300 -0.004400 -0.034016 0.005559 -0.004400 -0.033916 0.005800 -0.004400 -0.033757 0.006007 -0.004400 -0.033550 0.006166 -0.004400 -0.033309 0.006266 -0.004400 -0.020622 0.019181 -0.004400 -0.020415 0.019022 -0.004400 -0.020256 0.018815 -0.004400 -0.020156 0.018574 -0.004400 -0.020122 0.018315 -0.004400 -0.020156 0.018056 -0.004400 -0.020256 0.017815 -0.004400 -0.025556 0.008635 -0.004400 -0.025715 0.008428 -0.004400 -0.025922 0.008269 -0.004400 -0.026164 0.008169 -0.004400 -0.026422 0.008135 -0.004400 -0.026681 0.008169 -0.004400 -0.026922 0.008269 -0.004400 -0.031772 0.011069 -0.004400 -0.031979 0.011228 -0.004400 -0.032138 0.011435 -0.004400 -0.032238 0.011676 -0.004400 -0.032272 0.011935 -0.004400 -0.032238 0.012194 -0.004400 -0.032138 0.012435 -0.004400 -0.026838 0.021615 -0.004400 -0.026679 0.021822 -0.004400 -0.026472 0.021981 -0.004400 -0.026231 0.022081 -0.004400 -0.025972 0.022115 -0.004400 -0.025713 0.022081 -0.004400 -0.025472 0.021981</float_array>
          <technique_common>
            <accessor source="#L70IE_Finger-mesh-positions-array" count="5316" stride="3">
              <param name="X" type="float"/>
              <param name="Y" type="float"/>
              <param name="Z" type="float"/>
            </accessor>
          </technique_common>
        </source>
        <source id="L70IE_Finger-mesh-normals">
          <float_array id="L70IE_Finger-mesh-normals-array" count="26100">0.000000 1.000000 -0.000000 0.000000 1.000000 -0.000000 0.000000 1.000000 -0.000000 0.000000 1.000000 -0.000000 0.418616 -0.908163 0.000000 0.418616 -0.908163 0.000000 0.488582 -0.872518 0.000000 0.488582 -0.872518 0.000000 0.555536 -0.831493 0.000000 0.555536 -0.831493 0.000000 0.619064 -0.785340 0.000000 0.619064 -0.785340 0.000000 0.678775 -0.734346 0.000000 0.678775 -0.734346 0.000000 0.734301 -0.678824 0.000000 0.734301 -0.678824 0.000000 0.785300 -0.619116 0.000000 0.785300 -0.619116 0.000000 0.831456 -0.555591 0.000000 0.831456 -0.555591 0.000000 0.872485 -0.488640 0.000000 0.872485 -0.488640 0.000000 0.908136 -0.418676 0.000000 0.908136 -0.418676 0.000000 0.938186 -0.346131 0.000000 0.938186 -0.346131 0.000000 0.962452 -0.271452 0.000000 0.962452 -0.271452 0.000000 0.980784 -0.195098 0.000000 0.980784 -0.195098 0.000000 0.993068 -0.117542 0.000000 0.993068 -0.117542 0.000000 0.999229 -0.039261 0.000000 0.999229 -0.039261 0.000000 0.999229 0.039261 0.000000 0.999229 0.039261 0.000000 0.993068 0.117542 0.000000 0.993068 0.117542 0.000000 0.980784 0.195098 0.000000 0.980784 0.195098 0.000000 0.962452 0.271452 0.000000 0.962452 0.271452 0.000000 0.938186 0.346131 0.000000 0.938186 0.346131 0.000000 0.908136 0.418676 0.000000 0.908136 0.418676 0.000000 0.872485 0.488640 0.000000 0.872485 0.488640 0.000000 0.831456 0.555591 0.000000 0.831456 0.555591 0.000000 0.785300 0.619116 0.000000 0.785300 0.619116 0.000000 0.734301 0.678824 0.000000 0.734301 0.678824 0.000000 0.678775 0.734346 0.000000 0.678775 0.734346 0.000000 0.619064 0.785340 0.000000 0.619064 0.785340 0.000000 0.555536 0.831493 0.000000 0.555536 0.831493 0.000000 0.488582 0.872518 0.000000 0.488582 0.872518 0.000000 0.418616 0.908163 0.000000 0.418616 0.908163 0.000000 -0.000000 -1.000000 0.000000 -0.000000 -1.000000 0.000000 -0.000000 -1.000000 0.000000 -0.000000 -1.000000 0.000000 -0.083678 0.996493 -0.000000 -0.083678 0.996493 -0.000000 0.000000 1.000000 -0.000000 0.000000 1.000000 -0.000000 0.083678 0.996493 -0.000000 0.083678 0.996493 -0.000000 0.166769 0.985996 -0.000000 0.166769 0.985996 -0.000000 0.248690 0.968583 0.000000 0.248690 0.968583 0.000000 0.328867 0.944376 0.000000 0.328867 0.944376 0.000000 0.406737 0.913545 0.000000 0.406737 0.913545 0.000000 0.481754 0.876307 0.000000 0.481754 0.876307 0.000000 0.553392 0.832921 0.000000 0.553392 0.832921 0.000000 0.621148 0.783693 0.000000 0.621148 0.783693 0.000000 0.684547 0.728969 0.000000 0.684547 0.728969 0.000000 0.743145 0.669131 0.000000 0.743145 0.669131 0.000000 0.796530 0.604599 0.000000 0.796530 0.604599 0.000000 0.844328 0.535827 0.000000 0.844328 0.535827 0.000000 0.886204 0.463296 0.000000 0.886204 0.463296 0.000000 0.921863 0.387516 0.000000 0.921863 0.387516 0.000000 0.951057 0.309017 0.000000 0.951057 0.309017 0.000000 0.973579 0.228351 0.000000 0.973579 0.228351 0.000000 0.989272 0.146083 0.000000 0.989272 0.146083 0.000000 0.998027 0.062791 0.000000 0.998027 0.062791 0.000000 0.999781 -0.020942 0.000000 0.999781 -0.020942 0.000000 0.994522 -0.104528 0.000000 0.994522 -0.104528 0.000000 0.982287 -0.187381 0.000000 0.982287 -0.187381 0.000000 0.963163 -0.268920 0.000000 0.963163 -0.268920 0.000000 0.937282 -0.348572 0.000000 0.937282 -0.348572 0.000000 0.904827 -0.425779 0.000000 0.904827 -0.425779 0.000000 0.866025 -0.500000 0.000000 0.866025 -0.500000 0.000000 0.821149 -0.570714 0.000000 0.821149 -0.570714 0.000000 0.770513 -0.637424 0.000000 0.770513 -0.637424 0.000000 0.714473 -0.699663 0.000000 0.714473 -0.699663 0.000000 0.653421 -0.756995 0.000000 0.653421 -0.756995 0.000000 0.587785 -0.809017 0.000000 0.587785 -0.809017 0.000000 0.518027 -0.855364 0.000000 0.518027 -0.855364 0.000000 0.444635 -0.895712 0.000000 0.444635 -0.895712 0.000000 0.368125 -0.929776 0.000000 0.368125 -0.929776 0.000000 0.289032 -0.957319 0.000000 0.289032 -0.957319 0.000000 0.207912 -0.978148 0.000000 0.207912 -0.978148 0.000000 0.125333 -0.992115 0.000000 0.125333 -0.992115 0.000000 0.041876 -0.999123 0.000000 0.041876 -0.999123 0.000000 -0.041876 -0.999123 0.000000 -0.041876 -0.999123 0.000000 -0.125333 -0.992115 0.000000 -0.125333 -0.992115 0.000000 -0.207912 -0.978148 -0.000000 -0.207912 -0.978148 -0.000000 -0.289032 -0.957319 -0.000000 -0.289032 -0.957319 -0.000000 -0.368125 -0.929776 -0.000000 -0.368125 -0.929776 -0.000000 -0.444635 -0.895712 -0.000000 -0.444635 -0.895712 -0.000000 -0.518027 -0.855364 -0.000000 -0.518027 -0.855364 -0.000000 -0.587785 -0.809017 -0.000000 -0.587785 -0.809017 -0.000000 -0.653421 -0.756995 -0.000000 -0.653421 -0.756995 -0.000000 -0.714473 -0.699663 -0.000000 -0.714473 -0.699663 -0.000000 -0.770513 -0.637424 -0.000000 -0.770513 -0.637424 -0.000000 -0.821149 -0.570714 -0.000000 -0.821149 -0.570714 -0.000000 -0.866025 -0.500000 -0.000000 -0.866025 -0.500000 -0.000000 -0.904827 -0.425779 -0.000000 -0.904827 -0.425779 -0.000000 -0.937282 -0.348572 -0.000000 -0.937282 -0.348572 -0.000000 -0.963163 -0.268920 -0.000000 -0.963163 -0.268920 -0.000000 -0.982287 -0.187381 -0.000000 -0.982287 -0.187381 -0.000000 -0.994522 -0.104528 -0.000000 -0.994522 -0.104528 -0.000000 -0.999781 -0.020942 -0.000000 -0.999781 -0.020942 -0.000000 -0.998027 0.062791 -0.000000 -0.998027 0.062791 -0.000000 -0.989272 0.146083 -0.000000 -0.989272 0.146083 -0.000000 -0.973579 0.228351 -0.000000 -0.973579 0.228351 -0.000000 -0.951057 0.309017 -0.000000 -0.951057 0.309017 -0.000000 -0.921863 0.387516 -0.000000 -0.921863 0.387516 -0.000000 -0.886204 0.463296 -0.000000 -0.886204 0.463296 -0.000000 -0.844328 0.535827 -0.000000 -0.844328 0.535827 -0.000000 -0.796530 0.604599 -0.000000 -0.796530 0.604599 -0.000000 -0.743145 0.669131 -0.000000 -0.743145 0.669131 -0.000000 -0.684547 0.728969 -0.000000 -0.684547 0.728969 -0.000000 -0.621148 0.783693 -0.000000 -0.621148 0.783693 -0.000000 -0.553392 0.832921 -0.000000 -0.553392 0.832921 -0.000000 -0.481754 0.876307 -0.000000 -0.481754 0.876307 -0.000000 -0.406737 0.913545 -0.000000 -0.406737 0.913545 -0.000000 -0.328867 0.944376 -0.000000 -0.328867 0.944376 -0.000000 -0.248690 0.968583 -0.000000 -0.248690 0.968583 -0.000000 -0.166769 0.985996 -0.000000 -0.166769 0.985996 -0.000000 -0.000000 0.000000 1.000000 -0.000000 0.000000 1.000000 -0.000000 0.000000 1.000000 -0.000000 0.000000 1.000000 -0.000000 0.000000 1.000000 -0.000000 0.000000 1.000000 -0.000000 0.000000 1.000000 -0.000000 0.000000 1.000000 -0.000000 0.000000 1.000000 -0.000000 0.000000 1.000000 -0.000000 0.000000 1.000000 -0.000000 0.000000 1.000000 -0.000000 0.000000 1.000000 -0.000000 0.000000 1.000000 -0.000000 0.000000 1.000000 -0.000000 0.000000 1.000000 -0.000000 0.000000 1.000000 -0.000000 0.000000 1.000000 -0.000000 0.000000 1.000000 -0.000000 0.000000 1.000000 -0.000000 0.000000 1.000000 -0.000000 0.000000 1.000000 -0.000000 0.000000 1.000000 -0.000000 0.000000 1.000000 -0.000000 0.000000 1.000000 -0.000000 0.000000 1.000000 -0.000000 0.000000 1.000000 -0.000000 0.000000 1.000000 -0.000000 0.000000 1.000000 -0.000000 0.000000 1.000000 -0.000000 0.000000 1.000000 -0.000000 0.000000 1.000000 -0.000000 0.000000 1.000000 -0.000000 0.000000 1.000000 -0.000000 0.000000 1.000000 -0.000000 0.000000 1.000000 -0.000000 0.000000 1.000000 -0.000000 0.000000 1.000000 -0.000000 0.000000 1.000000 -0.000000 0.000000 1.000000 -0.000000 0.000000 1.000000 -0.000000 0.000000 1.000000 -0.000000 0.000000 1.000000 -0.000000 0.000000 1.000000 -0.000000 0.000000 1.000000 -0.000000 0.000000 1.000000 -0.000000 0.000000 1.000000 -0.000000 0.000000 1.000000 -0.000000 0.000000 1.000000 -0.000000 0.000000 1.000000 -0.000000 0.000000 1.000000 -0.000000 0.000000 1.000000 -0.000000 0.000000 1.000000 -0.000000 0.000000 1.000000 -0.000000 0.000000 1.000000 -0.000000 0.000000 1.000000 -0.000000 0.000000 1.000000 -0.000000 0.000000 1.000000 -0.000000 0.000000 1.000000 -0.000000 0.000000 1.000000 -0.000000 0.000000 1.000000 -0.000000 0.000000 1.000000 -0.000000 0.000000 1.000000 -0.000000 0.000000 1.000000 -0.000000 0.000000 1.000000 -0.000000 0.000000 1.000000 -0.000000 0.000000 1.000000 -0.000000 0.000000 1.000000 -0.000000 0.000000 1.000000 -0.000000 0.000000 1.000000 -0.000000 0.000000 1.000000 -0.000000 0.000000 1.000000 -0.000000 0.000000 1.000000 -0.000000 0.000000 1.000000 -0.000000 0.000000 1.000000 -0.000000 0.000000 1.000000 -0.000000 0.000000 1.000000 -0.000000 0.000000 1.000000 -0.000000 0.000000 1.000000 -0.000000 0.000000 1.000000 -0.000000 0.000000 1.000000 -0.000000 0.000000 1.000000 -0.000000 0.000000 1.000000 -0.000000 0.000000 1.000000 -0.000000 0.000000 1.000000 -0.000000 0.000000 1.000000 -0.000000 0.000000 1.000000 -0.000000 0.000000 1.000000 -0.000000 0.000000 1.000000 -0.000000 0.000000 1.000000 -0.000000 0.000000 1.000000 -0.000000 0.000000 1.000000 -0.000000 0.000000 1.000000 -0.000000 0.000000 1.000000 -0.000000 0.000000 1.000000 -0.000000 0.000000 1.000000 -0.000000 0.000000 1.000000 -0.000000 0.000000 1.000000 -0.000000 0.000000 1.000000 -0.000000 0.000000 1.000000 -0.000000 0.000000 1.000000 -0.000000 0.000000 1.000000 -0.000000 0.000000 1.000000 -0.000000 0.000000 1.000000 -0.000000 0.000000 1.000000 -0.000000 0.000000 1.000000 -0.000000 0.000000 1.000000 -0.000000 0.000000 1.000000 -0.000000 0.000000 1.000000 -0.000000 0.000000 1.000000 -0.000000 0.000000 1.000000 -0.000000 0.000000 1.000000 -0.000000 0.000000 1.000000 -0.000000 0.000000 1.000000 -0.000000 0.000000 1.000000 -0.000000 0.000000 1.000000 -0.000000 0.000000 1.000000 -0.000000 0.000000 1.000000 -0.000000 0.000000 1.000000 -0.000000 0.000000 1.000000 -0.000000 0.000000 1.000000 -0.000000 0.000000 1.000000 -0.000000 0.000000 1.000000 -0.000000 0.000000 1.000000 -0.000000 0.000000 1.000000 -0.000000 0.000000 1.000000 -0.000000 0.000000 1.000000 -0.000000 0.000000 1.000000 -0.000000 0.000000 1.000000 -0.000000 0.000000 1.000000 -0.000000 0.000000 1.000000 -0.000000 0.000000 1.000000 -0.000000 0.000000 1.000000 -0.000000 0.000000 1.000000 -0.000000 0.000000 1.000000 -0.000000 0.000000 1.000000 -0.000000 0.000000 1.000000 -0.000000 0.000000 1.000000 -0.000000 0.000000 1.000000 -0.000000 0.000000 1.000000 -0.000000 0.000000 1.000000 -0.000000 0.000000 1.000000 -0.000000 0.000000 1.000000 -0.000000 0.000000 1.000000 -0.000000 0.000000 1.000000 -0.000000 0.000000 1.000000 -0.000000 0.000000 1.000000 -0.000000 0.000000 1.000000 -0.000000 0.000000 1.000000 -0.000000 0.000000 1.000000 1.000000 -0.000000 0.000000 1.000000 -0.000000 0.000000 1.000000 -0.000000 0.000000 1.000000 -0.000000 0.000000 1.000000 -0.000000 0.000000 1.000000 -0.000000 0.000000 1.000000 -0.000000 0.000000 1.000000 -0.000000 0.000000 0.000000 -0.000000 -1.000000 0.000000 -0.000000 -1.000000 0.000000 -0.000000 -1.000000 0.000000 -0.000000 -1.000000 0.000000 -0.000000 -1.000000 0.000000 -0.000000 -1.000000 0.000000 -0.000000 -1.000000 0.000000 -0.000000 -1.000000 0.000000 -0.000000 -1.000000 0.000000 -0.000000 -1.000000 0.000000 -0.000000 -1.000000 0.000000 -0.000000 -1.000000 0.000000 -0.000000 -1.000000 0.000000 -0.000000 -1.000000 0.000000 -0.000000 -1.000000 0.000000 -0.000000 -1.000000 0.000000 -0.000000 -1.000000 0.000000 -0.000000 -1.000000 0.000000 -0.000000 -1.000000 0.000000 -0.000000 -1.000000 0.000000 -0.000000 -1.000000 0.000000 -0.000000 -1.000000 0.000000 -0.000000 -1.000000 0.000000 -0.000000 -1.000000 0.000000 -0.000000 -1.000000 0.000000 -0.000000 -1.000000 0.000000 -0.000000 -1.000000 0.000000 -0.000000 -1.000000 0.000000 -0.000000 -1.000000 0.000000 -0.000000 -1.000000 0.000000 -0.000000 -1.000000 0.000000 -0.000000 -1.000000 0.000000 -0.000000 -1.000000 0.000000 -0.000000 -1.000000 0.000000 -0.000000 -1.000000 0.000000 -0.000000 -1.000000 0.000000 -0.000000 -1.000000 0.000000 -0.000000 -1.000000 0.000000 -0.000000 -1.000000 0.000000 -0.000000 -1.000000 0.000000 -0.000000 -1.000000 0.000000 -0.000000 -1.000000 0.000000 -0.000000 -1.000000 0.000000 -0.000000 -1.000000 0.000000 -0.000000 -1.000000 0.000000 -0.000000 -1.000000 0.000000 -0.000000 -1.000000 0.000000 -0.000000 -1.000000 0.000000 -0.000000 -1.000000 0.000000 -0.000000 -1.000000 0.000000 -0.000000 -1.000000 0.000000 -0.000000 -1.000000 0.000000 -0.000000 -1.000000 0.000000 -0.000000 -1.000000 0.000000 -0.000000 -1.000000 0.000000 -0.000000 -1.000000 0.000000 -0.000000 -1.000000 0.000000 -0.000000 -1.000000 0.000000 -0.000000 -1.000000 0.000000 -0.000000 -1.000000 0.000000 -0.000000 -1.000000 0.000000 -0.000000 -1.000000 0.000000 -0.000000 -1.000000 0.000000 -0.000000 -1.000000 0.000000 -0.000000 -1.000000 0.000000 -0.000000 -1.000000 0.000000 -0.000000 -1.000000 0.000000 -0.000000 -1.000000 0.000000 -0.000000 -1.000000 0.000000 -0.000000 -1.000000 0.000000 -0.000000 -1.000000 0.000000 -0.000000 -1.000000 0.000000 -0.000000 -1.000000 0.000000 -0.000000 -1.000000 0.000000 -0.000000 -1.000000 0.000000 -0.000000 -1.000000 0.000000 -0.000000 -1.000000 0.000000 -0.000000 -1.000000 0.000000 -0.000000 -1.000000 0.000000 -0.000000 -1.000000 0.000000 -0.000000 -1.000000 0.000000 -0.000000 -1.000000 0.000000 -0.000000 -1.000000 0.000000 -0.000000 -1.000000 0.000000 -0.000000 -1.000000 0.000000 -0.000000 -1.000000 0.000000 -0.000000 -1.000000 0.000000 -0.000000 -1.000000 0.000000 -0.000000 -1.000000 0.000000 -0.000000 -1.000000 0.000000 -0.000000 -1.000000 0.000000 -0.000000 -1.000000 0.000000 -0.000000 -1.000000 0.000000 -0.000000 -1.000000 0.000000 -0.000000 -1.000000 0.000000 -0.000000 -1.000000 0.000000 -0.000000 -1.000000 0.000000 -0.000000 -1.000000 0.000000 -0.000000 -1.000000 0.000000 -0.000000 -1.000000 0.000000 -0.000000 -1.000000 0.000000 -0.000000 -1.000000 0.000000 -0.000000 -1.000000 0.000000 -0.000000 -1.000000 0.000000 -0.000000 -1.000000 0.000000 -0.000000 -1.000000 0.000000 -0.000000 -1.000000 0.000000 -0.000000 -1.000000 0.000000 -0.000000 -1.000000 0.000000 -0.000000 -1.000000 0.000000 -0.000000 -1.000000 0.000000 -0.000000 -1.000000 0.000000 -0.000000 -1.000000 0.000000 -0.000000 -1.000000 0.000000 -0.000000 -1.000000 0.000000 -0.000000 -1.000000 0.000000 -0.000000 -1.000000 0.000000 -0.000000 -1.000000 0.000000 -0.000000 -1.000000 0.000000 -0.000000 -1.000000 0.000000 -0.000000 -1.000000 0.000000 -0.000000 -1.000000 0.000000 -0.000000 -1.000000 0.000000 -0.000000 -1.000000 0.000000 -0.000000 -1.000000 0.000000 -0.000000 -1.000000 0.000000 -0.000000 -1.000000 0.000000 -0.000000 -1.000000 0.000000 -0.000000 -1.000000 0.000000 -0.000000 -1.000000 0.000000 -0.000000 -1.000000 0.000000 -0.000000 -1.000000 0.000000 -0.000000 -1.000000 0.000000 -0.000000 -1.000000 0.000000 -0.000000 -1.000000 0.000000 -0.000000 -1.000000 0.000000 -0.000000 -1.000000 0.000000 -0.000000 -1.000000 0.000000 -0.000000 -1.000000 0.000000 -0.000000 -1.000000 0.000000 -0.000000 -1.000000 0.000000 -0.000000 -1.000000 0.000000 -0.000000 -1.000000 0.000000 -0.000000 -1.000000 0.000000 -0.000000 -1.000000 0.000000 -0.000000 -1.000000 0.000000 -0.000000 -1.000000 0.000000 -0.000000 -1.000000 0.000000 -0.000000 -1.000000 0.000000 -0.000000 -1.000000 0.000000 -0.000000 -1.000000 0.000000 -0.000000 -1.000000 0.000000 -0.000000 -1.000000 0.000000 -0.000000 -1.000000 0.000000 -0.000000 -1.000000 0.000000 -0.000000 -1.000000 0.000000 -0.000000 -1.000000 0.000000 -0.000000 -1.000000 0.000000 -0.000000 -1.000000 0.000000 -0.000000 -1.000000 0.000000 -0.000000 -1.000000 0.000000 -0.000000 -1.000000 0.000000 -0.000000 -1.000000 0.000000 -0.000000 -1.000000 0.000000 -0.000000 -1.000000 0.000000 -0.000000 -1.000000 0.000000 -0.000000 -1.000000 0.000000 -0.000000 -1.000000 0.000000 -0.000000 -1.000000 0.000000 -0.000000 -1.000000 0.000000 -0.000000 -1.000000 0.000000 -0.000000 -1.000000 0.000000 -0.000000 -1.000000 0.000000 -0.000000 -1.000000 0.000000 -0.000000 -1.000000 0.000000 -0.000000 -1.000000 0.000000 -0.000000 -1.000000 0.000000 -0.000000 -1.000000 0.000000 -0.000000 -1.000000 0.000000 -0.000000 -1.000000 0.000000 -0.000000 -1.000000 0.000000 -0.000000 -1.000000 0.000000 -0.000000 -1.000000 0.000000 -0.000000 -1.000000 0.000000 -0.000000 -1.000000 0.000000 -0.000000 -1.000000 0.000000 -0.000000 -1.000000 0.000000 -0.000000 -1.000000 0.000000 -0.000000 -1.000000 0.000000 -0.000000 -1.000000 0.000000 -0.000000 -1.000000 0.000000 -0.000000 -1.000000 0.000000 -0.000000 -1.000000 0.000000 -0.000000 -1.000000 0.000000 -0.000000 -1.000000 0.000000 -0.000000 -1.000000 0.000000 -0.000000 -1.000000 0.000000 -0.000000 -1.000000 0.000000 -0.000000 -1.000000 0.000000 -0.000000 -1.000000 0.000000 -0.000000 -1.000000 0.000000 -0.000000 -1.000000 0.000000 -0.000000 -1.000000 0.000000 -0.000000 -1.000000 0.000000 -0.000000 -1.000000 0.000000 -0.000000 -1.000000 0.000000 -0.000000 -1.000000 0.000000 -0.000000 -1.000000 0.000000 -0.000000 -1.000000 0.000000 -0.000000 -1.000000 0.000000 -0.000000 -1.000000 0.000000 -0.000000 -1.000000 0.000000 -0.000000 -1.000000 0.000000 -0.000000 -1.000000 0.000000 -0.000000 -1.000000 0.000000 -0.000000 -1.000000 0.000000 -0.000000 -1.000000 0.000000 -0.000000 -1.000000 0.000000 -0.000000 -1.000000 0.000000 -0.000000 -1.000000 0.000000 -0.000000 -1.000000 0.000000 -0.000000 -1.000000 0.000000 -0.000000 -1.000000 0.000000 -0.000000 -1.000000 0.000000 -0.000000 -1.000000 0.000000 -0.000000 -1.000000 0.000000 -0.000000 -1.000000 0.000000 -0.000000 -1.000000 0.000000 -0.000000 -1.000000 0.000000 -0.000000 -1.000000 0.000000 -0.000000 -1.000000 0.000000 -0.000000 -1.000000 0.000000 -0.000000 -1.000000 0.000000 -0.000000 -1.000000 0.000000 -0.000000 -1.000000 -0.000000 0.000000 1.000000 -0.000000 0.000000 1.000000 -0.000000 0.000000 1.000000 -0.000000 0.000000 1.000000 -0.000000 0.000000 1.000000 -0.000000 0.000000 1.000000 -0.000000 0.000000 1.000000 -0.000000 0.000000 1.000000 -0.000000 0.000000 1.000000 -0.000000 0.000000 1.000000 -0.000000 0.000000 1.000000 -0.000000 0.000000 1.000000 -0.000000 0.000000 1.000000 -0.000000 0.000000 1.000000 -0.000000 0.000000 1.000000 -0.000000 0.000000 1.000000 -0.000000 0.000000 1.000000 -0.000000 0.000000 1.000000 -0.000000 0.000000 1.000000 -0.000000 0.000000 1.000000 -0.000000 0.000000 1.000000 -0.000000 0.000000 1.000000 -0.000000 0.000000 1.000000 -0.000000 0.000000 1.000000 -0.000000 0.000000 1.000000 -0.000000 0.000000 1.000000 -0.000000 0.000000 1.000000 -0.000000 0.000000 1.000000 -0.000000 0.000000 1.000000 -0.000000 0.000000 1.000000 -0.000000 0.000000 1.000000 -0.000000 0.000000 1.000000 -0.000000 0.000000 1.000000 -0.000000 0.000000 1.000000 -0.000000 0.000000 1.000000 -0.000000 0.000000 1.000000 -0.000000 0.000000 1.000000 -0.000000 0.000000 1.000000 -0.000000 0.000000 1.000000 -0.000000 0.000000 1.000000 -0.000000 0.000000 1.000000 -0.000000 0.000000 1.000000 -0.000000 0.000000 1.000000 -0.000000 0.000000 1.000000 -0.000000 0.000000 1.000000 -0.000000 0.000000 1.000000 -0.000000 0.000000 1.000000 -0.000000 0.000000 1.000000 -0.000000 0.000000 1.000000 -0.000000 0.000000 1.000000 -0.000000 0.000000 1.000000 -0.000000 0.000000 1.000000 -0.000000 0.000000 1.000000 -0.000000 0.000000 1.000000 -0.000000 0.000000 1.000000 -0.000000 0.000000 1.000000 -0.000000 0.000000 1.000000 -0.000000 0.000000 1.000000 -0.000000 0.000000 1.000000 -0.000000 0.000000 1.000000 -0.000000 0.000000 1.000000 -0.000000 0.000000 1.000000 -0.000000 0.000000 1.000000 -0.000000 0.000000 1.000000 -0.000000 0.000000 1.000000 -0.000000 0.000000 1.000000 -0.000000 0.000000 1.000000 -0.000000 0.000000 1.000000 -0.000000 0.000000 1.000000 -0.000000 0.000000 1.000000 -0.000000 0.000000 1.000000 -0.000000 0.000000 1.000000 -0.000000 0.000000 1.000000 -0.000000 0.000000 1.000000 -0.000000 0.000000 1.000000 -0.000000 0.000000 1.000000 -0.000000 0.000000 1.000000 -0.000000 0.000000 1.000000 -0.000000 0.000000 1.000000 -0.000000 0.000000 1.000000 -0.000000 0.000000 1.000000 -0.000000 0.000000 1.000000 -0.000000 0.000000 1.000000 -0.000000 0.000000 1.000000 -0.000000 0.000000 1.000000 -0.000000 0.000000 1.000000 -0.000000 0.000000 1.000000 -0.000000 0.000000 1.000000 -0.000000 0.000000 1.000000 -0.000000 0.000000 1.000000 -0.000000 0.000000 1.000000 -0.000000 0.000000 1.000000 -0.000000 0.000000 1.000000 -0.000000 0.000000 1.000000 -0.000000 0.000000 1.000000 -0.000000 0.000000 1.000000 -0.000000 0.000000 1.000000 -0.000000 0.000000 1.000000 -0.000000 0.000000 1.000000 -0.000000 0.000000 1.000000 -0.000000 0.000000 1.000000 -0.000000 0.000000 1.000000 -0.000000 0.000000 1.000000 -0.000000 0.000000 1.000000 -0.000000 0.000000 1.000000 -0.000000 0.000000 1.000000 -0.000000 0.000000 1.000000 -0.000000 0.000000 1.000000 -0.000000 0.000000 1.000000 -0.000000 0.000000 1.000000 -0.000000 0.000000 1.000000 -0.000000 0.000000 1.000000 -0.000000 0.000000 1.000000 -0.000000 0.000000 1.000000 -0.000000 0.000000 1.000000 -0.000000 0.000000 1.000000 -0.000000 0.000000 1.000000 -0.000000 0.000000 1.000000 -0.000000 0.000000 1.000000 -0.000000 0.000000 1.000000 -0.000000 0.000000 1.000000 -0.000000 0.000000 1.000000 -0.000000 0.000000 1.000000 -0.000000 0.000000 1.000000 -0.000000 0.000000 1.000000 -0.000000 0.000000 1.000000 -0.000000 0.000000 1.000000 -0.000000 0.000000 1.000000 -0.000000 0.000000 1.000000 -0.000000 0.000000 1.000000 -0.000000 0.000000 1.000000 -0.000000 0.000000 1.000000 -0.000000 0.000000 1.000000 -0.000000 0.000000 1.000000 -0.000000 0.000000 1.000000 -0.000000 0.000000 1.000000 -0.000000 0.000000 1.000000 -0.000000 0.000000 1.000000 -0.000000 0.000000 1.000000 -0.000000 0.000000 1.000000 -0.000000 0.000000 1.000000 -0.000000 0.000000 1.000000 -0.000000 0.000000 1.000000 -0.000000 0.000000 1.000000 -0.000000 0.000000 1.000000 -0.000000 0.000000 1.000000 -0.000000 0.000000 1.000000 -0.000000 0.000000 1.000000 -0.000000 0.000000 1.000000 -0.000000 0.000000 1.000000 -0.000000 0.000000 1.000000 -0.000000 0.000000 1.000000 -0.000000 0.000000 1.000000 -0.000000 0.000000 1.000000 -0.000000 0.000000 1.000000 -0.000000 0.000000 1.000000 -0.000000 0.000000 1.000000 -0.000000 0.000000 1.000000 -0.000000 0.000000 1.000000 -0.000000 0.000000 1.000000 -0.000000 0.000000 1.000000 -0.000000 0.000000 1.000000 -0.000000 0.000000 1.000000 -0.000000 0.000000 1.000000 -0.000000 0.000000 1.000000 -0.000000 0.000000 1.000000 -0.000000 0.000000 1.000000 -0.000000 0.000000 1.000000 -0.000000 0.000000 1.000000 -0.000000 0.000000 1.000000 -0.000000 0.000000 1.000000 -0.000000 0.000000 1.000000 -0.000000 0.000000 1.000000 -0.000000 0.000000 1.000000 -0.000000 0.000000 1.000000 -0.000000 0.000000 1.000000 -0.000000 0.000000 1.000000 -0.000000 0.000000 1.000000 -0.000000 0.000000 1.000000 -0.000000 0.000000 1.000000 -0.000000 0.000000 1.000000 -0.000000 0.000000 1.000000 -0.000000 0.000000 1.000000 -0.000000 0.000000 1.000000 -0.000000 0.000000 1.000000 -0.000000 0.000000 1.000000 -0.000000 0.000000 1.000000 -0.000000 0.000000 1.000000 -0.000000 0.000000 1.000000 -0.000000 0.000000 1.000000 -0.000000 0.000000 1.000000 -0.000000 0.000000 1.000000 -0.000000 0.000000 1.000000 -0.000000 0.000000 1.000000 -0.000000 0.000000 1.000000 -0.000000 0.000000 1.000000 -0.000000 0.000000 1.000000 -0.000000 0.000000 1.000000 -0.000000 0.000000 1.000000 -0.000000 0.000000 1.000000 -0.000000 0.000000 1.000000 -0.000000 0.000000 1.000000 -0.000000 0.000000 1.000000 -0.000000 0.000000 1.000000 -0.000000 0.000000 1.000000 -0.000000 0.000000 1.000000 -0.000000 0.000000 1.000000 -0.000000 0.000000 1.000000 -0.000000 0.000000 1.000000 -0.000000 0.000000 1.000000 -0.000000 0.000000 1.000000 -0.000000 0.000000 1.000000 -0.000000 0.000000 1.000000 -0.000000 0.000000 1.000000 -0.000000 0.000000 1.000000 -0.000000 0.000000 1.000000 -0.000000 0.000000 1.000000 -0.000000 0.000000 1.000000 -0.000000 0.000000 1.000000 -0.000000 0.000000 1.000000 -0.000000 0.000000 1.000000 -0.000000 0.000000 1.000000 -0.000000 0.000000 1.000000 -0.000000 0.000000 1.000000 -0.000000 0.000000 1.000000 -0.000000 0.000000 1.000000 -0.000000 0.000000 1.000000 -0.000000 0.000000 1.000000 -0.000000 0.000000 1.000000 -0.000000 0.000000 1.000000 -0.000000 0.000000 1.000000 -0.000000 0.000000 1.000000 -0.000000 0.000000 1.000000 -0.000000 0.000000 1.000000 -0.000000 0.000000 1.000000 -0.000000 0.000000 1.000000 -0.000000 0.000000 1.000000 -0.000000 0.000000 1.000000 -0.000000 0.000000 1.000000 -0.000000 0.000000 1.000000 -0.000000 0.000000 1.000000 -0.000000 0.000000 1.000000 -0.000000 0.000000 1.000000 -0.000000 0.000000 1.000000 -0.000000 0.000000 1.000000 -0.000000 0.000000 1.000000 -0.000000 0.000000 1.000000 -0.000000 0.000000 1.000000 -0.000000 0.000000 1.000000 -0.000000 0.000000 1.000000 -0.000000 0.000000 1.000000 -0.000000 0.000000 1.000000 -0.000000 0.000000 1.000000 -0.000000 0.000000 1.000000 -0.000000 0.000000 1.000000 -0.000000 0.000000 1.000000 -0.000000 0.000000 1.000000 -0.000000 0.000000 1.000000 -0.000000 0.000000 1.000000 -0.000000 0.000000 1.000000 -0.000000 0.000000 1.000000 -0.000000 0.000000 1.000000 -0.000000 0.000000 1.000000 -0.000000 0.000000 1.000000 -0.000000 0.000000 1.000000 -0.000000 0.000000 1.000000 -0.000000 0.000000 1.000000 -0.258819 0.965926 -0.000000 -0.258819 0.965926 -0.000000 0.000000 1.000000 -0.000000 0.000000 1.000000 -0.000000 0.258819 0.965926 0.000000 0.258819 0.965926 0.000000 0.500000 0.866025 0.000000 0.500000 0.866025 0.000000 0.707107 0.707107 0.000000 0.707107 0.707107 0.000000 0.866025 0.500000 0.000000 0.866025 0.500000 0.000000 0.965926 0.258819 0.000000 0.965926 0.258819 0.000000 1.000000 -0.000000 0.000000 1.000000 -0.000000 0.000000 0.965926 -0.258819 0.000000 0.965926 -0.258819 0.000000 0.866025 -0.500000 0.000000 0.866025 -0.500000 0.000000 0.707107 -0.707107 0.000000 0.707107 -0.707107 0.000000 0.500000 -0.866025 0.000000 0.500000 -0.866025 0.000000 0.258819 -0.965926 0.000000 0.258819 -0.965926 0.000000 -0.000000 -1.000000 0.000000 -0.000000 -1.000000 0.000000 -0.258819 -0.965926 -0.000000 -0.258819 -0.965926 -0.000000 -0.500000 -0.866025 -0.000000 -0.500000 -0.866025 -0.000000 -0.707107 -0.707107 -0.000000 -0.707107 -0.707107 -0.000000 -0.866025 -0.500000 -0.000000 -0.866025 -0.500000 -0.000000 -0.965926 -0.258819 -0.000000 -0.965926 -0.258819 -0.000000 -1.000000 0.000000 -0.000000 -1.000000 0.000000 -0.000000 -0.965926 0.258819 -0.000000 -0.965926 0.258819 -0.000000 -0.866025 0.500000 -0.000000 -0.866025 0.500000 -0.000000 -0.707107 0.707107 -0.000000 -0.707107 0.707107 -0.000000 -0.500000 0.866025 -0.000000 -0.500000 0.866025 -0.000000 -0.258819 0.965926 -0.000000 -0.258819 0.965926 -0.000000 0.000000 1.000000 -0.000000 0.000000 1.000000 -0.000000 0.258819 0.965926 0.000000 0.258819 0.965926 0.000000 0.500000 0.866025 0.000000 0.500000 0.866025 0.000000 0.707107 0.707107 0.000000 0.707107 0.707107 0.000000 0.866025 0.500000 0.000000 0.866025 0.500000 0.000000 0.965926 0.258819 0.000000 0.965926 0.258819 0.000000 1.000000 -0.000000 0.000000 1.000000 -0.000000 0.000000 0.965926 -0.258819 0.000000 0.965926 -0.258819 0.000000 0.866025 -0.500000 0.000000 0.866025 -0.500000 0.000000 0.707107 -0.707107 0.000000 0.707107 -0.707107 0.000000 0.500000 -0.866025 0.000000 0.500000 -0.866025 0.000000 0.258819 -0.965926 0.000000 0.258819 -0.965926 0.000000 -0.000000 -1.000000 0.000000 -0.000000 -1.000000 0.000000 -0.258819 -0.965926 -0.000000 -0.258819 -0.965926 -0.000000 -0.500000 -0.866025 -0.000000 -0.500000 -0.866025 -0.000000 -0.707107 -0.707107 -0.000000 -0.707107 -0.707107 -0.000000 -0.866025 -0.500000 -0.000000 -0.866025 -0.500000 -0.000000 -0.965926 -0.258819 -0.000000 -0.965926 -0.258819 -0.000000 -1.000000 0.000000 -0.000000 -1.000000 0.000000 -0.000000 -0.965926 0.258819 -0.000000 -0.965926 0.258819 -0.000000 -0.866025 0.500000 -0.000000 -0.866025 0.500000 -0.000000 -0.707107 0.707107 -0.000000 -0.707107 0.707107 -0.000000 -0.500000 0.866025 -0.000000 -0.500000 0.866025 -0.000000 -0.258819 0.965926 -0.000000 -0.258819 0.965926 -0.000000 0.000000 1.000000 -0.000000 0.000000 1.000000 -0.000000 0.258819 0.965926 0.000000 0.258819 0.965926 0.000000 0.500000 0.866025 0.000000 0.500000 0.866025 0.000000 0.707107 0.707107 0.000000 0.707107 0.707107 0.000000 0.866025 0.500000 0.000000 0.866025 0.500000 0.000000 0.965926 0.258819 0.000000 0.965926 0.258819 0.000000 1.000000 -0.000000 0.000000 1.000000 -0.000000 0.000000 0.965926 -0.258819 0.000000 0.965926 -0.258819 0.000000 0.866025 -0.500000 0.000000 0.866025 -0.500000 0.000000 0.707107 -0.707107 0.000000 0.707107 -0.707107 0.000000 0.500000 -0.866025 0.000000 0.500000 -0.866025 0.000000 0.258819 -0.965926 0.000000 0.258819 -0.965926 0.000000 -0.000000 -1.000000 0.000000 -0.000000 -1.000000 0.000000 -0.258819 -0.965926 -0.000000 -0.258819 -0.965926 -0.000000 -0.500000 -0.866025 -0.000000 -0.500000 -0.866025 -0.000000 -0.707107 -0.707107 -0.000000 -0.707107 -0.707107 -0.000000 -0.866025 -0.500000 -0.000000 -0.866025 -0.500000 -0.000000 -0.965926 -0.258819 -0.000000 -0.965926 -0.258819 -0.000000 -1.000000 0.000000 -0.000000 -1.000000 0.000000 -0.000000 -0.965926 0.258819 -0.000000 -0.965926 0.258819 -0.000000 -0.866025 0.500000 -0.000000 -0.866025 0.500000 -0.000000 -0.707107 0.707107 -0.000000 -0.707107 0.707107 -0.000000 -0.500000 0.866025 -0.000000 -0.500000 0.866025 -0.000000 -0.258819 0.965926 -0.000000 -0.258819 0.965926 -0.000000 0.000000 1.000000 -0.000000 0.000000 1.000000 -0.000000 0.258819 0.965926 0.000000 0.258819 0.965926 0.000000 0.500000 0.866025 0.000000 0.500000 0.866025 0.000000 0.707107 0.707107 0.000000 0.707107 0.707107 0.000000 0.866025 0.500000 0.000000 0.866025 0.500000 0.000000 0.965926 0.258819 0.000000 0.965926 0.258819 0.000000 1.000000 -0.000000 0.000000 1.000000 -0.000000 0.000000 0.965926 -0.258819 0.000000 0.965926 -0.258819 0.000000 0.866025 -0.500000 0.000000 0.866025 -0.500000 0.000000 0.707107 -0.707107 0.000000 0.707107 -0.707107 0.000000 0.500000 -0.866025 0.000000 0.500000 -0.866025 0.000000 0.258819 -0.965926 0.000000 0.258819 -0.965926 0.000000 -0.000000 -1.000000 0.000000 -0.000000 -1.000000 0.000000 -0.258819 -0.965926 -0.000000 -0.258819 -0.965926 -0.000000 -0.500000 -0.866025 -0.000000 -0.500000 -0.866025 -0.000000 -0.707107 -0.707107 -0.000000 -0.707107 -0.707107 -0.000000 -0.866025 -0.500000 -0.000000 -0.866025 -0.500000 -0.000000 -0.965926 -0.258819 -0.000000 -0.965926 -0.258819 -0.000000 -1.000000 0.000000 -0.000000 -1.000000 0.000000 -0.000000 -0.965926 0.258819 -0.000000 -0.965926 0.258819 -0.000000 -0.866025 0.500000 -0.000000 -0.866025 0.500000 -0.000000 -0.707107 0.707107 -0.000000 -0.707107 0.707107 -0.000000 -0.500000 0.866025 -0.000000 -0.500000 0.866025 -0.000000 -0.258819 0.965926 -0.000000 -0.258819 0.965926 -0.000000 0.000000 1.000000 -0.000000 0.000000 1.000000 -0.000000 0.258819 0.965926 0.000000 0.258819 0.965926 0.000000 0.500000 0.866025 0.000000 0.500000 0.866025 0.000000 0.707107 0.707107 0.000000 0.707107 0.707107 0.000000 0.866025 0.500000 0.000000 0.866025 0.500000 0.000000 0.965926 0.258819 0.000000 0.965926 0.258819 0.000000 1.000000 -0.000000 0.000000 1.000000 -0.000000 0.000000 0.965926 -0.258819 0.000000 0.965926 -0.258819 0.000000 0.866025 -0.500000 0.000000 0.866025 -0.500000 0.000000 0.707107 -0.707107 0.000000 0.707107 -0.707107 0.000000 0.500000 -0.866025 0.000000 0.500000 -0.866025 0.000000 0.258819 -0.965926 0.000000 0.258819 -0.965926 0.000000 -0.000000 -1.000000 0.000000 -0.000000 -1.000000 0.000000 -0.258819 -0.965926 -0.000000 -0.258819 -0.965926 -0.000000 -0.500000 -0.866025 -0.000000 -0.500000 -0.866025 -0.000000 -0.707107 -0.707107 -0.000000 -0.707107 -0.707107 -0.000000 -0.866025 -0.500000 -0.000000 -0.866025 -0.500000 -0.000000 -0.965926 -0.258819 -0.000000 -0.965926 -0.258819 -0.000000 -1.000000 0.000000 -0.000000 -1.000000 0.000000 -0.000000 -0.965926 0.258819 -0.000000 -0.965926 0.258819 -0.000000 -0.866025 0.500000 -0.000000 -0.866025 0.500000 -0.000000 -0.707107 0.707107 -0.000000 -0.707107 0.707107 -0.000000 -0.500000 0.866025 -0.000000 -0.500000 0.866025 -0.000000 -0.258819 0.965926 -0.000000 -0.258819 0.965926 -0.000000 0.000000 1.000000 -0.000000 0.000000 1.000000 -0.000000 0.258819 0.965926 0.000000 0.258819 0.965926 0.000000 0.500000 0.866025 0.000000 0.500000 0.866025 0.000000 0.707107 0.707107 0.000000 0.707107 0.707107 0.000000 0.866025 0.500000 0.000000 0.866025 0.500000 0.000000 0.965926 0.258819 0.000000 0.965926 0.258819 0.000000 1.000000 -0.000000 0.000000 1.000000 -0.000000 0.000000 0.965926 -0.258819 0.000000 0.965926 -0.258819 0.000000 0.866025 -0.500000 0.000000 0.866025 -0.500000 0.000000 0.707107 -0.707107 0.000000 0.707107 -0.707107 0.000000 0.500000 -0.866025 0.000000 0.500000 -0.866025 0.000000 0.258819 -0.965926 0.000000 0.258819 -0.965926 0.000000 -0.000000 -1.000000 0.000000 -0.000000 -1.000000 0.000000 -0.258819 -0.965926 -0.000000 -0.258819 -0.965926 -0.000000 -0.500000 -0.866025 -0.000000 -0.500000 -0.866025 -0.000000 -0.707107 -0.707107 -0.000000 -0.707107 -0.707107 -0.000000 -0.866025 -0.500000 -0.000000 -0.866025 -0.500000 -0.000000 -0.965926 -0.258819 -0.000000 -0.965926 -0.258819 -0.000000 -1.000000 0.000000 -0.000000 -1.000000 0.000000 -0.000000 -0.965926 0.258819 -0.000000 -0.965926 0.258819 -0.000000 -0.866025 0.500000 -0.000000 -0.866025 0.500000 -0.000000 -0.707107 0.707107 -0.000000 -0.707107 0.707107 -0.000000 -0.500000 0.866025 -0.000000 -0.500000 0.866025 -0.000000 -0.258819 0.965926 -0.000000 -0.258819 0.965926 -0.000000 0.000000 1.000000 -0.000000 0.000000 1.000000 -0.000000 0.258819 0.965926 0.000000 0.258819 0.965926 0.000000 0.500000 0.866025 0.000000 0.500000 0.866025 0.000000 0.707107 0.707107 0.000000 0.707107 0.707107 0.000000 0.866025 0.500000 0.000000 0.866025 0.500000 0.000000 0.965926 0.258819 0.000000 0.965926 0.258819 0.000000 1.000000 -0.000000 0.000000 1.000000 -0.000000 0.000000 0.965926 -0.258819 0.000000 0.965926 -0.258819 0.000000 0.866025 -0.500000 0.000000 0.866025 -0.500000 0.000000 0.707107 -0.707107 0.000000 0.707107 -0.707107 0.000000 0.500000 -0.866025 0.000000 0.500000 -0.866025 0.000000 0.258819 -0.965926 0.000000 0.258819 -0.965926 0.000000 -0.000000 -1.000000 0.000000 -0.000000 -1.000000 0.000000 -0.258819 -0.965926 -0.000000 -0.258819 -0.965926 -0.000000 -0.500000 -0.866025 -0.000000 -0.500000 -0.866025 -0.000000 -0.707107 -0.707107 -0.000000 -0.707107 -0.707107 -0.000000 -0.866025 -0.500000 -0.000000 -0.866025 -0.500000 -0.000000 -0.965926 -0.258819 -0.000000 -0.965926 -0.258819 -0.000000 -1.000000 0.000000 -0.000000 -1.000000 0.000000 -0.000000 -0.965926 0.258819 -0.000000 -0.965926 0.258819 -0.000000 -0.866025 0.500000 -0.000000 -0.866025 0.500000 -0.000000 -0.707107 0.707107 -0.000000 -0.707107 0.707107 -0.000000 -0.500000 0.866025 -0.000000 -0.500000 0.866025 -0.000000 -0.258819 0.965926 -0.000000 -0.258819 0.965926 -0.000000 0.000000 1.000000 -0.000000 0.000000 1.000000 -0.000000 0.258819 0.965926 0.000000 0.258819 0.965926 0.000000 0.500000 0.866025 0.000000 0.500000 0.866025 0.000000 0.707107 0.707107 0.000000 0.707107 0.707107 0.000000 0.866025 0.500000 0.000000 0.866025 0.500000 0.000000 0.965926 0.258819 0.000000 0.965926 0.258819 0.000000 1.000000 -0.000000 0.000000 1.000000 -0.000000 0.000000 0.965926 -0.258819 0.000000 0.965926 -0.258819 0.000000 0.866025 -0.500000 0.000000 0.866025 -0.500000 0.000000 0.707107 -0.707107 0.000000 0.707107 -0.707107 0.000000 0.500000 -0.866025 0.000000 0.500000 -0.866025 0.000000 0.258819 -0.965926 0.000000 0.258819 -0.965926 0.000000 -0.000000 -1.000000 0.000000 -0.000000 -1.000000 0.000000 -0.258819 -0.965926 -0.000000 -0.258819 -0.965926 -0.000000 -0.500000 -0.866025 -0.000000 -0.500000 -0.866025 -0.000000 -0.707107 -0.707107 -0.000000 -0.707107 -0.707107 -0.000000 -0.866025 -0.500000 -0.000000 -0.866025 -0.500000 -0.000000 -0.965926 -0.258819 -0.000000 -0.965926 -0.258819 -0.000000 -1.000000 0.000000 -0.000000 -1.000000 0.000000 -0.000000 -0.965926 0.258819 -0.000000 -0.965926 0.258819 -0.000000 -0.866025 0.500000 -0.000000 -0.866025 0.500000 -0.000000 -0.707107 0.707107 -0.000000 -0.707107 0.707107 -0.000000 -0.500000 0.866025 -0.000000 -0.500000 0.866025 -0.000000 0.000000 1.000000 -0.000000 0.000000 1.000000 -0.000000 0.000000 1.000000 -0.000000 0.000000 1.000000 -0.000000 -0.000000 -1.000000 0.000000 -0.000000 -1.000000 0.000000 -0.000000 -1.000000 0.000000 -0.000000 -1.000000 0.000000 -0.078459 0.996917 -0.000000 -0.078459 0.996917 -0.000000 -0.156434 0.987688 -0.000000 -0.156434 0.987688 -0.000000 -0.233445 0.972370 -0.000000 -0.233445 0.972370 -0.000000 -0.309017 0.951057 -0.000000 -0.309017 0.951057 -0.000000 -0.382683 0.923880 -0.000000 -0.382683 0.923880 -0.000000 -0.453990 0.891007 -0.000000 -0.453990 0.891007 -0.000000 -0.522499 0.852640 -0.000000 -0.522499 0.852640 -0.000000 -0.587785 0.809017 -0.000000 -0.587785 0.809017 -0.000000 -0.649448 0.760406 -0.000000 -0.649448 0.760406 -0.000000 -0.707107 0.707107 -0.000000 -0.707107 0.707107 -0.000000 -0.760406 0.649448 -0.000000 -0.760406 0.649448 -0.000000 -0.809017 0.587785 -0.000000 -0.809017 0.587785 -0.000000 -0.852640 0.522499 -0.000000 -0.852640 0.522499 -0.000000 -0.891007 0.453990 -0.000000 -0.891007 0.453990 -0.000000 -0.923880 0.382683 -0.000000 -0.923880 0.382683 -0.000000 -0.951057 0.309017 -0.000000 -0.951057 0.309017 -0.000000 -0.972370 0.233445 -0.000000 -0.972370 0.233445 -0.000000 -0.987688 0.156434 -0.000000 -0.987688 0.156434 -0.000000 -0.996917 0.078459 -0.000000 -0.996917 0.078459 -0.000000 -1.000000 0.000000 -0.000000 -1.000000 0.000000 -0.000000 -0.996917 -0.078459 -0.000000 -0.996917 -0.078459 -0.000000 -0.987688 -0.156434 -0.000000 -0.987688 -0.156434 -0.000000 -0.972370 -0.233445 -0.000000 -0.972370 -0.233445 -0.000000 -0.951057 -0.309017 -0.000000 -0.951057 -0.309017 -0.000000 -0.923880 -0.382683 -0.000000 -0.923880 -0.382683 -0.000000 -0.891007 -0.453990 -0.000000 -0.891007 -0.453990 -0.000000 -0.852640 -0.522499 -0.000000 -0.852640 -0.522499 -0.000000 -0.809017 -0.587785 -0.000000 -0.809017 -0.587785 -0.000000 -0.760406 -0.649448 -0.000000 -0.760406 -0.649448 -0.000000 -0.707107 -0.707107 -0.000000 -0.707107 -0.707107 -0.000000 -0.649448 -0.760406 -0.000000 -0.649448 -0.760406 -0.000000 -0.587785 -0.809017 -0.000000 -0.587785 -0.809017 -0.000000 -0.522499 -0.852640 -0.000000 -0.522499 -0.852640 -0.000000 -0.453990 -0.891007 -0.000000 -0.453990 -0.891007 -0.000000 -0.382683 -0.923880 -0.000000 -0.382683 -0.923880 -0.000000 -0.309017 -0.951057 -0.000000 -0.309017 -0.951057 -0.000000 -0.233445 -0.972370 -0.000000 -0.233445 -0.972370 -0.000000 -0.156434 -0.987688 0.000000 -0.156434 -0.987688 0.000000 -0.078459 -0.996917 0.000000 -0.078459 -0.996917 0.000000 -0.000000 0.000000 1.000000 -0.000000 0.000000 1.000000 -0.000000 0.000000 1.000000 -0.000000 0.000000 1.000000 -0.000000 0.000000 1.000000 -0.000000 0.000000 1.000000 -0.000000 0.000000 1.000000 -0.000000 0.000000 1.000000 -0.000000 0.000000 1.000000 -0.000000 0.000000 1.000000 -0.000000 0.000000 1.000000 -0.000000 0.000000 1.000000 -0.000000 0.000000 1.000000 -0.000000 0.000000 1.000000 -0.000000 0.000000 1.000000 -0.000000 0.000000 1.000000 -0.000000 0.000000 1.000000 -0.000000 0.000000 1.000000 -0.000000 0.000000 1.000000 -0.000000 0.000000 1.000000 -0.000000 0.000000 1.000000 -0.000000 0.000000 1.000000 -0.000000 0.000000 1.000000 -0.000000 0.000000 1.000000 -0.000000 0.000000 1.000000 -0.000000 0.000000 1.000000 -0.000000 0.000000 1.000000 -0.000000 0.000000 1.000000 -0.000000 0.000000 1.000000 -0.000000 0.000000 1.000000 -0.000000 0.000000 1.000000 -0.000000 0.000000 1.000000 0.000000 -0.536187 -0.844099 0.000000 -0.536187 -0.844099 0.000000 -0.309524 -0.950892 0.000000 -0.536187 -0.844099 0.000000 -0.536187 -0.844099 0.000000 -0.729187 -0.684314 0.000000 -0.729187 -0.684314 0.000000 -0.876409 -0.481567 0.000000 -0.876409 -0.481567 0.000000 -0.968610 -0.248587 0.000000 -0.968610 -0.248587 0.000000 -1.000000 0.000000 0.000000 -0.968610 -0.248587 0.000000 -0.968610 -0.248587 0.000000 -0.876409 -0.481567 0.000000 -0.876409 -0.481567 0.000000 -0.729187 -0.684314 0.000000 -0.729187 -0.684314 0.000000 -0.729187 -0.684314 0.000000 -0.876409 -0.481567 0.000000 -0.968610 -0.248587 0.000000 -1.000000 0.000000 0.000000 -0.876409 -0.481567 0.000000 -0.968610 -0.248587 0.000000 -0.968610 -0.248587 0.000000 -0.876409 -0.481567 0.000000 -0.729187 -0.684314 0.000000 -0.536187 -0.844099 0.000000 -0.309524 -0.950892 0.000000 -0.729187 -0.684314 0.000000 -0.536187 -0.844099 0.000000 -0.536187 -0.844099 0.000000 -1.000000 0.000000 0.000000 -1.000000 0.000000 -0.000000 0.968610 -0.248587 -0.000000 0.968610 -0.248587 -0.000000 1.000000 -0.000000 -0.000000 0.968610 -0.248587 -0.000000 0.968610 -0.248587 -0.000000 0.876409 -0.481567 -0.000000 0.876409 -0.481567 -0.000000 0.729187 -0.684314 -0.000000 0.729187 -0.684314 -0.000000 0.536187 -0.844099 -0.000000 0.536187 -0.844099 -0.000000 0.309524 -0.950892 -0.000000 0.536187 -0.844099 -0.000000 0.536187 -0.844099 -0.000000 0.729187 -0.684314 -0.000000 0.729187 -0.684314 -0.000000 0.876409 -0.481567 -0.000000 0.876409 -0.481567 -0.000000 0.876409 -0.481567 -0.000000 0.729187 -0.684314 -0.000000 0.536187 -0.844099 -0.000000 0.309524 -0.950892 -0.000000 0.729187 -0.684314 -0.000000 0.536187 -0.844099 -0.000000 0.536187 -0.844099 -0.000000 0.729187 -0.684314 -0.000000 0.876409 -0.481567 -0.000000 0.968610 -0.248587 -0.000000 1.000000 -0.000000 -0.000000 0.876409 -0.481567 -0.000000 0.968610 -0.248587 -0.000000 0.968610 -0.248587 -0.000000 0.367984 -0.929832 -0.000000 0.367984 -0.929832 -0.000000 0.367984 -0.929832 -0.000000 0.425023 -0.905183 -0.000000 0.425023 -0.905183 -0.000000 0.480421 -0.877038 -0.000000 0.480421 -0.877038 -0.000000 0.533964 -0.845507 -0.000000 0.533964 -0.845507 -0.000000 0.585446 -0.810712 -0.000000 0.585446 -0.810712 -0.000000 0.634667 -0.772786 -0.000000 0.634667 -0.772786 -0.000000 0.681437 -0.731876 -0.000000 0.681437 -0.731876 -0.000000 0.725577 -0.688141 -0.000000 0.725577 -0.688141 -0.000000 0.766915 -0.641749 -0.000000 0.766915 -0.641749 -0.000000 0.805292 -0.592879 -0.000000 0.805292 -0.592879 -0.000000 0.840559 -0.541719 -0.000000 0.840559 -0.541719 -0.000000 0.872582 -0.488468 -0.000000 0.872582 -0.488468 -0.000000 0.901235 -0.433332 -0.000000 0.901235 -0.433332 -0.000000 0.872582 -0.488468 -0.000000 0.840559 -0.541719 -0.000000 0.805292 -0.592879 -0.000000 0.766915 -0.641749 -0.000000 0.725577 -0.688141 -0.000000 0.681437 -0.731876 -0.000000 0.634667 -0.772786 -0.000000 0.585446 -0.810712 -0.000000 0.533964 -0.845507 -0.000000 0.480421 -0.877038 -0.000000 0.425023 -0.905183 -0.000000 0.970172 -0.242416 -0.000000 0.970172 -0.242416 -0.000000 1.000000 -0.000000 -0.000000 0.970172 -0.242416 -0.000000 0.970172 -0.242416 -0.000000 0.882469 -0.470370 -0.000000 0.882469 -0.470370 -0.000000 0.742122 -0.670265 -0.000000 0.742122 -0.670265 -0.000000 0.557504 -0.830174 -0.000000 0.557504 -0.830174 -0.000000 0.339627 -0.940560 -0.000000 0.339627 -0.940560 -0.000000 0.101490 -0.994837 -0.000000 0.101490 -0.994837 -0.000000 -0.142701 -0.989766 -0.000000 -0.142701 -0.989766 0.000000 -0.378379 -0.925651 0.000000 -0.378379 -0.925651 0.000000 -0.591485 -0.806316 0.000000 -0.591485 -0.806316 0.000000 -0.769307 -0.638880 0.000000 -0.769307 -0.638880 0.000000 -0.901235 -0.433332 0.000000 -0.769307 -0.638880 0.000000 -0.769307 -0.638880 0.000000 -0.591485 -0.806316 0.000000 -0.591485 -0.806316 0.000000 -0.378379 -0.925651 0.000000 -0.378379 -0.925651 -0.000000 -0.142701 -0.989766 -0.000000 -0.142701 -0.989766 -0.000000 0.101490 -0.994837 -0.000000 0.101490 -0.994837 -0.000000 0.339627 -0.940560 -0.000000 0.339627 -0.940560 -0.000000 0.557504 -0.830174 -0.000000 0.557504 -0.830174 -0.000000 0.742122 -0.670265 -0.000000 0.742122 -0.670265 -0.000000 0.882469 -0.470370 -0.000000 0.882469 -0.470370 -0.000000 0.970172 -0.242416 -0.000000 0.970172 -0.242416 -0.000000 1.000000 -0.000000 -0.000000 0.882469 -0.470370 -0.000000 0.882469 -0.470370 -0.000000 0.742122 -0.670265 -0.000000 0.742122 -0.670265 -0.000000 0.557504 -0.830174 -0.000000 0.557504 -0.830174 -0.000000 0.339627 -0.940560 -0.000000 0.339627 -0.940560 -0.000000 0.101490 -0.994837 -0.000000 0.101490 -0.994837 -0.000000 -0.142701 -0.989766 -0.000000 -0.142701 -0.989766 0.000000 -0.378379 -0.925651 0.000000 -0.378379 -0.925651 0.000000 -0.591485 -0.806316 0.000000 -0.591485 -0.806316 0.000000 -0.769307 -0.638880 0.000000 -0.769307 -0.638880 0.000000 -0.901235 -0.433332 0.000000 -0.769307 -0.638880 0.000000 -0.769307 -0.638880 0.000000 -0.769307 -0.638880 0.000000 -0.591485 -0.806316 0.000000 -0.591485 -0.806316 0.000000 -0.378379 -0.925651 0.000000 -0.378379 -0.925651 -0.000000 -0.142701 -0.989766 -0.000000 -0.142701 -0.989766 -0.000000 0.101490 -0.994837 -0.000000 0.970172 -0.242416 -0.000000 0.970172 -0.242416 -0.000000 0.970172 -0.242416 -0.000000 0.882469 -0.470370 -0.000000 0.882469 -0.470370 -0.000000 0.742122 -0.670265 -0.000000 0.742122 -0.670265 -0.000000 0.557504 -0.830174 -0.000000 0.557504 -0.830174 -0.000000 0.339627 -0.940560 -0.000000 0.882469 -0.470370 -0.000000 0.742122 -0.670265 -0.000000 0.557504 -0.830174 -0.000000 0.339627 -0.940560 -0.000000 0.970172 -0.242416 -0.000000 0.970172 -0.242416 -0.000000 0.970172 -0.242416 -0.000000 0.882469 -0.470370 -0.000000 0.882469 -0.470370 -0.000000 0.742122 -0.670265 -0.000000 0.742122 -0.670265 -0.000000 0.557504 -0.830174 -0.000000 0.557504 -0.830174 -0.000000 0.339627 -0.940560 -0.000000 0.339627 -0.940560 -0.000000 0.101490 -0.994837 -0.000000 0.101490 -0.994837 -0.000000 -0.142701 -0.989766 -0.000000 -0.142701 -0.989766 0.000000 -0.378379 -0.925651 -0.000000 0.882469 -0.470370 -0.000000 0.882469 -0.470370 -0.000000 0.970172 -0.242416 -0.000000 0.970172 -0.242416 -0.000000 0.970172 -0.242416 -0.000000 0.882469 -0.470370 -0.000000 0.882469 -0.470370 -0.000000 0.742122 -0.670265 -0.000000 0.557504 -0.830174 -0.000000 0.339627 -0.940560 -0.000000 0.101490 -0.994837 -0.000000 -0.142701 -0.989766 0.000000 -0.378379 -0.925651 0.000000 -0.591485 -0.806316 0.000000 -0.769307 -0.638880 -0.000000 0.742122 -0.670265 -0.000000 0.742122 -0.670265 -0.000000 0.742122 -0.670265 -0.000000 0.557504 -0.830174 -0.000000 0.339627 -0.940560 -0.000000 0.101490 -0.994837 -0.000000 0.557504 -0.830174 -0.000000 0.557504 -0.830174 -0.000000 0.339627 -0.940560 -0.000000 0.101490 -0.994837 -0.000000 -0.142701 -0.989766 0.000000 -0.378379 -0.925651 0.000000 -0.591485 -0.806316 0.000000 -0.769307 -0.638880 -0.000000 0.339627 -0.940560 -0.000000 0.339627 -0.940560 -0.000000 0.101490 -0.994837 -0.000000 -0.142701 -0.989766 -0.000000 0.101490 -0.994837 -0.000000 0.101490 -0.994837 -0.000000 -0.142701 -0.989766 0.000000 -0.378379 -0.925651 0.000000 -0.591485 -0.806316 0.000000 -0.769307 -0.638880 -0.000000 -0.142701 -0.989766 0.000000 -0.378379 -0.925651 0.000000 -0.591485 -0.806316 0.000000 -0.769307 -0.638880 0.000000 -0.378379 -0.925651 0.000000 -0.378379 -0.925651 0.000000 -0.591485 -0.806316 0.000000 -0.769307 -0.638880 0.000000 -0.591485 -0.806316 0.000000 -0.591485 -0.806316 0.000000 -0.769307 -0.638880 0.000000 -0.367984 -0.929832 0.000000 -0.367984 -0.929832 0.000000 -0.367984 -0.929832 0.000000 -0.425023 -0.905183 0.000000 -0.425023 -0.905183 0.000000 -0.480421 -0.877038 0.000000 -0.480421 -0.877038 0.000000 -0.533964 -0.845507 0.000000 -0.533964 -0.845507 0.000000 -0.585446 -0.810712 0.000000 -0.585446 -0.810712 0.000000 -0.634667 -0.772786 0.000000 -0.634667 -0.772786 0.000000 -0.681437 -0.731876 0.000000 -0.681437 -0.731876 0.000000 -0.725577 -0.688141 0.000000 -0.725577 -0.688141 0.000000 -0.766915 -0.641749 0.000000 -0.766915 -0.641749 0.000000 -0.805292 -0.592879 0.000000 -0.805292 -0.592879 0.000000 -0.840559 -0.541719 0.000000 -0.840559 -0.541719 0.000000 -0.872582 -0.488468 0.000000 -0.872582 -0.488468 0.000000 -0.872582 -0.488468 0.000000 -0.840559 -0.541719 0.000000 -0.805292 -0.592879 0.000000 -0.766915 -0.641749 0.000000 -0.725577 -0.688141 0.000000 -0.681437 -0.731876 0.000000 -0.634667 -0.772786 0.000000 -0.585446 -0.810712 0.000000 -0.533964 -0.845507 0.000000 -0.480421 -0.877038 0.000000 -0.425023 -0.905183 -0.000000 0.769307 -0.638880 -0.000000 0.769307 -0.638880 -0.000000 0.769307 -0.638880 -0.000000 0.769307 -0.638880 -0.000000 0.591485 -0.806316 -0.000000 0.591485 -0.806316 -0.000000 0.378379 -0.925651 -0.000000 0.378379 -0.925651 -0.000000 0.142701 -0.989766 -0.000000 0.142701 -0.989766 -0.000000 -0.101490 -0.994837 -0.000000 -0.101490 -0.994837 0.000000 -0.339627 -0.940560 0.000000 -0.339627 -0.940560 0.000000 -0.557504 -0.830174 0.000000 -0.557504 -0.830174 0.000000 -0.742122 -0.670265 0.000000 -0.742122 -0.670265 0.000000 -0.882469 -0.470370 0.000000 -0.882469 -0.470370 0.000000 -0.970172 -0.242416 0.000000 -0.970172 -0.242416 0.000000 -1.000000 0.000000 0.000000 -0.970172 -0.242416 0.000000 -0.970172 -0.242416 0.000000 -0.882469 -0.470370 0.000000 -0.882469 -0.470370 0.000000 -0.742122 -0.670265 0.000000 -0.742122 -0.670265 0.000000 -0.557504 -0.830174 0.000000 -0.557504 -0.830174 0.000000 -0.339627 -0.940560 0.000000 -0.339627 -0.940560 -0.000000 -0.101490 -0.994837 -0.000000 -0.101490 -0.994837 -0.000000 0.142701 -0.989766 -0.000000 0.142701 -0.989766 -0.000000 0.378379 -0.925651 -0.000000 0.378379 -0.925651 -0.000000 0.591485 -0.806316 -0.000000 0.591485 -0.806316 -0.000000 0.769307 -0.638880 -0.000000 0.769307 -0.638880 -0.000000 0.591485 -0.806316 -0.000000 0.591485 -0.806316 -0.000000 0.378379 -0.925651 -0.000000 0.378379 -0.925651 -0.000000 0.142701 -0.989766 -0.000000 0.142701 -0.989766 -0.000000 -0.101490 -0.994837 -0.000000 -0.101490 -0.994837 0.000000 -0.339627 -0.940560 0.000000 -0.339627 -0.940560 0.000000 -0.557504 -0.830174 0.000000 -0.557504 -0.830174 0.000000 -0.742122 -0.670265 0.000000 -0.742122 -0.670265 0.000000 -0.882469 -0.470370 0.000000 -0.882469 -0.470370 0.000000 -0.970172 -0.242416 0.000000 -0.970172 -0.242416 0.000000 -1.000000 0.000000 0.000000 -0.970172 -0.242416 0.000000 -0.970172 -0.242416 0.000000 -0.970172 -0.242416 0.000000 -0.882469 -0.470370 0.000000 -0.882469 -0.470370 0.000000 -0.742122 -0.670265 0.000000 -0.742122 -0.670265 0.000000 -0.557504 -0.830174 0.000000 -0.557504 -0.830174 0.000000 -0.339627 -0.940560 -0.000000 0.769307 -0.638880 -0.000000 0.769307 -0.638880 -0.000000 0.769307 -0.638880 -0.000000 0.591485 -0.806316 -0.000000 0.591485 -0.806316 -0.000000 0.378379 -0.925651 -0.000000 0.378379 -0.925651 -0.000000 0.142701 -0.989766 -0.000000 0.142701 -0.989766 -0.000000 -0.101490 -0.994837 -0.000000 0.591485 -0.806316 -0.000000 0.378379 -0.925651 -0.000000 0.142701 -0.989766 -0.000000 -0.101490 -0.994837 -0.000000 0.769307 -0.638880 -0.000000 0.769307 -0.638880 -0.000000 0.769307 -0.638880 -0.000000 0.591485 -0.806316 -0.000000 0.591485 -0.806316 -0.000000 0.378379 -0.925651 -0.000000 0.378379 -0.925651 -0.000000 0.142701 -0.989766 -0.000000 0.142701 -0.989766 -0.000000 -0.101490 -0.994837 -0.000000 -0.101490 -0.994837 0.000000 -0.339627 -0.940560 0.000000 -0.339627 -0.940560 0.000000 -0.557504 -0.830174 0.000000 -0.557504 -0.830174 0.000000 -0.742122 -0.670265 -0.000000 0.591485 -0.806316 -0.000000 0.591485 -0.806316 -0.000000 0.769307 -0.638880 -0.000000 0.769307 -0.638880 -0.000000 0.769307 -0.638880 -0.000000 0.591485 -0.806316 -0.000000 0.591485 -0.806316 -0.000000 0.378379 -0.925651 -0.000000 0.142701 -0.989766 -0.000000 -0.101490 -0.994837 0.000000 -0.339627 -0.940560 0.000000 -0.557504 -0.830174 0.000000 -0.742122 -0.670265 0.000000 -0.882469 -0.470370 0.000000 -0.970172 -0.242416 -0.000000 0.378379 -0.925651 -0.000000 0.378379 -0.925651 -0.000000 0.378379 -0.925651 -0.000000 0.142701 -0.989766 -0.000000 -0.101490 -0.994837 0.000000 -0.339627 -0.940560 -0.000000 0.142701 -0.989766 -0.000000 0.142701 -0.989766 -0.000000 -0.101490 -0.994837 0.000000 -0.339627 -0.940560 0.000000 -0.557504 -0.830174 0.000000 -0.742122 -0.670265 0.000000 -0.882469 -0.470370 0.000000 -0.970172 -0.242416 -0.000000 -0.101490 -0.994837 -0.000000 -0.101490 -0.994837 0.000000 -0.339627 -0.940560 0.000000 -0.557504 -0.830174 0.000000 -0.339627 -0.940560 0.000000 -0.339627 -0.940560 0.000000 -0.557504 -0.830174 0.000000 -0.742122 -0.670265 0.000000 -0.882469 -0.470370 0.000000 -0.970172 -0.242416 0.000000 -0.557504 -0.830174 0.000000 -0.742122 -0.670265 0.000000 -0.882469 -0.470370 0.000000 -0.970172 -0.242416 0.000000 -0.742122 -0.670265 0.000000 -0.742122 -0.670265 0.000000 -0.882469 -0.470370 0.000000 -0.970172 -0.242416 0.000000 -0.882469 -0.470370 0.000000 -0.882469 -0.470370 0.000000 -0.970172 -0.242416 0.000000 -1.000000 0.000000 0.000000 -1.000000 0.000000 0.000000 -0.173648 0.984808 0.000000 -0.173648 0.984808 0.000000 -0.000000 1.000000 0.000000 -0.173648 0.984808 0.000000 -0.000000 1.000000 0.000000 -0.173648 0.984808 0.000000 -0.173648 0.984808 0.000000 -0.342020 0.939693 0.000000 -0.342020 0.939693 0.000000 -0.500000 0.866025 0.000000 -0.500000 0.866025 0.000000 -0.642788 0.766044 0.000000 -0.642788 0.766044 0.000000 -0.766044 0.642788 0.000000 -0.766044 0.642788 0.000000 -0.866025 0.500000 0.000000 -0.866025 0.500000 0.000000 -0.939693 0.342020 0.000000 -0.939693 0.342020 0.000000 -0.984808 0.173648 0.000000 -0.984808 0.173648 0.000000 -0.984808 0.173648 0.000000 -0.984808 0.173648 0.000000 -0.984808 0.173648 0.000000 -0.939693 0.342020 0.000000 -0.939693 0.342020 0.000000 -0.866025 0.500000 0.000000 -0.866025 0.500000 0.000000 -0.766044 0.642788 0.000000 -0.766044 0.642788 0.000000 -0.642788 0.766044 0.000000 -0.642788 0.766044 0.000000 -0.500000 0.866025 0.000000 -0.500000 0.866025 0.000000 -0.342020 0.939693 0.000000 -0.342020 0.939693 0.000000 -0.342020 0.939693 0.000000 -0.500000 0.866025 0.000000 -0.642788 0.766044 0.000000 -0.766044 0.642788 0.000000 -0.866025 0.500000 0.000000 -0.939693 0.342020 0.000000 0.173648 0.984808 0.000000 0.173648 0.984808 0.000000 -0.000000 1.000000 0.000000 0.173648 0.984808 0.000000 -0.000000 1.000000 0.000000 0.173648 0.984808 0.000000 0.173648 0.984808 -0.000000 0.342020 0.939693 -0.000000 0.342020 0.939693 -0.000000 0.500000 0.866025 -0.000000 0.500000 0.866025 -0.000000 0.642788 0.766044 -0.000000 0.642788 0.766044 -0.000000 0.766044 0.642788 -0.000000 0.766044 0.642788 -0.000000 0.866025 0.500000 -0.000000 0.866025 0.500000 -0.000000 0.939693 0.342020 -0.000000 0.939693 0.342020 -0.000000 0.984808 0.173648 -0.000000 0.984808 0.173648 -0.000000 1.000000 -0.000000 -0.000000 0.984808 0.173648 -0.000000 1.000000 -0.000000 -0.000000 0.984808 0.173648 -0.000000 0.984808 0.173648 -0.000000 0.939693 0.342020 -0.000000 0.939693 0.342020 -0.000000 0.866025 0.500000 -0.000000 0.866025 0.500000 -0.000000 0.766044 0.642788 -0.000000 0.766044 0.642788 -0.000000 0.642788 0.766044 -0.000000 0.642788 0.766044 -0.000000 0.500000 0.866025 -0.000000 0.500000 0.866025 -0.000000 0.342020 0.939693 -0.000000 0.342020 0.939693 -0.000000 0.342020 0.939693 -0.000000 0.500000 0.866025 -0.000000 0.642788 0.766044 -0.000000 0.766044 0.642788 -0.000000 0.866025 0.500000 -0.000000 0.939693 0.342020 -0.000000 0.984808 0.173648 -0.000000 0.984808 0.173648 -0.000000 1.000000 -0.000000 -0.000000 0.984808 0.173648 -0.000000 1.000000 -0.000000 -0.000000 0.984808 0.173648 -0.000000 0.984808 0.173648 -0.000000 0.939693 0.342020 -0.000000 0.939693 0.342020 -0.000000 0.866025 0.500000 -0.000000 0.866025 0.500000 -0.000000 0.766044 0.642788 -0.000000 0.766044 0.642788 -0.000000 0.642788 0.766044 -0.000000 0.642788 0.766044 -0.000000 0.500000 0.866025 -0.000000 0.500000 0.866025 -0.000000 0.342020 0.939693 -0.000000 0.342020 0.939693 0.000000 0.173648 0.984808 0.000000 0.173648 0.984808 0.000000 -0.000000 1.000000 0.000000 0.173648 0.984808 0.000000 -0.000000 1.000000 0.000000 0.173648 0.984808 0.000000 0.173648 0.984808 -0.000000 0.342020 0.939693 -0.000000 0.342020 0.939693 -0.000000 0.500000 0.866025 -0.000000 0.500000 0.866025 -0.000000 0.642788 0.766044 -0.000000 0.642788 0.766044 -0.000000 0.766044 0.642788 -0.000000 0.766044 0.642788 -0.000000 0.866025 0.500000 -0.000000 0.866025 0.500000 -0.000000 0.939693 0.342020 -0.000000 0.939693 0.342020 -0.000000 0.939693 0.342020 -0.000000 0.866025 0.500000 -0.000000 0.766044 0.642788 -0.000000 0.642788 0.766044 -0.000000 0.500000 0.866025 -0.000000 0.342020 0.939693 0.000000 -0.000000 1.000000 0.000000 -0.000000 1.000000 0.000000 -0.984808 0.173648 0.000000 -0.984808 0.173648 0.000000 -0.984808 0.173648 0.000000 -0.984808 0.173648 0.000000 -0.984808 0.173648 0.000000 -0.939693 0.342020 0.000000 -0.939693 0.342020 0.000000 -0.866025 0.500000 0.000000 -0.866025 0.500000 0.000000 -0.766044 0.642788 0.000000 -0.766044 0.642788 0.000000 -0.642788 0.766044 0.000000 -0.642788 0.766044 0.000000 -0.500000 0.866025 0.000000 -0.500000 0.866025 0.000000 -0.342020 0.939693 0.000000 -0.342020 0.939693 0.000000 -0.173648 0.984808 0.000000 -0.173648 0.984808 0.000000 -0.173648 0.984808 0.000000 -0.173648 0.984808 0.000000 -0.173648 0.984808 0.000000 -0.342020 0.939693 0.000000 -0.342020 0.939693 0.000000 -0.500000 0.866025 0.000000 -0.500000 0.866025 0.000000 -0.642788 0.766044 0.000000 -0.642788 0.766044 0.000000 -0.766044 0.642788 0.000000 -0.766044 0.642788 0.000000 -0.866025 0.500000 0.000000 -0.866025 0.500000 0.000000 -0.939693 0.342020 0.000000 -0.939693 0.342020 0.000000 -0.939693 0.342020 0.000000 -0.866025 0.500000 0.000000 -0.766044 0.642788 0.000000 -0.642788 0.766044 0.000000 -0.500000 0.866025 0.000000 -0.342020 0.939693 0.000000 -0.320116 0.947378 0.000000 -0.320116 0.947378 0.000000 -0.200000 0.979796 0.000000 -0.320116 0.947378 0.000000 -0.200000 0.979796 0.000000 -0.320116 0.947378 0.000000 -0.435278 0.900296 0.000000 -0.435278 0.900296 0.000000 -0.543701 0.839279 0.000000 -0.543701 0.839279 0.000000 -0.643709 0.765270 0.000000 -0.643709 0.765270 0.000000 -0.733753 0.679416 0.000000 -0.733753 0.679416 0.000000 -0.812440 0.583045 0.000000 -0.812440 0.583045 0.000000 -0.878550 0.477650 0.000000 -0.878550 0.477650 0.000000 -0.931062 0.364861 0.000000 -0.931062 0.364861 0.000000 -0.969162 0.246424 0.000000 -0.969162 0.246424 0.000000 -0.992261 0.124173 0.000000 -0.992261 0.124173 0.000000 -1.000000 0.000000 0.000000 -0.992261 0.124173 0.000000 -1.000000 0.000000 0.000000 -0.992261 0.124173 0.000000 -0.969162 0.246424 0.000000 -0.969162 0.246424 0.000000 -0.931062 0.364861 0.000000 -0.931062 0.364861 0.000000 -0.878550 0.477650 0.000000 -0.878550 0.477650 0.000000 -0.812440 0.583045 0.000000 -0.812440 0.583045 0.000000 -0.733753 0.679416 0.000000 -0.733753 0.679416 0.000000 -0.643709 0.765270 0.000000 -0.643709 0.765270 0.000000 -0.543701 0.839279 0.000000 -0.543701 0.839279 0.000000 -0.435278 0.900296 0.000000 -0.435278 0.900296 1.000000 -0.000000 0.000000 1.000000 -0.000000 0.000000 1.000000 -0.000000 0.000000 1.000000 -0.000000 0.000000 1.000000 -0.000000 0.000000 1.000000 -0.000000 0.000000 1.000000 -0.000000 0.000000 1.000000 -0.000000 0.000000 1.000000 -0.000000 0.000000 1.000000 -0.000000 0.000000 1.000000 -0.000000 0.000000 1.000000 -0.000000 0.000000 1.000000 -0.000000 0.000000 1.000000 -0.000000 0.000000 1.000000 -0.000000 0.000000 1.000000 -0.000000 0.000000 1.000000 -0.000000 0.000000 1.000000 -0.000000 0.000000 1.000000 -0.000000 0.000000 1.000000 -0.000000 0.000000 1.000000 -0.000000 0.000000 1.000000 -0.000000 0.000000 1.000000 -0.000000 0.000000 1.000000 -0.000000 0.000000 1.000000 -0.000000 0.000000 1.000000 -0.000000 0.000000 1.000000 -0.000000 0.000000 1.000000 -0.000000 0.000000 1.000000 -0.000000 0.000000 1.000000 -0.000000 0.000000 1.000000 -0.000000 0.000000 1.000000 -0.000000 0.000000 1.000000 -0.000000 0.000000 1.000000 -0.000000 0.000000 1.000000 -0.000000 0.000000 1.000000 -0.000000 0.000000 1.000000 -0.000000 0.000000 1.000000 -0.000000 0.000000 1.000000 -0.000000 0.000000 1.000000 -0.000000 0.000000 1.000000 -0.000000 0.000000 1.000000 -0.000000 0.000000 1.000000 -0.000000 0.000000 1.000000 -0.000000 0.000000 1.000000 -0.000000 0.000000 1.000000 -0.000000 0.000000 1.000000 -0.000000 0.000000 1.000000 -0.000000 0.000000 1.000000 -0.000000 0.000000 1.000000 -0.000000 0.000000 1.000000 -0.000000 0.000000 1.000000 -0.000000 0.000000 1.000000 -0.000000 0.000000 1.000000 -0.000000 0.000000 1.000000 -0.000000 0.000000 1.000000 -0.000000 0.000000 1.000000 -0.000000 0.000000 1.000000 -0.000000 0.000000 1.000000 -0.000000 0.000000 1.000000 -0.000000 0.000000 1.000000 -0.000000 0.000000 1.000000 -0.000000 0.000000 1.000000 -0.000000 0.000000 1.000000 -0.000000 0.000000 1.000000 -0.000000 0.000000 1.000000 -0.000000 0.000000 1.000000 -0.000000 0.000000 1.000000 -0.000000 0.000000 1.000000 -0.000000 0.000000 1.000000 -0.000000 0.000000 1.000000 -0.000000 0.000000 1.000000 -0.000000 0.000000 1.000000 -0.000000 0.000000 1.000000 -0.000000 0.000000 1.000000 -0.000000 0.000000 1.000000 -0.000000 0.000000 1.000000 -0.000000 0.000000 1.000000 -0.000000 0.000000 1.000000 -0.000000 0.000000 1.000000 -0.000000 0.000000 1.000000 -0.000000 0.000000 1.000000 -0.000000 0.000000 1.000000 -0.000000 0.000000 1.000000 -0.000000 0.000000 1.000000 -0.000000 0.000000 1.000000 -0.000000 0.000000 1.000000 -0.000000 0.000000 1.000000 -0.000000 0.000000 1.000000 -0.000000 0.000000 1.000000 -0.000000 0.000000 1.000000 -0.000000 0.000000 1.000000 -0.000000 0.000000 1.000000 -0.000000 0.000000 1.000000 -0.000000 0.000000 1.000000 -0.000000 0.000000 1.000000 -0.000000 0.000000 1.000000 -0.000000 0.000000 1.000000 -0.000000 0.000000 1.000000 -0.000000 0.000000 1.000000 -0.000000 0.000000 1.000000 -0.000000 0.000000 1.000000 -0.000000 0.000000 1.000000 -0.000000 0.000000 1.000000 -0.000000 0.000000 1.000000 -0.000000 0.000000 1.000000 -0.000000 0.000000 1.000000 -0.000000 0.000000 1.000000 -0.000000 0.000000 1.000000 -0.000000 0.000000 1.000000 -0.000000 0.000000 1.000000 -0.000000 0.000000 1.000000 -0.000000 0.000000 1.000000 -0.000000 0.000000 1.000000 -0.000000 0.000000 1.000000 -0.000000 0.000000 1.000000 -0.000000 0.000000 1.000000 -0.000000 0.000000 1.000000 -0.000000 0.000000 1.000000 -0.000000 0.000000 1.000000 -0.000000 0.000000 1.000000 -0.000000 0.000000 1.000000 -0.000000 0.000000 1.000000 -0.000000 0.000000 1.000000 -0.000000 0.000000 1.000000 -0.000000 0.000000 1.000000 -0.000000 0.000000 1.000000 -0.000000 0.000000 1.000000 -0.000000 0.000000 1.000000 -0.000000 0.000000 1.000000 -0.000000 0.000000 1.000000 -0.000000 0.000000 1.000000 -0.000000 0.000000 1.000000 -0.000000 0.000000 1.000000 -0.000000 0.000000 1.000000 -0.000000 0.000000 1.000000 -0.000000 0.000000 1.000000 -0.000000 0.000000 1.000000 -0.000000 0.000000 1.000000 -0.000000 0.000000 1.000000 -0.000000 0.000000 1.000000 -0.000000 0.000000 1.000000 -0.000000 0.000000 1.000000 -0.000000 0.000000 1.000000 -0.000000 0.000000 1.000000 -0.000000 0.000000 1.000000 -0.000000 0.000000 1.000000 -0.000000 0.000000 1.000000 -0.000000 0.000000 1.000000 -0.000000 0.000000 1.000000 -0.000000 0.000000 1.000000 -0.000000 0.000000 1.000000 -0.000000 0.000000 1.000000 -0.000000 0.000000 1.000000 -0.000000 0.000000 1.000000 -0.000000 0.000000 1.000000 -0.000000 0.000000 1.000000 -0.000000 0.000000 1.000000 -0.000000 0.000000 1.000000 -0.000000 0.000000 1.000000 -0.000000 0.000000 1.000000 -0.000000 0.000000 1.000000 -0.000000 0.000000 1.000000 -0.000000 0.000000 1.000000 -0.000000 0.000000 1.000000 -0.000000 0.000000 1.000000 -0.000000 0.000000 1.000000 -0.000000 0.000000 1.000000 -0.000000 0.000000 1.000000 -0.000000 0.000000 1.000000 -0.000000 0.000000 1.000000 -0.000000 0.000000 1.000000 -0.000000 0.000000 1.000000 -0.000000 0.000000 1.000000 -0.000000 0.000000 1.000000 -0.000000 0.000000 1.000000 -0.000000 0.000000 1.000000 -0.000000 0.000000 1.000000 -0.000000 0.000000 1.000000 -0.000000 0.000000 1.000000 -0.000000 0.000000 1.000000 -0.000000 0.000000 1.000000 -0.000000 0.000000 1.000000 -0.000000 0.000000 1.000000 -0.000000 0.000000 1.000000 -0.000000 0.000000 1.000000 -0.000000 0.000000 1.000000 -0.000000 0.000000 1.000000 -0.000000 0.000000 1.000000 -0.000000 0.000000 1.000000 -0.000000 0.000000 1.000000 -0.000000 0.000000 1.000000 -0.000000 0.000000 1.000000 -0.000000 0.000000 1.000000 -0.000000 0.000000 1.000000 -0.000000 0.000000 1.000000 -0.000000 0.000000 1.000000 -0.000000 0.000000 1.000000 -0.000000 0.000000 1.000000 -0.000000 0.000000 1.000000 -0.000000 0.000000 1.000000 -0.000000 0.000000 1.000000 -0.000000 0.000000 1.000000 -0.000000 0.000000 1.000000 -0.000000 0.000000 1.000000 -0.000000 0.000000 1.000000 -0.000000 0.000000 1.000000 -0.000000 0.000000 1.000000 -0.000000 0.000000 1.000000 -0.000000 0.000000 1.000000 -0.000000 0.000000 1.000000 -0.000000 0.000000 1.000000 -0.000000 0.000000 1.000000 -0.000000 0.000000 1.000000 -0.000000 0.000000 1.000000 -0.000000 0.000000 1.000000 -0.000000 0.000000 1.000000 -0.000000 0.000000 1.000000 -0.000000 0.000000 1.000000 -0.000000 0.000000 1.000000 -0.000000 0.000000 1.000000 -0.000000 0.000000 1.000000 -0.000000 0.000000 1.000000 -0.000000 0.000000 1.000000 -0.000000 0.000000 1.000000 -0.000000 0.000000 1.000000 -0.000000 0.000000 1.000000 -0.000000 0.000000 1.000000 -0.000000 0.000000 1.000000 -0.000000 0.000000 1.000000 -0.000000 0.000000 1.000000 -0.000000 0.000000 1.000000 -0.000000 0.000000 1.000000 -0.000000 0.000000 1.000000 -0.000000 0.000000 1.000000 -0.000000 0.000000 1.000000 -0.000000 0.000000 1.000000 -0.000000 0.000000 1.000000 -0.000000 0.000000 1.000000 -0.000000 0.000000 1.000000 -0.000000 0.000000 1.000000 -0.000000 0.000000 1.000000 -0.000000 0.000000 1.000000 -0.000000 0.000000 1.000000 -0.000000 0.000000 1.000000 -0.000000 0.000000 1.000000 -0.000000 0.000000 1.000000 -0.000000 0.000000 1.000000 -0.000000 0.000000 1.000000 -0.000000 0.000000 1.000000 -0.000000 0.000000 1.000000 -0.000000 0.000000 1.000000 -0.000000 0.000000 1.000000 -0.000000 0.000000 1.000000 -0.000000 0.000000 1.000000 -0.000000 0.000000 1.000000 -0.000000 0.000000 1.000000 -0.000000 0.000000 1.000000 -0.000000 0.000000 1.000000 -0.000000 0.000000 1.000000 -0.000000 0.000000 1.000000 -0.000000 0.000000 1.000000 -0.000000 0.000000 1.000000 -0.000000 0.000000 1.000000 -0.000000 0.000000 1.000000 -0.000000 0.000000 1.000000 -0.000000 0.000000 1.000000 -0.000000 0.000000 1.000000 -0.000000 0.000000 1.000000 -0.000000 0.000000 1.000000 -0.000000 0.000000 1.000000 -0.000000 0.000000 1.000000 -0.000000 0.000000 1.000000 -0.000000 0.000000 1.000000 -0.000000 0.000000 1.000000 -0.000000 0.000000 1.000000 -0.000000 0.000000 1.000000 -0.000000 0.000000 1.000000 -0.000000 0.000000 1.000000 -0.000000 0.000000 1.000000 -0.000000 0.000000 1.000000 -0.000000 0.000000 1.000000 -0.000000 0.000000 1.000000 -0.000000 0.000000 1.000000 -0.000000 0.000000 1.000000 -0.000000 0.000000 1.000000 -0.000000 0.000000 1.000000 -0.000000 0.000000 1.000000 -0.000000 0.000000 1.000000 -0.000000 0.000000 1.000000 -0.000000 0.000000 1.000000 -0.000000 0.000000 1.000000 -0.000000 0.000000 1.000000 -0.000000 0.000000 1.000000 -0.000000 0.000000 1.000000 -0.000000 0.000000 1.000000 -0.000000 0.000000 1.000000 -0.000000 0.000000 1.000000 -0.000000 0.000000 1.000000 -0.000000 0.000000 1.000000 -0.000000 0.000000 1.000000 -0.000000 0.000000 1.000000 -0.000000 0.000000 1.000000 -0.000000 0.000000 1.000000 -0.000000 0.000000 1.000000 -0.000000 0.000000 1.000000 -0.000000 0.000000 1.000000 -0.000000 0.000000 1.000000 -0.000000 0.000000 1.000000 -0.000000 0.000000 1.000000 -0.000000 0.000000 1.000000 -0.000000 0.000000 1.000000 -0.000000 0.000000 1.000000 -0.000000 0.000000 1.000000 -0.000000 0.000000 1.000000 -0.000000 0.000000 1.000000 -0.000000 0.000000 1.000000 -0.000000 0.000000 1.000000 -0.000000 0.000000 1.000000 -0.000000 0.000000 1.000000 -0.000000 0.000000 1.000000 -0.000000 0.000000 1.000000 -0.000000 0.000000 1.000000 -0.000000 0.000000 1.000000 -0.000000 0.000000 1.000000 -0.000000 0.000000 1.000000 -0.000000 0.000000 1.000000 -0.000000 0.000000 1.000000 -0.000000 0.000000 1.000000 -0.000000 0.000000 1.000000 -0.000000 0.000000 1.000000 -0.000000 0.000000 1.000000 -0.000000 0.000000 1.000000 -0.000000 0.000000 1.000000 -0.000000 0.000000 1.000000 -0.000000 0.000000 1.000000 -0.000000 0.000000 1.000000 -0.000000 0.000000 1.000000 -0.000000 0.000000 1.000000 -0.000000 0.000000 1.000000 -0.000000 0.000000 1.000000 -0.000000 0.000000 1.000000 -0.000000 0.000000 1.000000 -0.000000 0.000000 1.000000 -0.000000 0.000000 1.000000 -0.000000 0.000000 1.000000 -0.000000 0.000000 1.000000 -0.000000 0.000000 1.000000 -0.000000 0.000000 1.000000 -0.000000 0.000000 1.000000 -0.000000 0.000000 1.000000 -0.000000 0.000000 1.000000 -0.000000 0.000000 1.000000 -0.000000 0.000000 1.000000 -0.000000 0.000000 1.000000 -0.000000 0.000000 1.000000 -0.000000 0.000000 1.000000 -0.000000 0.000000 1.000000 -0.000000 0.000000 1.000000 -0.000000 0.000000 1.000000 -0.000000 0.000000 1.000000 -0.000000 0.000000 1.000000 -0.000000 0.000000 1.000000 -0.000000 0.000000 1.000000 -0.000000 0.000000 1.000000 -0.000000 0.000000 1.000000 -0.000000 0.000000 1.000000 -0.000000 0.000000 1.000000 -0.000000 0.000000 1.000000 -0.000000 0.000000 1.000000 -0.000000 0.000000 1.000000 -0.000000 0.000000 1.000000 -0.000000 0.000000 1.000000 -0.000000 0.000000 1.000000 -0.000000 0.000000 1.000000 -0.000000 0.000000 1.000000 -0.000000 0.000000 1.000000 -0.000000 0.000000 1.000000 -0.000000 0.000000 1.000000 -0.000000 0.000000 1.000000 -0.000000 0.000000 1.000000 -0.000000 0.000000 1.000000 -0.000000 0.000000 1.000000 -0.000000 0.000000 1.000000 -0.000000 0.000000 1.000000 -0.000000 0.000000 1.000000 -0.000000 0.000000 1.000000 -0.000000 0.000000 1.000000 -0.000000 0.000000 1.000000 -0.000000 0.000000 1.000000 -0.000000 0.000000 1.000000 -0.000000 0.000000 1.000000 -0.000000 0.000000 1.000000 -0.000000 0.000000 1.000000 -0.000000 0.000000 1.000000 -0.000000 0.000000 1.000000 -0.000000 0.000000 1.000000 -0.000000 0.000000 1.000000 -0.000000 0.000000 1.000000 -0.000000 0.000000 1.000000 -0.000000 0.000000 1.000000 -0.000000 0.000000 1.000000 -0.000000 0.000000 1.000000 -0.000000 0.000000 1.000000 -0.000000 0.000000 1.000000 -0.000000 0.000000 1.000000 -0.000000 0.000000 1.000000 -0.000000 0.000000 1.000000 -0.000000 0.000000 1.000000 -0.000000 0.000000 1.000000 -0.000000 0.000000 1.000000 -0.000000 0.000000 1.000000 -0.000000 0.000000 1.000000 -0.000000 0.000000 1.000000 -0.000000 0.000000 1.000000 -0.000000 0.000000 1.000000 -0.000000 0.000000 1.000000 -0.000000 0.000000 1.000000 -0.000000 0.000000 1.000000 -0.000000 0.000000 1.000000 -0.000000 0.000000 1.000000 -0.000000 0.000000 1.000000 -0.000000 0.000000 1.000000 -0.000000 0.000000 1.000000 -0.000000 0.000000 1.000000 -0.000000 0.000000 1.000000 -0.000000 0.000000 1.000000 -0.000000 0.000000 1.000000 -0.000000 0.000000 1.000000 -0.000000 0.000000 1.000000 -0.000000 0.000000 1.000000 -0.000000 0.000000 1.000000 -0.000000 0.000000 1.000000 -0.000000 0.000000 1.000000 -0.000000 0.000000 1.000000 -0.000000 0.000000 1.000000 -0.000000 0.000000 1.000000 -0.000000 0.000000 1.000000 -0.000000 0.000000 1.000000 -0.000000 0.000000 1.000000 -0.000000 0.000000 1.000000 -0.000000 0.000000 1.000000 -0.000000 0.000000 1.000000 -0.000000 0.000000 1.000000 -0.000000 0.000000 1.000000 -0.000000 0.000000 1.000000 -0.000000 0.000000 1.000000 -0.000000 0.000000 1.000000 -0.000000 0.000000 1.000000 -0.000000 0.000000 -0.000000 0.320116 0.947378 -0.000000 0.320116 0.947378 0.000000 0.200000 0.979796 -0.000000 0.320116 0.947378 0.000000 0.200000 0.979796 -0.000000 0.320116 0.947378 -0.000000 0.435278 0.900296 -0.000000 0.435278 0.900296 -0.000000 0.543701 0.839279 -0.000000 0.543701 0.839279 -0.000000 0.643709 0.765270 -0.000000 0.643709 0.765270 -0.000000 0.733753 0.679416 -0.000000 0.733753 0.679416 -0.000000 0.812440 0.583045 -0.000000 0.812440 0.583045 -0.000000 0.878550 0.477650 -0.000000 0.878550 0.477650 -0.000000 0.931062 0.364861 -0.000000 0.931062 0.364861 -0.000000 0.969162 0.246424 -0.000000 0.969162 0.246424 -0.000000 0.992261 0.124173 -0.000000 0.992261 0.124173 -0.000000 1.000000 -0.000000 -0.000000 0.992261 0.124173 -0.000000 1.000000 -0.000000 -0.000000 0.992261 0.124173 -0.000000 0.969162 0.246424 -0.000000 0.969162 0.246424 -0.000000 0.931062 0.364861 -0.000000 0.931062 0.364861 -0.000000 0.878550 0.477650 -0.000000 0.878550 0.477650 -0.000000 0.812440 0.583045 -0.000000 0.812440 0.583045 -0.000000 0.733753 0.679416 -0.000000 0.733753 0.679416 -0.000000 0.643709 0.765270 -0.000000 0.643709 0.765270 -0.000000 0.543701 0.839279 -0.000000 0.543701 0.839279 -0.000000 0.435278 0.900296 -0.000000 0.435278 0.900296 -0.000000 1.000000 -0.000000 -0.000000 1.000000 -0.000000 0.000000 -0.997859 0.065403 0.000000 -1.000000 0.000000 0.000000 -0.997859 0.065403 0.000000 -1.000000 0.000000 0.000000 -0.997859 0.065403 0.000000 -0.991445 0.130526 0.000000 -0.991445 0.130526 0.000000 -0.980785 0.195090 0.000000 -0.980785 0.195090 0.000000 -0.965926 0.258819 0.000000 -0.965926 0.258819 0.000000 -0.946930 0.321439 0.000000 -0.946930 0.321439 0.000000 -0.923880 0.382683 0.000000 -0.923880 0.382683 0.000000 -0.896873 0.442289 0.000000 -0.896873 0.442289 0.000000 -0.866025 0.500000 0.000000 -0.866025 0.500000 0.000000 -0.831470 0.555570 0.000000 -0.831470 0.555570 0.000000 -0.793353 0.608761 0.000000 -0.793353 0.608761 0.000000 -0.751840 0.659346 0.000000 -0.751840 0.659346 0.000000 -0.707107 0.707107 0.000000 -0.707107 0.707107 0.000000 -0.659346 0.751840 0.000000 -0.659346 0.751840 0.000000 -0.608761 0.793353 0.000000 -0.608761 0.793353 0.000000 -0.555570 0.831470 0.000000 -0.555570 0.831470 0.000000 -0.500000 0.866025 0.000000 -0.500000 0.866025 0.000000 -0.442289 0.896873 0.000000 -0.442289 0.896873 0.000000 -0.382683 0.923880 0.000000 -0.382683 0.923880 0.000000 -0.321439 0.946930 0.000000 -0.321439 0.946930 0.000000 -0.258819 0.965926 0.000000 -0.258819 0.965926 0.000000 -0.195090 0.980785 0.000000 -0.195090 0.980785 0.000000 -0.130526 0.991445 0.000000 -0.130526 0.991445 0.000000 -0.065403 0.997859 0.000000 -0.065403 0.997859 0.000000 -0.000000 1.000000 0.000000 -0.000000 1.000000 0.000000 0.065403 0.997859 0.000000 0.065403 0.997859 0.000000 0.130526 0.991445 0.000000 0.130526 0.991445 0.000000 0.195090 0.980785 0.000000 0.195090 0.980785 -0.000000 0.258819 0.965926 -0.000000 0.258819 0.965926 -0.000000 0.321439 0.946930 -0.000000 0.321439 0.946930 -0.000000 0.382683 0.923880 -0.000000 0.382683 0.923880 -0.000000 0.442289 0.896873 -0.000000 0.442289 0.896873 -0.000000 0.500000 0.866025 -0.000000 0.500000 0.866025 -0.000000 0.555570 0.831470 -0.000000 0.555570 0.831470 -0.000000 0.608761 0.793353 -0.000000 0.608761 0.793353 -0.000000 0.659346 0.751840 -0.000000 0.659346 0.751840 -0.000000 0.707107 0.707107 -0.000000 0.707107 0.707107 -0.000000 0.751840 0.659346 -0.000000 0.751840 0.659346 -0.000000 0.793353 0.608761 -0.000000 0.793353 0.608761 -0.000000 0.831470 0.555570 -0.000000 0.831470 0.555570 -0.000000 0.866025 0.500000 -0.000000 0.866025 0.500000 -0.000000 0.896873 0.442289 -0.000000 0.896873 0.442289 -0.000000 0.923880 0.382683 -0.000000 0.923880 0.382683 -0.000000 0.946930 0.321439 -0.000000 0.946930 0.321439 -0.000000 0.965926 0.258819 -0.000000 0.965926 0.258819 -0.000000 0.980785 0.195090 -0.000000 0.980785 0.195090 -0.000000 0.991445 0.130526 -0.000000 0.991445 0.130526 -0.000000 0.997859 0.065403 -0.000000 0.997859 0.065403 -0.000000 1.000000 -0.000000 -0.000000 1.000000 -0.000000 -0.000000 0.997859 0.065403 -0.000000 0.991445 0.130526 -0.000000 0.980785 0.195090 -0.000000 0.965926 0.258819 -0.000000 0.946930 0.321439 -0.000000 0.923880 0.382683 -0.000000 0.896873 0.442289 -0.000000 0.866025 0.500000 -0.000000 0.831470 0.555570 -0.000000 0.793353 0.608761 -0.000000 0.751840 0.659346 -0.000000 0.707107 0.707107 -0.000000 0.659346 0.751840 -0.000000 0.608761 0.793353 -0.000000 0.555570 0.831470 -0.000000 0.500000 0.866025 -0.000000 0.442289 0.896873 -0.000000 0.382683 0.923880 -0.000000 0.321439 0.946930 -0.000000 0.258819 0.965926 0.000000 0.195090 0.980785 0.000000 0.130526 0.991445 0.000000 0.065403 0.997859 0.000000 -0.000000 1.000000 0.000000 -0.065403 0.997859 0.000000 -0.130526 0.991445 0.000000 -0.195090 0.980785 0.000000 -0.258819 0.965926 0.000000 -0.321439 0.946930 0.000000 -0.382683 0.923880 0.000000 -0.442289 0.896873 0.000000 -0.500000 0.866025 0.000000 -0.555570 0.831470 0.000000 -0.608761 0.793353 0.000000 -0.659346 0.751840 0.000000 -0.707107 0.707107 0.000000 -0.751840 0.659346 0.000000 -0.793353 0.608761 0.000000 -0.831470 0.555570 0.000000 -0.866025 0.500000 0.000000 -0.896873 0.442289 0.000000 -0.923880 0.382683 0.000000 -0.946930 0.321439 0.000000 -0.965926 0.258819 0.000000 -0.980785 0.195090 0.000000 -0.991445 0.130526 -0.000000 0.997767 -0.066793 -0.000000 0.997767 -0.066793 -0.000000 1.000000 -0.000000 -0.000000 1.000000 -0.000000 -0.000000 0.997767 0.066793 -0.000000 0.997767 0.066793 -0.000000 0.991077 0.133287 -0.000000 0.991077 0.133287 -0.000000 0.979962 0.199186 -0.000000 0.979962 0.199186 -0.000000 0.964469 0.264195 -0.000000 0.964469 0.264195 -0.000000 0.944669 0.328025 -0.000000 0.944669 0.328025 -0.000000 0.920650 0.390389 -0.000000 0.920650 0.390389 -0.000000 0.892519 0.451010 -0.000000 0.892519 0.451010 -0.000000 0.860402 0.509617 -0.000000 0.860402 0.509617 -0.000000 0.824442 0.565947 -0.000000 0.824442 0.565947 -0.000000 0.784799 0.619750 -0.000000 0.784799 0.619750 -0.000000 0.741652 0.670785 -0.000000 0.741652 0.670785 -0.000000 0.695192 0.718824 -0.000000 0.695192 0.718824 -0.000000 0.645628 0.763652 -0.000000 0.645628 0.763652 -0.000000 0.593180 0.805070 -0.000000 0.593180 0.805070 -0.000000 0.538082 0.842892 -0.000000 0.538082 0.842892 -0.000000 0.480582 0.876950 -0.000000 0.480582 0.876950 -0.000000 0.420935 0.907091 -0.000000 0.420935 0.907091 -0.000000 0.359408 0.933181 -0.000000 0.359408 0.933181 -0.000000 0.296276 0.955102 -0.000000 0.296276 0.955102 0.000000 0.231820 0.972759 0.000000 0.231820 0.972759 0.000000 0.166329 0.986070 0.000000 0.166329 0.986070 0.000000 0.100096 0.994978 0.000000 0.100096 0.994978 0.000000 0.033415 0.999442 0.000000 0.033415 0.999442 0.000000 -0.033415 0.999442 0.000000 -0.033415 0.999442 0.000000 -0.100096 0.994978 0.000000 -0.100096 0.994978 0.000000 -0.166329 0.986070 0.000000 -0.166329 0.986070 0.000000 -0.231820 0.972759 0.000000 -0.231820 0.972759 0.000000 -0.296276 0.955102 0.000000 -0.296276 0.955102 0.000000 -0.359408 0.933181 0.000000 -0.359408 0.933181 0.000000 -0.420935 0.907091 0.000000 -0.420935 0.907091 0.000000 -0.480582 0.876950 0.000000 -0.480582 0.876950 0.000000 -0.538082 0.842892 0.000000 -0.538082 0.842892 0.000000 -0.593180 0.805070 0.000000 -0.593180 0.805070 0.000000 -0.645628 0.763652 0.000000 -0.645628 0.763652 0.000000 -0.695192 0.718824 0.000000 -0.695192 0.718824 0.000000 -0.741652 0.670785 0.000000 -0.741652 0.670785 0.000000 -0.784799 0.619750 0.000000 -0.784799 0.619750 0.000000 -0.824442 0.565947 0.000000 -0.824442 0.565947 0.000000 -0.860402 0.509617 0.000000 -0.860402 0.509617 0.000000 -0.892519 0.451010 0.000000 -0.892519 0.451010 0.000000 -0.920650 0.390389 0.000000 -0.920650 0.390389 0.000000 -0.944669 0.328025 0.000000 -0.944669 0.328025 0.000000 -0.964469 0.264195 0.000000 -0.964469 0.264195 0.000000 -0.979962 0.199186 0.000000 -0.979962 0.199186 0.000000 -0.991077 0.133287 0.000000 -0.991077 0.133287 0.000000 -0.997767 0.066793 0.000000 -0.997767 0.066793 0.000000 -1.000000 0.000000 0.000000 -1.000000 0.000000 0.000000 -0.997767 -0.066793 0.000000 -0.997767 -0.066793 0.000000 -0.991077 -0.133287 0.000000 -0.991077 -0.133287 0.000000 -0.979962 -0.199186 0.000000 -0.979962 -0.199186 0.000000 -0.964469 -0.264195 0.000000 -0.964469 -0.264195 0.000000 -0.944669 -0.328025 0.000000 -0.944669 -0.328025 0.000000 -0.920650 -0.390389 0.000000 -0.920650 -0.390389 0.000000 -0.892519 -0.451010 0.000000 -0.892519 -0.451010 0.000000 -0.860402 -0.509617 0.000000 -0.860402 -0.509617 0.000000 -0.824442 -0.565947 0.000000 -0.824442 -0.565947 0.000000 -0.784799 -0.619750 0.000000 -0.784799 -0.619750 0.000000 -0.741652 -0.670785 0.000000 -0.741652 -0.670785 0.000000 -0.695192 -0.718824 0.000000 -0.695192 -0.718824 0.000000 -0.645628 -0.763652 0.000000 -0.645628 -0.763652 0.000000 -0.593180 -0.805070 0.000000 -0.593180 -0.805070 0.000000 -0.538082 -0.842892 0.000000 -0.538082 -0.842892 0.000000 -0.480582 -0.876950 0.000000 -0.480582 -0.876950 0.000000 -0.420935 -0.907091 0.000000 -0.420935 -0.907091 0.000000 -0.359408 -0.933181 0.000000 -0.359408 -0.933181 0.000000 -0.296276 -0.955102 0.000000 -0.296276 -0.955102 -0.000000 -0.231820 -0.972759 -0.000000 -0.231820 -0.972759 -0.000000 -0.166329 -0.986070 -0.000000 -0.166329 -0.986070 -0.000000 -0.100096 -0.994978 -0.000000 -0.100096 -0.994978 -0.000000 -0.033415 -0.999442 -0.000000 -0.033415 -0.999442 -0.000000 0.033415 -0.999442 -0.000000 0.033415 -0.999442 -0.000000 0.100096 -0.994978 -0.000000 0.100096 -0.994978 -0.000000 0.166329 -0.986070 -0.000000 0.166329 -0.986070 -0.000000 0.231820 -0.972759 -0.000000 0.231820 -0.972759 -0.000000 0.296276 -0.955102 -0.000000 0.296276 -0.955102 -0.000000 0.359408 -0.933181 -0.000000 0.359408 -0.933181 -0.000000 0.420935 -0.907091 -0.000000 0.420935 -0.907091 -0.000000 0.480582 -0.876950 -0.000000 0.480582 -0.876950 -0.000000 0.538082 -0.842892 -0.000000 0.538082 -0.842892 -0.000000 0.593180 -0.805070 -0.000000 0.593180 -0.805070 -0.000000 0.645628 -0.763652 -0.000000 0.645628 -0.763652 -0.000000 0.695192 -0.718824 -0.000000 0.695192 -0.718824 -0.000000 0.741652 -0.670785 -0.000000 0.741652 -0.670785 -0.000000 0.784799 -0.619750 -0.000000 0.784799 -0.619750 -0.000000 0.824442 -0.565947 -0.000000 0.824442 -0.565947 -0.000000 0.860402 -0.509617 -0.000000 0.860402 -0.509617 -0.000000 0.892519 -0.451010 -0.000000 0.892519 -0.451010 -0.000000 0.920650 -0.390389 -0.000000 0.920650 -0.390389 -0.000000 0.944669 -0.328025 -0.000000 0.944669 -0.328025 -0.000000 0.964469 -0.264195 -0.000000 0.964469 -0.264195 -0.000000 0.979962 -0.199186 -0.000000 0.979962 -0.199186 -0.000000 0.991077 -0.133287 -0.000000 0.991077 -0.133287 -0.000000 0.997767 0.066793 -0.000000 1.000000 -0.000000 -0.000000 0.997767 -0.066793 -0.000000 0.991077 -0.133287 -0.000000 0.979962 -0.199186 -0.000000 0.964469 -0.264195 -0.000000 0.944669 -0.328025 -0.000000 0.920650 -0.390389 -0.000000 0.892519 -0.451010 -0.000000 0.860402 -0.509617 -0.000000 0.824442 -0.565947 -0.000000 0.784799 -0.619750 -0.000000 0.741652 -0.670785 -0.000000 0.695192 -0.718824 -0.000000 0.645628 -0.763652 -0.000000 0.593180 -0.805070 -0.000000 0.538082 -0.842892 -0.000000 0.480582 -0.876950 -0.000000 0.420935 -0.907091 -0.000000 0.359408 -0.933181 -0.000000 0.296276 -0.955102 -0.000000 0.231820 -0.972759 -0.000000 0.166329 -0.986070 -0.000000 0.100096 -0.994978 -0.000000 0.033415 -0.999442 -0.000000 -0.033415 -0.999442 -0.000000 -0.100096 -0.994978 -0.000000 -0.166329 -0.986070 -0.000000 -0.231820 -0.972759 0.000000 -0.296276 -0.955102 0.000000 -0.359408 -0.933181 0.000000 -0.420935 -0.907091 0.000000 -0.480582 -0.876950 0.000000 -0.538082 -0.842892 0.000000 -0.593180 -0.805070 0.000000 -0.645628 -0.763652 0.000000 -0.695192 -0.718824 0.000000 -0.741652 -0.670785 0.000000 -0.784799 -0.619750 0.000000 -0.824442 -0.565947 0.000000 -0.860402 -0.509617 0.000000 -0.892519 -0.451010 0.000000 -0.920650 -0.390389 0.000000 -0.944669 -0.328025 0.000000 -0.964469 -0.264195 0.000000 -0.979962 -0.199186 0.000000 -0.991077 -0.133287 0.000000 -0.997767 -0.066793 0.000000 -1.000000 0.000000 0.000000 -0.997767 0.066793 0.000000 -0.991077 0.133287 0.000000 -0.979962 0.199186 0.000000 -0.964469 0.264195 0.000000 -0.944669 0.328025 0.000000 -0.920650 0.390389 0.000000 -0.892519 0.451010 0.000000 -0.860402 0.509617 0.000000 -0.824442 0.565947 0.000000 -0.784799 0.619750 0.000000 -0.741652 0.670785 0.000000 -0.695192 0.718824 0.000000 -0.645628 0.763652 0.000000 -0.593180 0.805070 0.000000 -0.538082 0.842892 0.000000 -0.480582 0.876950 0.000000 -0.420935 0.907091 0.000000 -0.359408 0.933181 0.000000 -0.296276 0.955102 0.000000 -0.231820 0.972759 0.000000 -0.166329 0.986070 0.000000 -0.100096 0.994978 0.000000 -0.033415 0.999442 0.000000 0.033415 0.999442 0.000000 0.100096 0.994978 0.000000 0.166329 0.986070 0.000000 0.231820 0.972759 -0.000000 0.296276 0.955102 -0.000000 0.359408 0.933181 -0.000000 0.420935 0.907091 -0.000000 0.480582 0.876950 -0.000000 0.538082 0.842892 -0.000000 0.593180 0.805070 -0.000000 0.645628 0.763652 -0.000000 0.695192 0.718824 -0.000000 0.741652 0.670785 -0.000000 0.784799 0.619750 -0.000000 0.824442 0.565947 -0.000000 0.860402 0.509617 -0.000000 0.892519 0.451010 -0.000000 0.920650 0.390389 -0.000000 0.944669 0.328025 -0.000000 0.964469 0.264195 -0.000000 0.979962 0.199186 -0.000000 0.991077 0.133287 -1.000000 0.000000 -0.000000 -1.000000 0.000000 -0.000000 -1.000000 0.000000 -0.000000 -1.000000 0.000000 -0.000000 -1.000000 0.000000 -0.000000 -1.000000 0.000000 -0.000000 -1.000000 0.000000 -0.000000 -1.000000 0.000000 -0.000000 -1.000000 0.000000 -0.000000 -1.000000 0.000000 -0.000000 -1.000000 0.000000 -0.000000 -1.000000 0.000000 -0.000000 -1.000000 0.000000 -0.000000 -1.000000 0.000000 -0.000000 -1.000000 0.000000 -0.000000 -1.000000 0.000000 -0.000000 -1.000000 0.000000 -0.000000 -1.000000 0.000000 -0.000000 -1.000000 0.000000 -0.000000 -1.000000 0.000000 -0.000000 -1.000000 0.000000 -0.000000 -1.000000 0.000000 -0.000000 -1.000000 0.000000 -0.000000 -1.000000 0.000000 -0.000000 -1.000000 0.000000 -0.000000 -1.000000 0.000000 -0.000000 -1.000000 0.000000 -0.000000 -1.000000 0.000000 -0.000000 -1.000000 0.000000 -0.000000 -1.000000 0.000000 -0.000000 -1.000000 0.000000 -0.000000 -1.000000 0.000000 -0.000000 -1.000000 0.000000 -0.000000 -1.000000 0.000000 -0.000000 -1.000000 0.000000 -0.000000 -1.000000 0.000000 -0.000000 -1.000000 0.000000 -0.000000 -1.000000 0.000000 -0.000000 -1.000000 0.000000 -0.000000 -1.000000 0.000000 -0.000000 -1.000000 0.000000 -0.000000 -1.000000 0.000000 -0.000000 -1.000000 0.000000 -0.000000 -1.000000 0.000000 -0.000000 -1.000000 0.000000 -0.000000 -1.000000 0.000000 -0.000000 -1.000000 0.000000 -0.000000 -1.000000 0.000000 -0.000000 -1.000000 0.000000 -0.000000 -1.000000 0.000000 -0.000000 -1.000000 0.000000 -0.000000 -1.000000 0.000000 -0.000000 -1.000000 0.000000 -0.000000 -1.000000 0.000000 -0.000000 -1.000000 0.000000 -0.000000 -1.000000 0.000000 -0.000000 -1.000000 0.000000 -0.000000 -1.000000 0.000000 -0.000000 -1.000000 0.000000 -0.000000 -1.000000 0.000000 -0.000000 -1.000000 0.000000 -0.000000 -1.000000 0.000000 -0.000000 -1.000000 0.000000 -0.000000 -1.000000 0.000000 -0.000000 -1.000000 0.000000 -0.000000 -1.000000 0.000000 -0.000000 -1.000000 0.000000 -0.000000 -1.000000 0.000000 -0.000000 -1.000000 0.000000 -0.000000 -1.000000 0.000000 -0.000000 -1.000000 0.000000 -0.000000 -1.000000 0.000000 -0.000000 -1.000000 0.000000 -0.000000 -1.000000 0.000000 -0.000000 -1.000000 0.000000 -0.000000 -1.000000 0.000000 -0.000000 -1.000000 0.000000 -0.000000 -1.000000 0.000000 -0.000000 -1.000000 0.000000 -0.000000 -1.000000 0.000000 -0.000000 -1.000000 0.000000 -0.000000 -1.000000 0.000000 -0.000000 -1.000000 0.000000 -0.000000 -1.000000 0.000000 -0.000000 -1.000000 0.000000 -0.000000 -1.000000 0.000000 -0.000000 -1.000000 0.000000 -0.000000 -1.000000 0.000000 -0.000000 -1.000000 0.000000 -0.000000 -1.000000 0.000000 -0.000000 -1.000000 0.000000 -0.000000 -1.000000 0.000000 -0.000000 -1.000000 0.000000 -0.000000 -1.000000 0.000000 -0.000000 -1.000000 0.000000 -0.000000 -1.000000 0.000000 -0.000000 -1.000000 0.000000 -0.000000 -1.000000 0.000000 -0.000000 -1.000000 0.000000 -0.000000 -1.000000 0.000000 -0.000000 -1.000000 0.000000 -0.000000 -1.000000 0.000000 -0.000000 -1.000000 0.000000 -0.000000 -1.000000 0.000000 -0.000000 -1.000000 0.000000 -0.000000 -1.000000 0.000000 -0.000000 -1.000000 0.000000 -0.000000 -1.000000 0.000000 -0.000000 -1.000000 0.000000 -0.000000 -1.000000 0.000000 -0.000000 -1.000000 0.000000 -0.000000 -1.000000 0.000000 -0.000000 -1.000000 0.000000 -0.000000 -1.000000 0.000000 -0.000000 -1.000000 0.000000 -0.000000 -1.000000 0.000000 -0.000000 -1.000000 0.000000 -0.000000 -1.000000 0.000000 -0.000000 -1.000000 0.000000 -0.000000 -1.000000 0.000000 -0.000000 -1.000000 0.000000 -0.000000 -1.000000 0.000000 -0.000000 -1.000000 0.000000 -0.000000 -1.000000 0.000000 -0.000000 -1.000000 0.000000 -0.000000 -1.000000 0.000000 -0.000000 -1.000000 0.000000 -0.000000 -1.000000 0.000000 -0.000000 -1.000000 0.000000 -0.000000 -1.000000 0.000000 -0.000000 -1.000000 0.000000 -0.000000 -1.000000 0.000000 -0.000000 -1.000000 0.000000 -0.000000 -1.000000 0.000000 -0.000000 -1.000000 0.000000 -0.000000 -1.000000 0.000000 -0.000000 -1.000000 0.000000 -0.000000 -1.000000 0.000000 -0.000000 -1.000000 0.000000 -0.000000 -1.000000 0.000000 -0.000000 -1.000000 0.000000 -0.000000 -1.000000 0.000000 -0.000000 -1.000000 0.000000 -0.000000 -1.000000 0.000000 -0.000000 -1.000000 0.000000 -0.000000 -1.000000 0.000000 -0.000000 -1.000000 0.000000 -0.000000 -1.000000 0.000000 -0.000000 -1.000000 0.000000 -0.000000 -1.000000 0.000000 -0.000000 -1.000000 0.000000 -0.000000 -1.000000 0.000000 -0.000000 -1.000000 0.000000 -0.000000 -1.000000 0.000000 -0.000000 -1.000000 0.000000 -0.000000 -1.000000 0.000000 -0.000000 -1.000000 0.000000 -0.000000 -1.000000 0.000000 -0.000000 -1.000000 0.000000 -0.000000 -1.000000 0.000000 -0.000000 -1.000000 0.000000 -0.000000 -1.000000 0.000000 -0.000000 -1.000000 0.000000 -0.000000 -1.000000 0.000000 -0.000000 -1.000000 0.000000 -0.000000 -1.000000 0.000000 -0.000000 -1.000000 0.000000 -0.000000 -1.000000 0.000000 -0.000000 -1.000000 0.000000 -0.000000 -1.000000 0.000000 -0.000000 -1.000000 0.000000 -0.000000 -1.000000 0.000000 -0.000000 -1.000000 0.000000 -0.000000 -1.000000 0.000000 -0.000000 -1.000000 0.000000 -0.000000 -1.000000 0.000000 -0.000000 -1.000000 0.000000 -0.000000 -1.000000 0.000000 -0.000000 -1.000000 0.000000 -0.000000 -1.000000 0.000000 -0.000000 -1.000000 0.000000 -0.000000 -1.000000 0.000000 -0.000000 -1.000000 0.000000 -0.000000 -1.000000 0.000000 -0.000000 -1.000000 0.000000 -0.000000 -1.000000 0.000000 -0.000000 -1.000000 0.000000 -0.000000 -1.000000 0.000000 -0.000000 -1.000000 0.000000 -0.000000 -1.000000 0.000000 -0.000000 -1.000000 0.000000 -0.000000 -1.000000 0.000000 -0.000000 -1.000000 0.000000 -0.000000 -1.000000 0.000000 -0.000000 -1.000000 0.000000 -0.000000 -1.000000 0.000000 -0.000000 -1.000000 0.000000 -0.000000 -1.000000 0.000000 -0.000000 -1.000000 0.000000 -0.000000 -1.000000 0.000000 -0.000000 -1.000000 0.000000 -0.000000 -1.000000 0.000000 -0.000000 -1.000000 0.000000 -0.000000 -1.000000 0.000000 -0.000000 -1.000000 0.000000 -0.000000 -1.000000 0.000000 -0.000000 -1.000000 0.000000 -0.000000 -1.000000 0.000000 -0.000000 -1.000000 0.000000 -0.000000 -1.000000 0.000000 -0.000000 -1.000000 0.000000 -0.000000 -1.000000 0.000000 -0.000000 -1.000000 0.000000 -0.000000 -1.000000 0.000000 -0.000000 -1.000000 0.000000 -0.000000 -1.000000 0.000000 -0.000000 -1.000000 0.000000 -0.000000 -1.000000 0.000000 -0.000000 -1.000000 0.000000 -0.000000 -1.000000 0.000000 -0.000000 -1.000000 0.000000 -0.000000 -1.000000 0.000000 -0.000000 -1.000000 0.000000 -0.000000 -1.000000 0.000000 -0.000000 -1.000000 0.000000 -0.000000 -1.000000 0.000000 -0.000000 -1.000000 0.000000 -0.000000 -1.000000 0.000000 -0.000000 -1.000000 0.000000 -0.000000 -1.000000 0.000000 -0.000000 -1.000000 0.000000 -0.000000 -1.000000 0.000000 -0.000000 -1.000000 0.000000 -0.000000 -1.000000 0.000000 -0.000000 -1.000000 0.000000 -0.000000 -1.000000 0.000000 -0.000000 -1.000000 0.000000 -0.000000 -1.000000 0.000000 -0.000000 -1.000000 0.000000 -0.000000 -1.000000 0.000000 -0.000000 -1.000000 0.000000 -0.000000 -1.000000 0.000000 -0.000000 -1.000000 0.000000 -0.000000 -1.000000 0.000000 -0.000000 -1.000000 0.000000 -0.000000 -1.000000 0.000000 -0.000000 -1.000000 0.000000 -0.000000 -1.000000 0.000000 -0.000000 -1.000000 0.000000 -0.000000 -1.000000 0.000000 -0.000000 -1.000000 0.000000 -0.000000 -1.000000 0.000000 -0.000000 -1.000000 0.000000 -0.000000 -1.000000 0.000000 -0.000000 -1.000000 0.000000 -0.000000 -1.000000 0.000000 -0.000000 -1.000000 0.000000 -0.000000 -1.000000 0.000000 -0.000000 -1.000000 0.000000 -0.000000 -1.000000 0.000000 -0.000000 -1.000000 0.000000 -0.000000 -1.000000 0.000000 -0.000000 -1.000000 0.000000 -0.000000 -1.000000 0.000000 -0.000000 -1.000000 0.000000 -0.000000 -1.000000 0.000000 -0.000000 -1.000000 0.000000 -0.000000 -1.000000 0.000000 -0.000000 -1.000000 0.000000 -0.000000 -1.000000 0.000000 -0.000000 -1.000000 0.000000 -0.000000 -1.000000 0.000000 -0.000000 -1.000000 0.000000 -0.000000 -1.000000 0.000000 -0.000000 -1.000000 0.000000 -0.000000 -1.000000 0.000000 -0.000000 -1.000000 0.000000 -0.000000 -1.000000 0.000000 -0.000000 -1.000000 0.000000 -0.000000 -1.000000 0.000000 -0.000000 -1.000000 0.000000 -0.000000 -1.000000 0.000000 -0.000000 -1.000000 0.000000 -0.000000 -1.000000 0.000000 -0.000000 -1.000000 0.000000 -0.000000 -1.000000 0.000000 -0.000000 -1.000000 0.000000 -0.000000 -1.000000 0.000000 -0.000000 -1.000000 0.000000 -0.000000 -1.000000 0.000000 -0.000000 -1.000000 0.000000 -0.000000 -1.000000 0.000000 -0.000000 -1.000000 0.000000 -0.000000 -1.000000 0.000000 -0.000000 -1.000000 0.000000 -0.000000 -1.000000 0.000000 -0.000000 -1.000000 0.000000 -0.000000 -1.000000 0.000000 -0.000000 -1.000000 0.000000 -0.000000 -1.000000 0.000000 -0.000000 -1.000000 0.000000 -0.000000 -1.000000 0.000000 -0.000000 -1.000000 0.000000 -0.000000 -1.000000 0.000000 -0.000000 -1.000000 0.000000 -0.000000 -1.000000 0.000000 -0.000000 -1.000000 0.000000 -0.000000 -1.000000 0.000000 -0.000000 -1.000000 0.000000 -0.000000 -1.000000 0.000000 -0.000000 -1.000000 0.000000 -0.000000 -1.000000 0.000000 -0.000000 -1.000000 0.000000 -0.000000 -1.000000 0.000000 -0.000000 -1.000000 0.000000 -0.000000 -1.000000 0.000000 -0.000000 -1.000000 0.000000 -0.000000 -1.000000 0.000000 -0.000000 -1.000000 0.000000 -0.000000 -1.000000 0.000000 -0.000000 -1.000000 0.000000 -0.000000 -1.000000 0.000000 -0.000000 -1.000000 0.000000 -0.000000 -1.000000 0.000000 -0.000000 -1.000000 0.000000 -0.000000 -1.000000 0.000000 -0.000000 -1.000000 0.000000 -0.000000 -1.000000 0.000000 -0.000000 -1.000000 0.000000 -0.000000 -1.000000 0.000000 -0.000000 -1.000000 0.000000 -0.000000 -1.000000 0.000000 -0.000000 -1.000000 0.000000 -0.000000 -1.000000 0.000000 -0.000000 -1.000000 0.000000 -0.000000 -1.000000 0.000000 -0.000000 -1.000000 0.000000 -0.000000 -1.000000 0.000000 -0.000000 -1.000000 0.000000 -0.000000 -1.000000 0.000000 -0.000000 -1.000000 0.000000 -0.000000 -1.000000 0.000000 -0.000000 -1.000000 0.000000 -0.000000 -1.000000 0.000000 -0.000000 -1.000000 0.000000 -0.000000 -1.000000 0.000000 -0.000000 -1.000000 0.000000 -0.000000 -1.000000 0.000000 -0.000000 -1.000000 0.000000 -0.000000 -1.000000 0.000000 -0.000000 -1.000000 0.000000 -0.000000 -1.000000 0.000000 -0.000000 -1.000000 0.000000 -0.000000 -1.000000 0.000000 -0.000000 -1.000000 0.000000 -0.000000 -1.000000 0.000000 -0.000000 -1.000000 0.000000 -0.000000 -1.000000 0.000000 -0.000000 -1.000000 0.000000 -0.000000 -1.000000 0.000000 -0.000000 -1.000000 0.000000 -0.000000 -1.000000 0.000000 -0.000000 -1.000000 0.000000 -0.000000 -1.000000 0.000000 -0.000000 -1.000000 0.000000 -0.000000 -1.000000 0.000000 -0.000000 -1.000000 0.000000 -0.000000 -1.000000 0.000000 -0.000000 -1.000000 0.000000 -0.000000 -1.000000 0.000000 -0.000000 -1.000000 0.000000 -0.000000 -1.000000 0.000000 -0.000000 -1.000000 0.000000 -0.000000 -1.000000 0.000000 -0.000000 -1.000000 0.000000 -0.000000 -1.000000 0.000000 -0.000000 -1.000000 0.000000 -0.000000 -1.000000 0.000000 -0.000000 -1.000000 0.000000 -0.000000 -1.000000 0.000000 -0.000000 -1.000000 0.000000 -0.000000 -1.000000 0.000000 -0.000000 -1.000000 0.000000 -0.000000 -1.000000 0.000000 -0.000000 -1.000000 0.000000 -0.000000 -1.000000 0.000000 -0.000000 -1.000000 0.000000 -0.000000 -1.000000 0.000000 -0.000000 -1.000000 0.000000 -0.000000 -1.000000 0.000000 -0.000000 -1.000000 0.000000 -0.000000 -1.000000 0.000000 -0.000000 -1.000000 0.000000 -0.000000 -1.000000 0.000000 -0.000000 -1.000000 0.000000 -0.000000 -1.000000 0.000000 -0.000000 -1.000000 0.000000 -0.000000 -1.000000 0.000000 -0.000000 -1.000000 0.000000 -0.000000 -1.000000 0.000000 -0.000000 -1.000000 0.000000 -0.000000 -1.000000 0.000000 -0.000000 -1.000000 0.000000 -0.000000 -1.000000 0.000000 -0.000000 -1.000000 0.000000 -0.000000 -1.000000 0.000000 -0.000000 -1.000000 0.000000 -0.000000 -1.000000 0.000000 -0.000000 -1.000000 0.000000 -0.000000 -1.000000 0.000000 -0.000000 -1.000000 0.000000 -0.000000 -1.000000 0.000000 -0.000000 -1.000000 0.000000 -0.000000 -1.000000 0.000000 -0.000000 -1.000000 0.000000 -0.000000 -1.000000 0.000000 -0.000000 -1.000000 0.000000 -0.000000 -1.000000 0.000000 -0.000000 -1.000000 0.000000 -0.000000 -1.000000 0.000000 -0.000000 -1.000000 0.000000 -0.000000 -1.000000 0.000000 -0.000000 -1.000000 0.000000 -0.000000 -1.000000 0.000000 -0.000000 -1.000000 0.000000 -0.000000 -1.000000 0.000000 -0.000000 -1.000000 0.000000 -0.000000 -1.000000 0.000000 -0.000000 -1.000000 0.000000 -0.000000 -1.000000 0.000000 -0.000000 -1.000000 0.000000 -0.000000 -1.000000 0.000000 -0.000000 -1.000000 0.000000 -0.000000 -1.000000 0.000000 -0.000000 -1.000000 0.000000 -0.000000 -1.000000 0.000000 -0.000000 -1.000000 0.000000 -0.000000 -1.000000 0.000000 -0.000000 -1.000000 0.000000 -0.000000 -1.000000 0.000000 -0.000000 -1.000000 0.000000 -0.000000 -1.000000 0.000000 -0.000000 -1.000000 0.000000 -0.000000 -1.000000 0.000000 -0.000000 -1.000000 0.000000 -0.000000 -1.000000 0.000000 -0.000000 -1.000000 0.000000 -0.000000 -1.000000 0.000000 -0.000000 -1.000000 0.000000 -0.000000 -1.000000 0.000000 -0.000000 -1.000000 0.000000 -0.000000 -1.000000 0.000000 -0.000000 -1.000000 0.000000 -0.000000 -1.000000 0.000000 -0.000000 -1.000000 0.000000 -0.000000 -1.000000 0.000000 -0.000000 -1.000000 0.000000 -0.000000 -1.000000 0.000000 -0.000000 -1.000000 0.000000 -0.000000 -1.000000 0.000000 -0.000000 -1.000000 0.000000 -0.000000 -1.000000 0.000000 -0.000000 -1.000000 0.000000 -0.000000 -1.000000 0.000000 -0.000000 -1.000000 0.000000 -0.000000 -1.000000 0.000000 -0.000000 -1.000000 0.000000 -0.000000 -1.000000 0.000000 -0.000000 -1.000000 0.000000 -0.000000 -1.000000 0.000000 -0.000000 -1.000000 0.000000 -0.000000 -1.000000 0.000000 -0.000000 -1.000000 0.000000 -0.000000 -1.000000 0.000000 -0.000000 -1.000000 0.000000 -0.000000 -1.000000 0.000000 -0.000000 -1.000000 0.000000 -0.000000 -1.000000 0.000000 -0.000000 -1.000000 0.000000 -0.000000 -1.000000 0.000000 -0.000000 -1.000000 0.000000 -0.000000 -1.000000 0.000000 -0.000000 -1.000000 0.000000 -0.000000 -1.000000 0.000000 -0.000000 -1.000000 0.000000 -0.000000 -1.000000 0.000000 -0.000000 -1.000000 0.000000 -0.000000 -1.000000 0.000000 -0.000000 -1.000000 0.000000 -0.000000 -1.000000 0.000000 -0.000000 -1.000000 0.000000 -0.000000 -1.000000 0.000000 -0.000000 -1.000000 0.000000 -0.000000 -1.000000 0.000000 -0.000000 -1.000000 0.000000 -0.000000 -1.000000 0.000000 -0.000000 -1.000000 0.000000 -0.000000 -1.000000 0.000000 -0.000000 -1.000000 0.000000 -0.000000 -1.000000 0.000000 -0.000000 -1.000000 0.000000 -0.000000 -1.000000 0.000000 -0.000000 -1.000000 0.000000 -0.000000 -1.000000 0.000000 -0.000000 -1.000000 0.000000 -0.000000 -1.000000 0.000000 -0.000000 -1.000000 0.000000 -0.000000 -1.000000 0.000000 -0.000000 -1.000000 0.000000 -0.000000 -1.000000 0.000000 -0.000000 -1.000000 0.000000 -0.000000 -1.000000 0.000000 -0.000000 -1.000000 0.000000 -0.000000 -1.000000 0.000000 -0.000000 -1.000000 0.000000 -0.000000 -1.000000 0.000000 -0.000000 -1.000000 0.000000 -0.000000 -1.000000 0.000000 -0.000000 -1.000000 0.000000 -0.000000 -1.000000 0.000000 -0.000000 -1.000000 0.000000 -0.000000 -1.000000 0.000000 -0.000000 -1.000000 0.000000 -0.000000 -1.000000 0.000000 -0.000000 -1.000000 0.000000 -0.000000 -1.000000 0.000000 -0.000000 -1.000000 0.000000 -0.000000 -1.000000 0.000000 -0.000000 -1.000000 0.000000 -0.000000 -1.000000 0.000000 -0.000000 -1.000000 0.000000 -0.000000 -1.000000 0.000000 -0.000000 -1.000000 0.000000 -0.000000 -1.000000 0.000000 -0.000000 -1.000000 0.000000 -0.000000 -1.000000 0.000000 -0.000000 -1.000000 0.000000 -0.000000 -1.000000 0.000000 -0.000000 -1.000000 0.000000 -0.000000 -1.000000 0.000000 -0.000000 -1.000000 0.000000 -0.000000 -1.000000 0.000000 -0.000000 -1.000000 0.000000 -0.000000 -1.000000 0.000000 -0.000000 -1.000000 0.000000 -0.000000 -1.000000 0.000000 -0.000000 -1.000000 0.000000 -0.000000 -1.000000 0.000000 -0.000000 -1.000000 0.000000 -0.000000 -1.000000 0.000000 -0.000000 -1.000000 0.000000 -0.000000 -1.000000 0.000000 -0.000000 -1.000000 0.000000 -0.000000 -1.000000 0.000000 -0.000000 -1.000000 0.000000 -0.000000 -1.000000 0.000000 -0.000000 -1.000000 0.000000 -0.000000 -1.000000 0.000000 -0.000000 -1.000000 0.000000 -0.000000 -1.000000 0.000000 -0.000000 -1.000000 0.000000 -0.000000 -1.000000 0.000000 -0.000000 -1.000000 0.000000 -0.000000 -1.000000 0.000000 -0.000000 -1.000000 0.000000 -0.000000 -1.000000 0.000000 -0.000000 -1.000000 0.000000 -0.000000 -1.000000 0.000000 -0.000000 -1.000000 0.000000 -0.000000 -1.000000 0.000000 -0.000000 -1.000000 0.000000 -0.000000 -1.000000 0.000000 -0.000000 -1.000000 0.000000 -0.000000 -1.000000 0.000000 -0.000000 -1.000000 0.000000 -0.000000 -1.000000 0.000000 -0.000000 -1.000000 0.000000 -0.000000 -1.000000 0.000000 -0.000000 -1.000000 0.000000 -0.000000 -1.000000 0.000000 -0.000000 -1.000000 0.000000 -0.000000 -1.000000 0.000000 -0.000000 -1.000000 0.000000 -0.000000 -1.000000 0.000000 -0.000000 -1.000000 0.000000 -0.000000 -1.000000 0.000000 -0.000000 -1.000000 0.000000 -0.000000 -1.000000 0.000000 -0.000000 -1.000000 0.000000 -0.000000 -1.000000 0.000000 -0.000000 -1.000000 0.000000 -0.000000 -1.000000 0.000000 -0.000000 -1.000000 0.000000 -0.000000 -1.000000 0.000000 -0.000000 -1.000000 0.000000 -0.000000 -1.000000 0.000000 -0.000000 -1.000000 0.000000 -0.000000 -1.000000 0.000000 -0.000000 -1.000000 0.000000 -0.000000 -1.000000 0.000000 -0.000000 -1.000000 0.000000 -0.000000 -1.000000 0.000000 -0.000000 -1.000000 0.000000 -0.000000 -1.000000 0.000000 -0.000000 -1.000000 0.000000 -0.000000 -1.000000 0.000000 -0.000000 -1.000000 0.000000 -0.000000 -1.000000 0.000000 -0.000000 -1.000000 0.000000 -0.000000 -1.000000 0.000000 -0.000000 -1.000000 0.000000 -0.000000 -1.000000 0.000000 -0.000000 -1.000000 0.000000 -0.000000 -1.000000 0.000000 -0.000000 -1.000000 0.000000 -0.000000 -1.000000 0.000000 -0.000000 -1.000000 0.000000 -0.000000 -1.000000 0.000000 -0.000000 -1.000000 0.000000 -0.000000 -1.000000 0.000000 -0.000000 -1.000000 0.000000 -0.000000 -1.000000 0.000000 -0.000000 -1.000000 0.000000 -0.000000 -1.000000 0.000000 -0.000000 -1.000000 0.000000 -0.000000 -1.000000 0.000000 -0.000000 -1.000000 0.000000 -0.000000 -1.000000 0.000000 -0.000000 -1.000000 0.000000 -0.000000 -1.000000 0.000000 -0.000000 -1.000000 0.000000 -0.000000 -1.000000 0.000000 -0.000000 -1.000000 0.000000 -0.000000 -1.000000 0.000000 -0.000000 -1.000000 0.000000 -0.000000 -1.000000 0.000000 -0.000000 -1.000000 0.000000 -0.000000 -0.000000 0.965926 0.258819 -0.000000 0.965926 0.258819 -0.000000 1.000000 -0.000000 -0.000000 1.000000 -0.000000 -0.000000 0.965926 -0.258819 -0.000000 0.965926 -0.258819 -0.000000 0.866025 -0.500000 -0.000000 0.866025 -0.500000 -0.000000 0.707107 -0.707107 -0.000000 0.707107 -0.707107 -0.000000 0.500000 -0.866025 -0.000000 0.500000 -0.866025 -0.000000 0.258819 -0.965926 -0.000000 0.258819 -0.965926 -0.000000 0.000000 -1.000000 -0.000000 0.000000 -1.000000 0.000000 -0.258819 -0.965926 0.000000 -0.258819 -0.965926 0.000000 -0.500000 -0.866025 0.000000 -0.500000 -0.866025 0.000000 -0.707107 -0.707107 0.000000 -0.707107 -0.707107 0.000000 -0.866025 -0.500000 0.000000 -0.866025 -0.500000 0.000000 -0.965926 -0.258819 0.000000 -0.965926 -0.258819 0.000000 -1.000000 0.000000 0.000000 -1.000000 0.000000 0.000000 -0.965926 0.258819 0.000000 -0.965926 0.258819 0.000000 -0.866025 0.500000 0.000000 -0.866025 0.500000 0.000000 -0.707107 0.707107 0.000000 -0.707107 0.707107 0.000000 -0.500000 0.866025 0.000000 -0.500000 0.866025 0.000000 -0.258819 0.965926 0.000000 -0.258819 0.965926 0.000000 -0.000000 1.000000 0.000000 -0.000000 1.000000 -0.000000 0.258819 0.965926 -0.000000 0.258819 0.965926 -0.000000 0.500000 0.866025 -0.000000 0.500000 0.866025 -0.000000 0.707107 0.707107 -0.000000 0.707107 0.707107 -0.000000 0.866025 0.500000 -0.000000 0.866025 0.500000 -0.000000 0.965926 0.258819 -0.000000 0.965926 0.258819 -0.000000 1.000000 -0.000000 -0.000000 1.000000 -0.000000 -0.000000 0.965926 -0.258819 -0.000000 0.965926 -0.258819 -0.000000 0.866025 -0.500000 -0.000000 0.866025 -0.500000 -0.000000 0.707107 -0.707107 -0.000000 0.707107 -0.707107 -0.000000 0.500000 -0.866025 -0.000000 0.500000 -0.866025 -0.000000 0.258819 -0.965926 -0.000000 0.258819 -0.965926 -0.000000 0.000000 -1.000000 -0.000000 0.000000 -1.000000 0.000000 -0.258819 -0.965926 0.000000 -0.258819 -0.965926 0.000000 -0.500000 -0.866025 0.000000 -0.500000 -0.866025 0.000000 -0.707107 -0.707107 0.000000 -0.707107 -0.707107 0.000000 -0.866025 -0.500000 0.000000 -0.866025 -0.500000 0.000000 -0.965926 -0.258819 0.000000 -0.965926 -0.258819 0.000000 -1.000000 0.000000 0.000000 -1.000000 0.000000 0.000000 -0.965926 0.258819 0.000000 -0.965926 0.258819 0.000000 -0.866025 0.500000 0.000000 -0.866025 0.500000 0.000000 -0.707107 0.707107 0.000000 -0.707107 0.707107 0.000000 -0.500000 0.866025 0.000000 -0.500000 0.866025 0.000000 -0.258819 0.965926 0.000000 -0.258819 0.965926 0.000000 -0.000000 1.000000 0.000000 -0.000000 1.000000 -0.000000 0.258819 0.965926 -0.000000 0.258819 0.965926 -0.000000 0.500000 0.866025 -0.000000 0.500000 0.866025 -0.000000 0.707107 0.707107 -0.000000 0.707107 0.707107 -0.000000 0.866025 0.500000 -0.000000 0.866025 0.500000 -0.000000 0.965926 0.258819 -0.000000 0.965926 0.258819 -0.000000 1.000000 -0.000000 -0.000000 1.000000 -0.000000 -0.000000 0.965926 -0.258819 -0.000000 0.965926 -0.258819 -0.000000 0.866025 -0.500000 -0.000000 0.866025 -0.500000 -0.000000 0.707107 -0.707107 -0.000000 0.707107 -0.707107 -0.000000 0.500000 -0.866025 -0.000000 0.500000 -0.866025 -0.000000 0.258819 -0.965926 -0.000000 0.258819 -0.965926 -0.000000 0.000000 -1.000000 -0.000000 0.000000 -1.000000 0.000000 -0.258819 -0.965926 0.000000 -0.258819 -0.965926 0.000000 -0.500000 -0.866025 0.000000 -0.500000 -0.866025 0.000000 -0.707107 -0.707107 0.000000 -0.707107 -0.707107 0.000000 -0.866025 -0.500000 0.000000 -0.866025 -0.500000 0.000000 -0.965926 -0.258819 0.000000 -0.965926 -0.258819 0.000000 -1.000000 0.000000 0.000000 -1.000000 0.000000 0.000000 -0.965926 0.258819 0.000000 -0.965926 0.258819 0.000000 -0.866025 0.500000 0.000000 -0.866025 0.500000 0.000000 -0.707107 0.707107 0.000000 -0.707107 0.707107 0.000000 -0.500000 0.866025 0.000000 -0.500000 0.866025 0.000000 -0.258819 0.965926 0.000000 -0.258819 0.965926 0.000000 -0.000000 1.000000 0.000000 -0.000000 1.000000 -0.000000 0.258819 0.965926 -0.000000 0.258819 0.965926 -0.000000 0.500000 0.866025 -0.000000 0.500000 0.866025 -0.000000 0.707107 0.707107 -0.000000 0.707107 0.707107 -0.000000 0.866025 0.500000 -0.000000 0.866025 0.500000 -0.000000 0.965926 0.258819 -0.000000 0.965926 0.258819 -0.000000 1.000000 -0.000000 -0.000000 1.000000 -0.000000 -0.000000 0.965926 -0.258819 -0.000000 0.965926 -0.258819 -0.000000 0.866025 -0.500000 -0.000000 0.866025 -0.500000 -0.000000 0.707107 -0.707107 -0.000000 0.707107 -0.707107 -0.000000 0.500000 -0.866025 -0.000000 0.500000 -0.866025 -0.000000 0.258819 -0.965926 -0.000000 0.258819 -0.965926 -0.000000 0.000000 -1.000000 -0.000000 0.000000 -1.000000 0.000000 -0.258819 -0.965926 0.000000 -0.258819 -0.965926 0.000000 -0.500000 -0.866025 0.000000 -0.500000 -0.866025 0.000000 -0.707107 -0.707107 0.000000 -0.707107 -0.707107 0.000000 -0.866025 -0.500000 0.000000 -0.866025 -0.500000 0.000000 -0.965926 -0.258819 0.000000 -0.965926 -0.258819 0.000000 -1.000000 0.000000 0.000000 -1.000000 0.000000 0.000000 -0.965926 0.258819 0.000000 -0.965926 0.258819 0.000000 -0.866025 0.500000 0.000000 -0.866025 0.500000 0.000000 -0.707107 0.707107 0.000000 -0.707107 0.707107 0.000000 -0.500000 0.866025 0.000000 -0.500000 0.866025 0.000000 -0.258819 0.965926 0.000000 -0.258819 0.965926 0.000000 -0.000000 1.000000 0.000000 -0.000000 1.000000 -0.000000 0.258819 0.965926 -0.000000 0.258819 0.965926 -0.000000 0.500000 0.866025 -0.000000 0.500000 0.866025 -0.000000 0.707107 0.707107 -0.000000 0.707107 0.707107 -0.000000 0.866025 0.500000 -0.000000 0.866025 0.500000 -0.000000 0.965926 0.258819 -0.000000 0.965926 0.258819 -0.000000 1.000000 -0.000000 -0.000000 1.000000 -0.000000 -0.000000 0.965926 -0.258819 -0.000000 0.965926 -0.258819 -0.000000 0.866025 -0.500000 -0.000000 0.866025 -0.500000 -0.000000 0.707107 -0.707107 -0.000000 0.707107 -0.707107 -0.000000 0.500000 -0.866025 -0.000000 0.500000 -0.866025 -0.000000 0.258819 -0.965926 -0.000000 0.258819 -0.965926 -0.000000 0.000000 -1.000000 -0.000000 0.000000 -1.000000 0.000000 -0.258819 -0.965926 0.000000 -0.258819 -0.965926 0.000000 -0.500000 -0.866025 0.000000 -0.500000 -0.866025 0.000000 -0.707107 -0.707107 0.000000 -0.707107 -0.707107 0.000000 -0.866025 -0.500000 0.000000 -0.866025 -0.500000 0.000000 -0.965926 -0.258819 0.000000 -0.965926 -0.258819 0.000000 -1.000000 0.000000 0.000000 -1.000000 0.000000 0.000000 -0.965926 0.258819 0.000000 -0.965926 0.258819 0.000000 -0.866025 0.500000 0.000000 -0.866025 0.500000 0.000000 -0.707107 0.707107 0.000000 -0.707107 0.707107 0.000000 -0.500000 0.866025 0.000000 -0.500000 0.866025 0.000000 -0.258819 0.965926 0.000000 -0.258819 0.965926 0.000000 -0.000000 1.000000 0.000000 -0.000000 1.000000 -0.000000 0.258819 0.965926 -0.000000 0.258819 0.965926 -0.000000 0.500000 0.866025 -0.000000 0.500000 0.866025 -0.000000 0.707107 0.707107 -0.000000 0.707107 0.707107 -0.000000 0.866025 0.500000 -0.000000 0.866025 0.500000 -0.000000 0.965926 0.258819 -0.000000 0.965926 0.258819 -0.000000 1.000000 -0.000000 -0.000000 1.000000 -0.000000 -0.000000 0.965926 -0.258819 -0.000000 0.965926 -0.258819 -0.000000 0.866025 -0.500000 -0.000000 0.866025 -0.500000 -0.000000 0.707107 -0.707107 -0.000000 0.707107 -0.707107 -0.000000 0.500000 -0.866025 -0.000000 0.500000 -0.866025 -0.000000 0.258819 -0.965926 -0.000000 0.258819 -0.965926 -0.000000 0.000000 -1.000000 -0.000000 0.000000 -1.000000 0.000000 -0.258819 -0.965926 0.000000 -0.258819 -0.965926 0.000000 -0.500000 -0.866025 0.000000 -0.500000 -0.866025 0.000000 -0.707107 -0.707107 0.000000 -0.707107 -0.707107 0.000000 -0.866025 -0.500000 0.000000 -0.866025 -0.500000 0.000000 -0.965926 -0.258819 0.000000 -0.965926 -0.258819 0.000000 -1.000000 0.000000 0.000000 -1.000000 0.000000 0.000000 -0.965926 0.258819 0.000000 -0.965926 0.258819 0.000000 -0.866025 0.500000 0.000000 -0.866025 0.500000 0.000000 -0.707107 0.707107 0.000000 -0.707107 0.707107 0.000000 -0.500000 0.866025 0.000000 -0.500000 0.866025 0.000000 -0.258819 0.965926 0.000000 -0.258819 0.965926 0.000000 -0.000000 1.000000 0.000000 -0.000000 1.000000 -0.000000 0.258819 0.965926 -0.000000 0.258819 0.965926 -0.000000 0.500000 0.866025 -0.000000 0.500000 0.866025 -0.000000 0.707107 0.707107 -0.000000 0.707107 0.707107 -0.000000 0.866025 0.500000 -0.000000 0.866025 0.500000 -0.000000 0.965926 0.258819 -0.000000 0.965926 0.258819 -0.000000 1.000000 -0.000000 -0.000000 1.000000 -0.000000 -0.000000 0.965926 -0.258819 -0.000000 0.965926 -0.258819 -0.000000 0.866025 -0.500000 -0.000000 0.866025 -0.500000 -0.000000 0.707107 -0.707107 -0.000000 0.707107 -0.707107 -0.000000 0.500000 -0.866025 -0.000000 0.500000 -0.866025 -0.000000 0.258819 -0.965926 -0.000000 0.258819 -0.965926 -0.000000 0.000000 -1.000000 -0.000000 0.000000 -1.000000 0.000000 -0.258819 -0.965926 0.000000 -0.258819 -0.965926 0.000000 -0.500000 -0.866025 0.000000 -0.500000 -0.866025 0.000000 -0.707107 -0.707107 0.000000 -0.707107 -0.707107 0.000000 -0.866025 -0.500000 0.000000 -0.866025 -0.500000 0.000000 -0.965926 -0.258819 0.000000 -0.965926 -0.258819 0.000000 -1.000000 0.000000 0.000000 -1.000000 0.000000 0.000000 -0.965926 0.258819 0.000000 -0.965926 0.258819 0.000000 -0.866025 0.500000 0.000000 -0.866025 0.500000 0.000000 -0.707107 0.707107 0.000000 -0.707107 0.707107 0.000000 -0.500000 0.866025 0.000000 -0.500000 0.866025 0.000000 -0.258819 0.965926 0.000000 -0.258819 0.965926 0.000000 -0.000000 1.000000 0.000000 -0.000000 1.000000 -0.000000 0.258819 0.965926 -0.000000 0.258819 0.965926 -0.000000 0.500000 0.866025 -0.000000 0.500000 0.866025 -0.000000 0.707107 0.707107 -0.000000 0.707107 0.707107 -0.000000 0.866025 0.500000 -0.000000 0.866025 0.500000 -0.000000 0.965926 0.258819 -0.000000 0.965926 0.258819 -0.000000 1.000000 -0.000000 -0.000000 1.000000 -0.000000 -0.000000 0.965926 -0.258819 -0.000000 0.965926 -0.258819 -0.000000 0.866025 -0.500000 -0.000000 0.866025 -0.500000 -0.000000 0.707107 -0.707107 -0.000000 0.707107 -0.707107 -0.000000 0.500000 -0.866025 -0.000000 0.500000 -0.866025 -0.000000 0.258819 -0.965926 -0.000000 0.258819 -0.965926 -0.000000 0.000000 -1.000000 -0.000000 0.000000 -1.000000 0.000000 -0.258819 -0.965926 0.000000 -0.258819 -0.965926 0.000000 -0.500000 -0.866025 0.000000 -0.500000 -0.866025 0.000000 -0.707107 -0.707107 0.000000 -0.707107 -0.707107 0.000000 -0.866025 -0.500000 0.000000 -0.866025 -0.500000 0.000000 -0.965926 -0.258819 0.000000 -0.965926 -0.258819 0.000000 -1.000000 0.000000 0.000000 -1.000000 0.000000 0.000000 -0.965926 0.258819 0.000000 -0.965926 0.258819 0.000000 -0.866025 0.500000 0.000000 -0.866025 0.500000 0.000000 -0.707107 0.707107 0.000000 -0.707107 0.707107 0.000000 -0.500000 0.866025 0.000000 -0.500000 0.866025 0.000000 -0.258819 0.965926 0.000000 -0.258819 0.965926 0.000000 -0.000000 1.000000 0.000000 -0.000000 1.000000 -0.000000 0.258819 0.965926 -0.000000 0.258819 0.965926 -0.000000 0.500000 0.866025 -0.000000 0.500000 0.866025 -0.000000 0.707107 0.707107 -0.000000 0.707107 0.707107 -0.000000 0.866025 0.500000 -0.000000 0.866025 0.500000 -0.000000 0.997204 0.074730 -0.000000 0.997204 0.074730 -0.000000 1.000000 -0.000000 -0.000000 1.000000 -0.000000 -0.000000 0.997204 -0.074730 -0.000000 0.997204 -0.074730 -0.000000 0.988831 -0.149042 -0.000000 0.988831 -0.149042 -0.000000 0.974928 -0.222521 -0.000000 0.974928 -0.222521 -0.000000 0.955573 -0.294755 -0.000000 0.955573 -0.294755 -0.000000 0.930874 -0.365341 -0.000000 0.930874 -0.365341 -0.000000 0.900969 -0.433884 -0.000000 0.900969 -0.433884 -0.000000 0.866025 -0.500000 -0.000000 0.866025 -0.500000 -0.000000 0.826239 -0.563320 -0.000000 0.826239 -0.563320 -0.000000 0.781831 -0.623490 -0.000000 0.781831 -0.623490 -0.000000 0.733052 -0.680173 -0.000000 0.733052 -0.680173 -0.000000 0.680173 -0.733052 -0.000000 0.680173 -0.733052 -0.000000 0.623490 -0.781831 -0.000000 0.623490 -0.781831 -0.000000 0.563320 -0.826239 -0.000000 0.563320 -0.826239 -0.000000 0.500000 -0.866025 -0.000000 0.500000 -0.866025 -0.000000 0.433884 -0.900969 -0.000000 0.433884 -0.900969 -0.000000 0.365341 -0.930874 -0.000000 0.365341 -0.930874 -0.000000 0.294755 -0.955573 -0.000000 0.294755 -0.955573 -0.000000 0.222521 -0.974928 -0.000000 0.222521 -0.974928 -0.000000 0.149042 -0.988831 -0.000000 0.149042 -0.988831 -0.000000 0.074730 -0.997204 -0.000000 0.074730 -0.997204 -0.000000 0.000000 -1.000000 -0.000000 0.000000 -1.000000 -0.000000 -0.074730 -0.997204 -0.000000 -0.074730 -0.997204 -0.000000 -0.149042 -0.988831 -0.000000 -0.149042 -0.988831 -0.000000 -0.222521 -0.974928 -0.000000 -0.222521 -0.974928 0.000000 -0.294755 -0.955573 0.000000 -0.294755 -0.955573 0.000000 -0.365341 -0.930874 0.000000 -0.365341 -0.930874 0.000000 -0.433884 -0.900969 0.000000 -0.433884 -0.900969 0.000000 -0.500000 -0.866025 0.000000 -0.500000 -0.866025 0.000000 -0.563320 -0.826239 0.000000 -0.563320 -0.826239 0.000000 -0.623490 -0.781831 0.000000 -0.623490 -0.781831 0.000000 -0.680173 -0.733052 0.000000 -0.680173 -0.733052 0.000000 -0.733052 -0.680173 0.000000 -0.733052 -0.680173 0.000000 -0.781831 -0.623490 0.000000 -0.781831 -0.623490 0.000000 -0.826239 -0.563320 0.000000 -0.826239 -0.563320 0.000000 -0.866025 -0.500000 0.000000 -0.866025 -0.500000 0.000000 -0.900969 -0.433884 0.000000 -0.900969 -0.433884 0.000000 -0.930874 -0.365341 0.000000 -0.930874 -0.365341 0.000000 -0.955573 -0.294755 0.000000 -0.955573 -0.294755 0.000000 -0.974928 -0.222521 0.000000 -0.974928 -0.222521 0.000000 -0.988831 -0.149042 0.000000 -0.988831 -0.149042 0.000000 -0.997204 -0.074730 0.000000 -0.997204 -0.074730 0.000000 -1.000000 0.000000 0.000000 -1.000000 0.000000 0.000000 -0.997204 0.074730 0.000000 -0.997204 0.074730 0.000000 -0.988831 0.149042 0.000000 -0.988831 0.149042 0.000000 -0.974928 0.222521 0.000000 -0.974928 0.222521 0.000000 -0.955573 0.294755 0.000000 -0.955573 0.294755 0.000000 -0.930874 0.365341 0.000000 -0.930874 0.365341 0.000000 -0.900969 0.433884 0.000000 -0.900969 0.433884 0.000000 -0.866025 0.500000 0.000000 -0.866025 0.500000 0.000000 -0.826239 0.563320 0.000000 -0.826239 0.563320 0.000000 -0.781831 0.623490 0.000000 -0.781831 0.623490 0.000000 -0.733052 0.680173 0.000000 -0.733052 0.680173 0.000000 -0.680173 0.733052 0.000000 -0.680173 0.733052 0.000000 -0.623490 0.781831 0.000000 -0.623490 0.781831 0.000000 -0.563320 0.826239 0.000000 -0.563320 0.826239 0.000000 -0.500000 0.866025 0.000000 -0.500000 0.866025 0.000000 -0.433884 0.900969 0.000000 -0.433884 0.900969 0.000000 -0.365341 0.930874 0.000000 -0.365341 0.930874 0.000000 -0.294755 0.955573 0.000000 -0.294755 0.955573 0.000000 -0.222521 0.974928 0.000000 -0.222521 0.974928 0.000000 -0.149042 0.988831 0.000000 -0.149042 0.988831 0.000000 -0.074730 0.997204 0.000000 -0.074730 0.997204 0.000000 -0.000000 1.000000 0.000000 -0.000000 1.000000 0.000000 0.074730 0.997204 0.000000 0.074730 0.997204 0.000000 0.149042 0.988831 0.000000 0.149042 0.988831 0.000000 0.222521 0.974928 0.000000 0.222521 0.974928 -0.000000 0.294755 0.955573 -0.000000 0.294755 0.955573 -0.000000 0.365341 0.930874 -0.000000 0.365341 0.930874 -0.000000 0.433884 0.900969 -0.000000 0.433884 0.900969 -0.000000 0.500000 0.866025 -0.000000 0.500000 0.866025 -0.000000 0.563320 0.826239 -0.000000 0.563320 0.826239 -0.000000 0.623490 0.781831 -0.000000 0.623490 0.781831 -0.000000 0.680173 0.733052 -0.000000 0.680173 0.733052 -0.000000 0.733052 0.680173 -0.000000 0.733052 0.680173 -0.000000 0.781831 0.623490 -0.000000 0.781831 0.623490 -0.000000 0.826239 0.563320 -0.000000 0.826239 0.563320 -0.000000 0.866025 0.500000 -0.000000 0.866025 0.500000 -0.000000 0.900969 0.433884 -0.000000 0.900969 0.433884 -0.000000 0.930874 0.365341 -0.000000 0.930874 0.365341 -0.000000 0.955573 0.294755 -0.000000 0.955573 0.294755 -0.000000 0.974928 0.222521 -0.000000 0.974928 0.222521 -0.000000 0.988831 0.149042 -0.000000 0.988831 0.149042 0.000000 -1.000000 0.000000 0.000000 -1.000000 0.000000 -0.000000 0.000000 -1.000000 -0.000000 0.000000 -1.000000 -0.000000 0.000000 -1.000000 -0.000000 0.000000 -1.000000 0.000000 0.064070 0.997945 0.000000 0.032217 0.999481 0.000000 -0.000000 1.000000 0.000000 -0.032217 0.999481 0.000000 -0.064070 0.997945 0.000000 -0.097010 0.995283 0.000000 -0.127877 0.991790 0.000000 -0.161231 0.986917 0.000000 -0.191159 0.981559 0.000000 -0.224776 0.974411 0.000000 -0.253655 0.967295 0.000000 -0.287378 0.957817 0.000000 -0.315108 0.949056 0.000000 -0.348774 0.937207 0.000000 -0.375267 0.926917 0.000000 -0.408708 0.912665 0.000000 -0.433884 0.900969 0.000000 -0.466928 0.884295 0.000000 -0.490718 0.871319 0.000000 -0.523189 0.852217 0.000000 -0.545535 0.838088 0.000000 -0.577255 0.816564 0.000000 -0.598111 0.801414 0.000000 -0.628901 0.777486 0.000000 -0.648228 0.761446 0.000000 -0.677908 0.735146 0.000000 -0.695683 0.718349 0.000000 -0.724073 0.689724 0.000000 -0.740278 0.672301 0.000000 -0.767200 0.641408 0.000000 -0.781831 0.623490 0.000000 -0.807109 0.590402 0.000000 -0.820172 0.572117 0.000000 -0.843633 0.536920 0.000000 -0.855143 0.518393 0.000000 -0.876619 0.481186 0.000000 -0.886599 0.462538 0.000000 -0.905927 0.423433 0.000000 -0.914413 0.404783 0.000000 -0.931436 0.363905 0.000000 -0.938468 0.345365 0.000000 -0.953038 0.302850 0.000000 -0.958668 0.284528 0.000000 -0.970643 0.240525 0.000000 -0.974928 0.222521 0.000000 -0.984176 0.177191 0.000000 -0.987182 0.159600 0.000000 -0.993582 0.113114 0.000000 -0.995379 0.096023 0.000000 -0.998820 0.048562 0.000000 -0.999486 0.032052 0.000000 -0.999869 -0.016193 0.000000 -0.999486 -0.032052 0.000000 -0.996724 -0.080880 0.000000 -0.995379 -0.096023 0.000000 -0.989398 -0.145229 0.000000 -0.987182 -0.159600 0.000000 -0.977923 -0.208968 0.000000 -0.974928 -0.222521 0.000000 -0.962345 -0.271830 0.000000 -0.958668 -0.284528 0.000000 -0.942732 -0.333552 0.000000 -0.938468 -0.345365 0.000000 -0.919164 -0.393876 0.000000 -0.914413 -0.404783 0.000000 -0.891741 -0.452547 0.000000 -0.886599 -0.462538 0.000000 -0.860577 -0.509320 0.000000 -0.855143 -0.518393 0.000000 -0.825804 -0.563957 0.000000 -0.820172 -0.572117 0.000000 -0.787567 -0.616228 0.000000 -0.781831 -0.623490 0.000000 -0.746027 -0.665915 0.000000 -0.740278 -0.672301 0.000000 -0.701358 -0.712809 0.000000 -0.695683 -0.718349 0.000000 -0.653747 -0.756713 0.000000 -0.648228 -0.761446 0.000000 -0.603395 -0.797443 0.000000 -0.598111 -0.801414 0.000000 -0.550511 -0.834828 0.000000 -0.545535 -0.838088 0.000000 -0.495318 -0.868712 0.000000 -0.490718 -0.871319 0.000000 -0.438048 -0.898952 0.000000 -0.433884 -0.900969 0.000000 -0.378940 -0.925421 0.000000 -0.375267 -0.926917 0.000000 -0.318243 -0.948009 0.000000 -0.315108 -0.949056 0.000000 -0.256211 -0.966621 0.000000 -0.253655 -0.967295 -0.000000 -0.193105 -0.981178 -0.000000 -0.191159 -0.981559 -0.000000 -0.129188 -0.991620 -0.000000 -0.127877 -0.991790 -0.000000 -0.064730 -0.997903 -0.000000 -0.064070 -0.997945 -0.000000 0.000000 -1.000000 -0.000000 0.000000 -1.000000 -0.000000 0.064070 -0.997945 -0.000000 0.064730 -0.997903 -0.000000 0.127877 -0.991790 -0.000000 0.129188 -0.991620 -0.000000 0.191159 -0.981559 -0.000000 0.193105 -0.981178 -0.000000 0.253655 -0.967295 -0.000000 0.256211 -0.966621 -0.000000 0.315108 -0.949056 -0.000000 0.318243 -0.948009 -0.000000 0.375267 -0.926917 -0.000000 0.378940 -0.925421 -0.000000 0.433884 -0.900969 -0.000000 0.438048 -0.898952 -0.000000 0.490718 -0.871319 -0.000000 0.495318 -0.868712 -0.000000 0.545535 -0.838088 -0.000000 0.550511 -0.834828 -0.000000 0.598111 -0.801414 -0.000000 0.603395 -0.797443 -0.000000 0.648228 -0.761446 -0.000000 0.653747 -0.756713 -0.000000 0.695683 -0.718349 -0.000000 0.701358 -0.712809 -0.000000 0.740278 -0.672301 -0.000000 0.746027 -0.665915 -0.000000 0.781831 -0.623490 -0.000000 0.787567 -0.616228 -0.000000 0.820172 -0.572117 -0.000000 0.825804 -0.563957 -0.000000 0.855143 -0.518393 -0.000000 0.860577 -0.509320 -0.000000 0.886599 -0.462538 -0.000000 0.891741 -0.452547 -0.000000 0.914413 -0.404783 -0.000000 0.919164 -0.393876 -0.000000 0.938468 -0.345365 -0.000000 0.942732 -0.333552 -0.000000 0.958668 -0.284528 -0.000000 0.962345 -0.271830 -0.000000 0.974928 -0.222521 -0.000000 0.977923 -0.208968 -0.000000 0.987182 -0.159600 -0.000000 0.989398 -0.145229 -0.000000 0.995379 -0.096023 -0.000000 0.996724 -0.080880 -0.000000 0.999486 -0.032052 -0.000000 0.999869 -0.016193 -0.000000 0.999486 0.032052 -0.000000 0.998820 0.048562 -0.000000 0.995379 0.096023 -0.000000 0.993582 0.113114 -0.000000 0.987182 0.159600 -0.000000 0.984176 0.177191 -0.000000 0.974928 0.222521 -0.000000 0.970643 0.240525 -0.000000 0.958668 0.284528 -0.000000 0.953038 0.302850 -0.000000 0.938468 0.345365 -0.000000 0.931436 0.363905 -0.000000 0.914413 0.404783 -0.000000 0.905927 0.423433 -0.000000 0.886599 0.462538 -0.000000 0.876619 0.481186 -0.000000 0.855143 0.518393 -0.000000 0.843633 0.536920 -0.000000 0.820172 0.572117 -0.000000 0.807109 0.590402 -0.000000 0.781831 0.623490 -0.000000 0.767200 0.641408 -0.000000 0.740278 0.672301 -0.000000 0.724073 0.689724 -0.000000 0.695683 0.718349 -0.000000 0.677908 0.735146 -0.000000 0.648228 0.761446 -0.000000 0.628901 0.777486 -0.000000 0.598111 0.801414 -0.000000 0.577255 0.816564 -0.000000 0.545535 0.838088 -0.000000 0.523189 0.852217 -0.000000 0.490718 0.871319 -0.000000 0.466928 0.884295 -0.000000 0.433884 0.900969 -0.000000 0.408708 0.912665 -0.000000 0.375267 0.926917 -0.000000 0.348774 0.937207 -0.000000 0.315108 0.949056 -0.000000 0.287378 0.957817 -0.000000 0.253655 0.967295 0.000000 0.224776 0.974411 0.000000 0.191159 0.981559 0.000000 0.161231 0.986917 0.000000 0.127877 0.991790 0.000000 0.097010 0.995283 -0.000000 0.997945 0.064070 -0.000000 1.000000 -0.000000 -0.000000 0.997945 -0.064070 -0.000000 0.991790 -0.127877 -0.000000 0.981559 -0.191159 -0.000000 0.967295 -0.253655 -0.000000 0.949056 -0.315108 -0.000000 0.926917 -0.375267 -0.000000 0.900969 -0.433884 -0.000000 0.871319 -0.490718 -0.000000 0.838088 -0.545535 -0.000000 0.801414 -0.598111 -0.000000 0.761446 -0.648228 -0.000000 0.718349 -0.695683 -0.000000 0.672301 -0.740278 -0.000000 0.623490 -0.781831 -0.000000 0.572117 -0.820172 -0.000000 0.518393 -0.855143 -0.000000 0.462538 -0.886599 -0.000000 0.404783 -0.914413 -0.000000 0.345365 -0.938468 -0.000000 0.284528 -0.958668 -0.000000 0.222521 -0.974928 -0.000000 0.159600 -0.987182 -0.000000 0.096023 -0.995379 -0.000000 0.032052 -0.999486 -0.000000 -0.032052 -0.999486 -0.000000 -0.096023 -0.995379 -0.000000 -0.159600 -0.987182 -0.000000 -0.222521 -0.974928 0.000000 -0.284528 -0.958668 0.000000 -0.345365 -0.938468 0.000000 -0.404783 -0.914413 0.000000 -0.462538 -0.886599 0.000000 -0.518393 -0.855143 0.000000 -0.572117 -0.820172 0.000000 -0.623490 -0.781831 0.000000 -0.672301 -0.740278 0.000000 -0.718349 -0.695683 0.000000 -0.761446 -0.648228 0.000000 -0.801414 -0.598111 0.000000 -0.838088 -0.545535 0.000000 -0.871319 -0.490718 0.000000 -0.900969 -0.433884 0.000000 -0.926917 -0.375267 0.000000 -0.949056 -0.315108 0.000000 -0.967295 -0.253655 0.000000 -0.981559 -0.191159 0.000000 -0.991790 -0.127877 0.000000 -0.997945 -0.064070 0.000000 -1.000000 0.000000 0.000000 -0.997945 0.064070 0.000000 -0.991790 0.127877 0.000000 -0.981559 0.191159 0.000000 -0.967295 0.253655 0.000000 -0.949056 0.315108 0.000000 -0.926917 0.375267 0.000000 -0.900969 0.433884 0.000000 -0.871319 0.490718 0.000000 -0.838088 0.545535 0.000000 -0.801414 0.598111 0.000000 -0.761446 0.648228 0.000000 -0.718349 0.695683 0.000000 -0.672301 0.740278 0.000000 -0.623490 0.781831 0.000000 -0.572117 0.820172 0.000000 -0.518393 0.855143 0.000000 -0.462538 0.886599 0.000000 -0.404783 0.914413 0.000000 -0.345365 0.938468 0.000000 -0.284528 0.958668 0.000000 -0.222521 0.974928 0.000000 -0.159600 0.987182 0.000000 -0.096023 0.995379 0.000000 -0.032052 0.999486 0.000000 0.032052 0.999486 0.000000 0.096023 0.995379 0.000000 0.159600 0.987182 0.000000 0.222521 0.974928 -0.000000 0.284528 0.958668 -0.000000 0.345365 0.938468 -0.000000 0.404783 0.914413 -0.000000 0.462538 0.886599 -0.000000 0.518393 0.855143 -0.000000 0.572117 0.820172 -0.000000 0.623490 0.781831 -0.000000 0.672301 0.740278 -0.000000 0.718349 0.695683 -0.000000 0.761446 0.648228 -0.000000 0.801414 0.598111 -0.000000 0.838088 0.545535 -0.000000 0.871319 0.490718 -0.000000 0.900969 0.433884 -0.000000 0.926917 0.375267 -0.000000 0.949056 0.315108 -0.000000 0.967295 0.253655 -0.000000 0.981559 0.191159 -0.000000 0.991790 0.127877 1.000000 -0.000000 0.000000 1.000000 -0.000000 0.000000 1.000000 -0.000000 0.000000 1.000000 -0.000000 0.000000 1.000000 -0.000000 0.000000 1.000000 -0.000000 0.000000 1.000000 -0.000000 0.000000 1.000000 -0.000000 0.000000 1.000000 -0.000000 0.000000 1.000000 -0.000000 0.000000 1.000000 -0.000000 0.000000 1.000000 -0.000000 0.000000 1.000000 -0.000000 0.000000 1.000000 -0.000000 0.000000 1.000000 -0.000000 0.000000 1.000000 -0.000000 0.000000 1.000000 -0.000000 0.000000 1.000000 -0.000000 0.000000 1.000000 -0.000000 0.000000 1.000000 -0.000000 0.000000 1.000000 -0.000000 0.000000 1.000000 -0.000000 0.000000 1.000000 -0.000000 0.000000 1.000000 -0.000000 0.000000 1.000000 -0.000000 0.000000 1.000000 -0.000000 0.000000 1.000000 -0.000000 0.000000 1.000000 -0.000000 0.000000 1.000000 -0.000000 0.000000 1.000000 -0.000000 0.000000 1.000000 -0.000000 0.000000 1.000000 -0.000000 0.000000 1.000000 -0.000000 0.000000 1.000000 -0.000000 0.000000 1.000000 -0.000000 0.000000 1.000000 -0.000000 0.000000 1.000000 -0.000000 0.000000 1.000000 -0.000000 0.000000 1.000000 -0.000000 0.000000 1.000000 -0.000000 0.000000 1.000000 -0.000000 0.000000 1.000000 -0.000000 0.000000 1.000000 -0.000000 0.000000 1.000000 -0.000000 0.000000 1.000000 -0.000000 0.000000 1.000000 -0.000000 0.000000 1.000000 -0.000000 0.000000 1.000000 -0.000000 0.000000 1.000000 -0.000000 0.000000 1.000000 -0.000000 0.000000 1.000000 -0.000000 0.000000 1.000000 -0.000000 0.000000 1.000000 -0.000000 0.000000 1.000000 -0.000000 0.000000 1.000000 -0.000000 0.000000 1.000000 -0.000000 0.000000 1.000000 -0.000000 0.000000 1.000000 -0.000000 0.000000 1.000000 -0.000000 0.000000 1.000000 -0.000000 0.000000 1.000000 -0.000000 0.000000 1.000000 -0.000000 0.000000 1.000000 -0.000000 0.000000 1.000000 -0.000000 0.000000 1.000000 -0.000000 0.000000 1.000000 -0.000000 0.000000 1.000000 -0.000000 0.000000 1.000000 -0.000000 0.000000 1.000000 -0.000000 0.000000 1.000000 -0.000000 0.000000 1.000000 -0.000000 0.000000 1.000000 -0.000000 0.000000 1.000000 -0.000000 0.000000 1.000000 -0.000000 0.000000 1.000000 -0.000000 0.000000 1.000000 -0.000000 0.000000 1.000000 -0.000000 0.000000 1.000000 -0.000000 0.000000 1.000000 -0.000000 0.000000 1.000000 -0.000000 0.000000 1.000000 -0.000000 0.000000 1.000000 -0.000000 0.000000 1.000000 -0.000000 0.000000 1.000000 -0.000000 0.000000 1.000000 -0.000000 0.000000 1.000000 -0.000000 0.000000 1.000000 -0.000000 0.000000 1.000000 -0.000000 0.000000 1.000000 -0.000000 0.000000 1.000000 -0.000000 0.000000 1.000000 -0.000000 0.000000 1.000000 -0.000000 0.000000 1.000000 -0.000000 0.000000 1.000000 -0.000000 0.000000 1.000000 -0.000000 0.000000 1.000000 -0.000000 0.000000 1.000000 -0.000000 0.000000 1.000000 -0.000000 0.000000 1.000000 -0.000000 0.000000 1.000000 -0.000000 0.000000 1.000000 -0.000000 0.000000 1.000000 -0.000000 0.000000 1.000000 -0.000000 0.000000 1.000000 -0.000000 0.000000 1.000000 -0.000000 0.000000 1.000000 -0.000000 0.000000 1.000000 -0.000000 0.000000 1.000000 -0.000000 0.000000 1.000000 -0.000000 0.000000 1.000000 -0.000000 0.000000 1.000000 -0.000000 0.000000 1.000000 -0.000000 0.000000 1.000000 -0.000000 0.000000 1.000000 -0.000000 0.000000 1.000000 -0.000000 0.000000 1.000000 -0.000000 0.000000 1.000000 -0.000000 0.000000 1.000000 -0.000000 0.000000 1.000000 -0.000000 0.000000 1.000000 -0.000000 0.000000 1.000000 -0.000000 0.000000 1.000000 -0.000000 0.000000 1.000000 -0.000000 0.000000 1.000000 -0.000000 0.000000 1.000000 -0.000000 0.000000 1.000000 -0.000000 0.000000 1.000000 -0.000000 0.000000 1.000000 -0.000000 0.000000 1.000000 -0.000000 0.000000 1.000000 -0.000000 0.000000 1.000000 -0.000000 0.000000 1.000000 -0.000000 0.000000 1.000000 -0.000000 0.000000 1.000000 -0.000000 0.000000 1.000000 -0.000000 0.000000 1.000000 -0.000000 0.000000 1.000000 -0.000000 0.000000 1.000000 -0.000000 0.000000 1.000000 -0.000000 0.000000 1.000000 -0.000000 0.000000 1.000000 -0.000000 0.000000 1.000000 -0.000000 0.000000 1.000000 -0.000000 0.000000 1.000000 -0.000000 0.000000 1.000000 -0.000000 0.000000 1.000000 -0.000000 0.000000 1.000000 -0.000000 0.000000 1.000000 -0.000000 0.000000 1.000000 -0.000000 0.000000 1.000000 -0.000000 0.000000 1.000000 -0.000000 0.000000 1.000000 -0.000000 0.000000 1.000000 -0.000000 0.000000 1.000000 -0.000000 0.000000 1.000000 -0.000000 0.000000 1.000000 -0.000000 0.000000 1.000000 -0.000000 0.000000 1.000000 -0.000000 0.000000 1.000000 -0.000000 0.000000 1.000000 -0.000000 0.000000 1.000000 -0.000000 0.000000 1.000000 -0.000000 0.000000 1.000000 -0.000000 0.000000 1.000000 -0.000000 0.000000 1.000000 -0.000000 0.000000 1.000000 -0.000000 0.000000 1.000000 -0.000000 0.000000 1.000000 -0.000000 0.000000 1.000000 -0.000000 0.000000 1.000000 -0.000000 0.000000 1.000000 -0.000000 0.000000 1.000000 -0.000000 0.000000 1.000000 -0.000000 0.000000 1.000000 -0.000000 0.000000 1.000000 -0.000000 0.000000 1.000000 -0.000000 0.000000 1.000000 -0.000000 0.000000 1.000000 -0.000000 0.000000 1.000000 -0.000000 0.000000 1.000000 -0.000000 0.000000 1.000000 -0.000000 0.000000 1.000000 -0.000000 0.000000 1.000000 -0.000000 0.000000 1.000000 -0.000000 0.000000 1.000000 -0.000000 0.000000 1.000000 -0.000000 0.000000 1.000000 -0.000000 0.000000 1.000000 -0.000000 0.000000 1.000000 -0.000000 0.000000 1.000000 -0.000000 0.000000 1.000000 -0.000000 0.000000 1.000000 -0.000000 0.000000 1.000000 -0.000000 0.000000 1.000000 -0.000000 0.000000 1.000000 -0.000000 0.000000 1.000000 -0.000000 0.000000 1.000000 -0.000000 0.000000 1.000000 -0.000000 0.000000 1.000000 -0.000000 0.000000 1.000000 -0.000000 0.000000 1.000000 -0.000000 0.000000 1.000000 -0.000000 0.000000 1.000000 -0.000000 0.000000 1.000000 -0.000000 0.000000 1.000000 -0.000000 0.000000 1.000000 -0.000000 0.000000 1.000000 -0.000000 0.000000 1.000000 -0.000000 0.000000 1.000000 -0.000000 0.000000 1.000000 -0.000000 0.000000 1.000000 -0.000000 0.000000 1.000000 -0.000000 0.000000 1.000000 -0.000000 0.000000 1.000000 -0.000000 0.000000 1.000000 -0.000000 0.000000 1.000000 -0.000000 0.000000 1.000000 -0.000000 0.000000 1.000000 -0.000000 0.000000 1.000000 -0.000000 0.000000 1.000000 -0.000000 0.000000 1.000000 -0.000000 0.000000 1.000000 -0.000000 0.000000 1.000000 -0.000000 0.000000 1.000000 -0.000000 0.000000 1.000000 -0.000000 0.000000 1.000000 -0.000000 0.000000 1.000000 -0.000000 0.000000 1.000000 -0.000000 0.000000 1.000000 -0.000000 0.000000 1.000000 -0.000000 0.000000 1.000000 -0.000000 0.000000 1.000000 -0.000000 0.000000 1.000000 -0.000000 0.000000 1.000000 -0.000000 0.000000 1.000000 -0.000000 0.000000 1.000000 -0.000000 0.000000 1.000000 -0.000000 0.000000 1.000000 -0.000000 0.000000 1.000000 -0.000000 0.000000 1.000000 -0.000000 0.000000 1.000000 -0.000000 0.000000 1.000000 -0.000000 0.000000 1.000000 -0.000000 0.000000 1.000000 -0.000000 0.000000 1.000000 -0.000000 0.000000 1.000000 -0.000000 0.000000 1.000000 -0.000000 0.000000 1.000000 -0.000000 0.000000 1.000000 -0.000000 0.000000 1.000000 -0.000000 0.000000 1.000000 -0.000000 0.000000 1.000000 -0.000000 0.000000 1.000000 -0.000000 0.000000 1.000000 -0.000000 0.000000 1.000000 -0.000000 0.000000 1.000000 -0.000000 0.000000 1.000000 -0.000000 0.000000 1.000000 -0.000000 0.000000 1.000000 -0.000000 0.000000 1.000000 -0.000000 0.000000 1.000000 -0.000000 0.000000 1.000000 -0.000000 0.000000 1.000000 -0.000000 0.000000 1.000000 -0.000000 0.000000 1.000000 -0.000000 0.000000 1.000000 -0.000000 0.000000 1.000000 -0.000000 0.000000 1.000000 -0.000000 0.000000 1.000000 -0.000000 0.000000 1.000000 -0.000000 0.000000 1.000000 -0.000000 0.000000 1.000000 -0.000000 0.000000 1.000000 -0.000000 0.000000 1.000000 -0.000000 0.000000 1.000000 -0.000000 0.000000 1.000000 -0.000000 0.000000 1.000000 -0.000000 0.000000 1.000000 -0.000000 0.000000 1.000000 -0.000000 0.000000 1.000000 -0.000000 0.000000 1.000000 -0.000000 0.000000 1.000000 -0.000000 0.000000 1.000000 -0.000000 0.000000 1.000000 -0.000000 0.000000 1.000000 -0.000000 0.000000 1.000000 -0.000000 0.000000 1.000000 -0.000000 0.000000 1.000000 -0.000000 0.000000 1.000000 -0.000000 0.000000 1.000000 -0.000000 0.000000 1.000000 -0.000000 0.000000 1.000000 -0.000000 0.000000 1.000000 -0.000000 0.000000 1.000000 -0.000000 0.000000 1.000000 -0.000000 0.000000 1.000000 -0.000000 0.000000 1.000000 -0.000000 0.000000 1.000000 -0.000000 0.000000 1.000000 -0.000000 0.000000 1.000000 -0.000000 0.000000 1.000000 -0.000000 0.000000 1.000000 -0.000000 0.000000 1.000000 -0.000000 0.000000 1.000000 -0.000000 0.000000 1.000000 -0.000000 0.000000 1.000000 -0.000000 0.000000 1.000000 -0.000000 0.000000 1.000000 -0.000000 0.000000 1.000000 -0.000000 0.000000 1.000000 -0.000000 0.000000 1.000000 -0.000000 0.000000 1.000000 -0.000000 0.000000 1.000000 -0.000000 0.000000 1.000000 -0.000000 0.000000 1.000000 -0.000000 0.000000 1.000000 -0.000000 0.000000 1.000000 -0.000000 0.000000 1.000000 -0.000000 0.000000 1.000000 -0.000000 0.000000 1.000000 -0.000000 0.000000 1.000000 -0.000000 0.000000 1.000000 -0.000000 0.000000 1.000000 -0.000000 0.000000 1.000000 -0.000000 0.000000 1.000000 -0.000000 0.000000 1.000000 -0.000000 0.000000 1.000000 -0.000000 0.000000 1.000000 -0.000000 0.000000 1.000000 -0.000000 0.000000 1.000000 -0.000000 0.000000 1.000000 -0.000000 0.000000 1.000000 -0.000000 0.000000 1.000000 -0.000000 0.000000 1.000000 -0.000000 0.000000 1.000000 -0.000000 0.000000 1.000000 -0.000000 0.000000 1.000000 -0.000000 0.000000 1.000000 -0.000000 0.000000 1.000000 -0.000000 0.000000 1.000000 -0.000000 0.000000 1.000000 -0.000000 0.000000 1.000000 -0.000000 0.000000 1.000000 -0.000000 0.000000 1.000000 -0.000000 0.000000 1.000000 -0.000000 0.000000 1.000000 -0.000000 0.000000 1.000000 -0.000000 0.000000 1.000000 -0.000000 0.000000 1.000000 -0.000000 0.000000 1.000000 -0.000000 0.000000 1.000000 -0.000000 0.000000 1.000000 -0.000000 0.000000 1.000000 -0.000000 0.000000 1.000000 -0.000000 0.000000 1.000000 -0.000000 0.000000 1.000000 -0.000000 0.000000 1.000000 -0.000000 0.000000 1.000000 -0.000000 0.000000 1.000000 -0.000000 0.000000 1.000000 -0.000000 0.000000 1.000000 -0.000000 0.000000 1.000000 -0.000000 0.000000 1.000000 -0.000000 0.000000 1.000000 -0.000000 0.000000 1.000000 -0.000000 0.000000 1.000000 -0.000000 0.000000 1.000000 -0.000000 0.000000 1.000000 -0.000000 0.000000 1.000000 -0.000000 0.000000 1.000000 -0.000000 0.000000 1.000000 -0.000000 0.000000 -1.000000 0.000000 -0.000000 -1.000000 0.000000 -0.000000 -1.000000 0.000000 -0.000000 -1.000000 0.000000 -0.000000 -1.000000 0.000000 -0.000000 -1.000000 0.000000 -0.000000 -1.000000 0.000000 -0.000000 -1.000000 0.000000 -0.000000 -1.000000 0.000000 -0.000000 -1.000000 0.000000 -0.000000 -1.000000 0.000000 -0.000000 -1.000000 0.000000 -0.000000 -1.000000 0.000000 -0.000000 -1.000000 0.000000 -0.000000 -1.000000 0.000000 -0.000000 -1.000000 0.000000 -0.000000 -1.000000 0.000000 -0.000000 -1.000000 0.000000 -0.000000 -1.000000 0.000000 -0.000000 -1.000000 0.000000 -0.000000 -1.000000 0.000000 -0.000000 -1.000000 0.000000 -0.000000 -1.000000 0.000000 -0.000000 -1.000000 0.000000 -0.000000 -1.000000 0.000000 -0.000000 -1.000000 0.000000 -0.000000 -1.000000 0.000000 -0.000000 -1.000000 0.000000 -0.000000 -1.000000 0.000000 -0.000000 -1.000000 0.000000 -0.000000 -1.000000 0.000000 -0.000000 -1.000000 0.000000 -0.000000 -1.000000 0.000000 -0.000000 -1.000000 0.000000 -0.000000 -1.000000 0.000000 -0.000000 -1.000000 0.000000 -0.000000 -1.000000 0.000000 -0.000000 -1.000000 0.000000 -0.000000 -1.000000 0.000000 -0.000000 -1.000000 0.000000 -0.000000 -1.000000 0.000000 -0.000000 -1.000000 0.000000 -0.000000 -1.000000 0.000000 -0.000000 -1.000000 0.000000 -0.000000 -1.000000 0.000000 -0.000000 -1.000000 0.000000 -0.000000 -1.000000 0.000000 -0.000000 -1.000000 0.000000 -0.000000 -1.000000 0.000000 -0.000000 -1.000000 0.000000 -0.000000 -1.000000 0.000000 -0.000000 -1.000000 0.000000 -0.000000 -1.000000 0.000000 -0.000000 -1.000000 0.000000 -0.000000 -1.000000 0.000000 -0.000000 -1.000000 0.000000 -0.000000 -1.000000 0.000000 -0.000000 -1.000000 0.000000 -0.000000 -1.000000 0.000000 -0.000000 -1.000000 0.000000 -0.000000 -1.000000 0.000000 -0.000000 -1.000000 0.000000 -0.000000 -1.000000 0.000000 -0.000000 -1.000000 0.000000 -0.000000 -1.000000 0.000000 -0.000000 -1.000000 0.000000 -0.000000 -1.000000 0.000000 -0.000000 -1.000000 0.000000 -0.000000 -1.000000 0.000000 -0.000000 -1.000000 0.000000 -0.000000 -1.000000 0.000000 -0.000000 -1.000000 0.000000 -0.000000 -1.000000 0.000000 -0.000000 -1.000000 0.000000 -0.000000 -1.000000 0.000000 -0.000000 -1.000000 0.000000 -0.000000 -1.000000 0.000000 -0.000000 -1.000000 0.000000 -0.000000 -1.000000 0.000000 -0.000000 -1.000000 0.000000 -0.000000 -1.000000 0.000000 -0.000000 -1.000000 0.000000 -0.000000 -1.000000 0.000000 -0.000000 -1.000000 0.000000 -0.000000 -1.000000 0.000000 -0.000000 -1.000000 0.000000 -0.000000 -1.000000 0.000000 -0.000000 -1.000000 0.000000 -0.000000 -1.000000 0.000000 -0.000000 -1.000000 0.000000 -0.000000 -1.000000 0.000000 -0.000000 -1.000000 0.000000 -0.000000 -1.000000 0.000000 -0.000000 -1.000000 0.000000 -0.000000 -1.000000 0.000000 -0.000000 -1.000000 0.000000 -0.000000 -1.000000 0.000000 -0.000000 -1.000000 0.000000 -0.000000 -1.000000 0.000000 -0.000000 -1.000000 0.000000 -0.000000 -1.000000 0.000000 -0.000000 -1.000000 0.000000 -0.000000 -1.000000 0.000000 -0.000000 -1.000000 0.000000 -0.000000 -1.000000 0.000000 -0.000000 -1.000000 0.000000 -0.000000 -1.000000 0.000000 -0.000000 -1.000000 0.000000 -0.000000 -1.000000 0.000000 -0.000000 -1.000000 0.000000 -0.000000 -1.000000 0.000000 -0.000000 -1.000000 0.000000 -0.000000 -1.000000 0.000000 -0.000000 -1.000000 0.000000 -0.000000 -1.000000 0.000000 -0.000000 -1.000000 0.000000 -0.000000 -1.000000 0.000000 -0.000000 -1.000000 0.000000 -0.000000 -1.000000 0.000000 -0.000000 -1.000000 0.000000 -0.000000 -1.000000 0.000000 -0.000000 -1.000000 0.000000 -0.000000 -1.000000 0.000000 -0.000000 -1.000000 0.000000 -0.000000 -1.000000 0.000000 -0.000000 -1.000000 0.000000 -0.000000 -1.000000 0.000000 -0.000000 -1.000000 0.000000 -0.000000 -1.000000 0.000000 -0.000000 -1.000000 0.000000 -0.000000 -1.000000 0.000000 -0.000000 -1.000000 0.000000 -0.000000 -1.000000 0.000000 -0.000000 -1.000000 0.000000 -0.000000 -1.000000 0.000000 -0.000000 -1.000000 0.000000 -0.000000 -1.000000 0.000000 -0.000000 -1.000000 0.000000 -0.000000 -1.000000 0.000000 -0.000000 -1.000000 0.000000 -0.000000 -1.000000 0.000000 -0.000000 -1.000000 0.000000 -0.000000 -1.000000 0.000000 -0.000000 -1.000000 0.000000 -0.000000 -1.000000 0.000000 -0.000000 -1.000000 0.000000 -0.000000 -1.000000 0.000000 -0.000000 -1.000000 0.000000 -0.000000 -1.000000 0.000000 -0.000000 -1.000000 0.000000 -0.000000 -1.000000 0.000000 -0.000000 -1.000000 0.000000 -0.000000 -1.000000 0.000000 -0.000000 -1.000000 0.000000 -0.000000 -1.000000 0.000000 -0.000000 -1.000000 0.000000 -0.000000 -1.000000 0.000000 -0.000000 -1.000000 0.000000 -0.000000 -1.000000 0.000000 -0.000000 -1.000000 0.000000 -0.000000 -1.000000 0.000000 -0.000000 -1.000000 0.000000 -0.000000 -1.000000 0.000000 -0.000000 -1.000000 0.000000 -0.000000 -1.000000 0.000000 -0.000000 -1.000000 0.000000 -0.000000 -1.000000 0.000000 -0.000000 -1.000000 0.000000 -0.000000 -1.000000 0.000000 -0.000000 -1.000000 0.000000 -0.000000 -1.000000 0.000000 -0.000000 -1.000000 0.000000 -0.000000 -1.000000 0.000000 -0.000000 -1.000000 0.000000 -0.000000 -1.000000 0.000000 -0.000000 -1.000000 0.000000 -0.000000 -1.000000 0.000000 -0.000000 -1.000000 0.000000 -0.000000 -1.000000 0.000000 -0.000000 -1.000000 0.000000 -0.000000 -1.000000 0.000000 -0.000000 -1.000000 0.000000 -0.000000 -1.000000 0.000000 -0.000000 -1.000000 0.000000 -0.000000 -1.000000 0.000000 -0.000000 -1.000000 0.000000 -0.000000 -1.000000 0.000000 -0.000000 -1.000000 0.000000 -0.000000 -1.000000 0.000000 -0.000000 -1.000000 0.000000 -0.000000 -1.000000 0.000000 -0.000000 -1.000000 0.000000 -0.000000 -1.000000 0.000000 -0.000000 -1.000000 0.000000 -0.000000 -1.000000 0.000000 -0.000000 -1.000000 0.000000 -0.000000 -1.000000 0.000000 -0.000000 -1.000000 0.000000 -0.000000 -1.000000 0.000000 -0.000000 -1.000000 0.000000 -0.000000 -1.000000 0.000000 -0.000000 -1.000000 0.000000 -0.000000 -1.000000 0.000000 -0.000000 -1.000000 0.000000 -0.000000 -0.000000 0.997066 -0.076549 -0.000000 0.997066 -0.076549 -0.000000 1.000000 -0.000000 -0.000000 1.000000 -0.000000 -0.000000 0.997066 0.076549 -0.000000 0.997066 0.076549 -0.000000 0.988280 0.152649 -0.000000 0.988280 0.152649 -0.000000 0.973695 0.227854 -0.000000 0.973695 0.227854 -0.000000 0.953396 0.301721 -0.000000 0.953396 0.301721 -0.000000 0.927502 0.373817 -0.000000 0.927502 0.373817 -0.000000 0.896166 0.443720 -0.000000 0.896166 0.443720 -0.000000 0.859570 0.511019 -0.000000 0.859570 0.511019 -0.000000 0.817929 0.575319 -0.000000 0.817929 0.575319 -0.000000 0.771489 0.636242 -0.000000 0.771489 0.636242 -0.000000 0.720522 0.693433 -0.000000 0.720522 0.693433 -0.000000 0.665326 0.746553 -0.000000 0.665326 0.746553 -0.000000 0.606225 0.795293 -0.000000 0.606225 0.795293 -0.000000 0.543568 0.839365 -0.000000 0.543568 0.839365 -0.000000 0.477720 0.878512 -0.000000 0.477720 0.878512 -0.000000 0.409069 0.912504 -0.000000 0.409069 0.912504 -0.000000 0.338017 0.941140 -0.000000 0.338017 0.941140 -0.000000 0.264982 0.964253 -0.000000 0.264982 0.964253 0.000000 0.190391 0.981708 0.000000 0.190391 0.981708 0.000000 0.114683 0.993402 0.000000 0.114683 0.993402 0.000000 0.038303 0.999266 0.000000 0.038303 0.999266 0.000000 -0.038303 0.999266 0.000000 -0.038303 0.999266 0.000000 -0.114683 0.993402 0.000000 -0.114683 0.993402 0.000000 -0.190391 0.981708 0.000000 -0.190391 0.981708 0.000000 -0.264982 0.964253 0.000000 -0.264982 0.964253 0.000000 -0.338017 0.941140 0.000000 -0.338017 0.941140 0.000000 -0.409069 0.912504 0.000000 -0.409069 0.912504 0.000000 -0.477720 0.878512 0.000000 -0.477720 0.878512 0.000000 -0.543568 0.839365 0.000000 -0.543568 0.839365 0.000000 -0.606225 0.795293 0.000000 -0.606225 0.795293 0.000000 -0.665326 0.746553 0.000000 -0.665326 0.746553 0.000000 -0.720522 0.693433 0.000000 -0.720522 0.693433 0.000000 -0.771489 0.636242 0.000000 -0.771489 0.636242 0.000000 -0.817929 0.575319 0.000000 -0.817929 0.575319 0.000000 -0.859570 0.511019 0.000000 -0.859570 0.511019 0.000000 -0.896166 0.443720 0.000000 -0.896166 0.443720 0.000000 -0.927502 0.373817 0.000000 -0.927502 0.373817 0.000000 -0.953396 0.301721 0.000000 -0.953396 0.301721 0.000000 -0.973695 0.227854 0.000000 -0.973695 0.227854 0.000000 -0.988280 0.152649 0.000000 -0.988280 0.152649 0.000000 -0.997066 0.076549 0.000000 -0.997066 0.076549 0.000000 -1.000000 0.000000 0.000000 -1.000000 0.000000 0.000000 -0.997066 -0.076549 0.000000 -0.997066 -0.076549 0.000000 -0.988280 -0.152649 0.000000 -0.988280 -0.152649 0.000000 -0.973695 -0.227854 0.000000 -0.973695 -0.227854 0.000000 -0.953396 -0.301721 0.000000 -0.953396 -0.301721 0.000000 -0.927502 -0.373817 0.000000 -0.927502 -0.373817 0.000000 -0.896166 -0.443720 0.000000 -0.896166 -0.443720 0.000000 -0.859570 -0.511019 0.000000 -0.859570 -0.511019 0.000000 -0.817929 -0.575319 0.000000 -0.817929 -0.575319 0.000000 -0.771489 -0.636242 0.000000 -0.771489 -0.636242 0.000000 -0.720522 -0.693433 0.000000 -0.720522 -0.693433 0.000000 -0.665326 -0.746553 0.000000 -0.665326 -0.746553 0.000000 -0.606225 -0.795293 0.000000 -0.606225 -0.795293 0.000000 -0.543568 -0.839365 0.000000 -0.543568 -0.839365 0.000000 -0.477720 -0.878512 0.000000 -0.477720 -0.878512 0.000000 -0.409069 -0.912504 0.000000 -0.409069 -0.912504 0.000000 -0.338017 -0.941140 0.000000 -0.338017 -0.941140 0.000000 -0.264982 -0.964253 0.000000 -0.264982 -0.964253 -0.000000 -0.190391 -0.981708 -0.000000 -0.190391 -0.981708 -0.000000 -0.114683 -0.993402 -0.000000 -0.114683 -0.993402 -0.000000 -0.038303 -0.999266 -0.000000 -0.038303 -0.999266 -0.000000 0.038303 -0.999266 -0.000000 0.038303 -0.999266 -0.000000 0.114683 -0.993402 -0.000000 0.114683 -0.993402 -0.000000 0.190391 -0.981708 -0.000000 0.190391 -0.981708 -0.000000 0.264982 -0.964253 -0.000000 0.264982 -0.964253 -0.000000 0.338017 -0.941140 -0.000000 0.338017 -0.941140 -0.000000 0.409069 -0.912504 -0.000000 0.409069 -0.912504 -0.000000 0.477720 -0.878512 -0.000000 0.477720 -0.878512 -0.000000 0.543568 -0.839365 -0.000000 0.543568 -0.839365 -0.000000 0.606225 -0.795293 -0.000000 0.606225 -0.795293 -0.000000 0.665326 -0.746553 -0.000000 0.665326 -0.746553 -0.000000 0.720522 -0.693433 -0.000000 0.720522 -0.693433 -0.000000 0.771489 -0.636242 -0.000000 0.771489 -0.636242 -0.000000 0.817929 -0.575319 -0.000000 0.817929 -0.575319 -0.000000 0.859570 -0.511019 -0.000000 0.859570 -0.511019 -0.000000 0.896166 -0.443720 -0.000000 0.896166 -0.443720 -0.000000 0.927502 -0.373817 -0.000000 0.927502 -0.373817 -0.000000 0.953396 -0.301721 -0.000000 0.953396 -0.301721 -0.000000 0.973695 -0.227854 -0.000000 0.973695 -0.227854 -0.000000 0.988280 -0.152649 -0.000000 0.988280 -0.152649 0.000000 0.072995 0.997332 0.000000 0.036522 0.999333 0.000000 -0.000000 1.000000 0.000000 -0.036522 0.999333 0.000000 -0.072995 0.997332 0.000000 -0.109371 0.994001 0.000000 -0.145601 0.989343 0.000000 -0.181637 0.983366 0.000000 -0.217430 0.976076 0.000000 -0.252933 0.967484 0.000000 -0.288099 0.957601 0.000000 -0.322880 0.946440 0.000000 -0.357231 0.934016 0.000000 -0.391105 0.920346 0.000000 -0.424457 0.905448 0.000000 -0.457242 0.889342 0.000000 -0.489418 0.872049 0.000000 -0.520940 0.853593 0.000000 -0.551768 0.833998 0.000000 -0.581859 0.813290 0.000000 -0.611174 0.791496 0.000000 -0.639673 0.768647 0.000000 -0.667319 0.744772 0.000000 -0.694074 0.719903 0.000000 -0.719903 0.694074 0.000000 -0.744772 0.667319 0.000000 -0.768647 0.639673 0.000000 -0.791496 0.611174 0.000000 -0.813290 0.581859 0.000000 -0.833998 0.551768 0.000000 -0.853593 0.520940 0.000000 -0.872049 0.489418 0.000000 -0.889342 0.457242 0.000000 -0.905448 0.424457 0.000000 -0.920346 0.391105 0.000000 -0.934016 0.357231 0.000000 -0.946440 0.322880 0.000000 -0.957601 0.288099 0.000000 -0.967484 0.252933 0.000000 -0.976076 0.217430 0.000000 -0.983366 0.181637 0.000000 -0.989343 0.145601 0.000000 -0.994001 0.109371 0.000000 -0.997332 0.072995 0.000000 -0.999333 0.036522 0.000000 -1.000000 0.000000 0.000000 -0.999333 -0.036522 0.000000 -0.997332 -0.072995 0.000000 -0.994001 -0.109371 0.000000 -0.989343 -0.145601 0.000000 -0.983366 -0.181637 0.000000 -0.976076 -0.217430 0.000000 -0.967484 -0.252933 0.000000 -0.957601 -0.288099 0.000000 -0.946440 -0.322880 0.000000 -0.934016 -0.357231 0.000000 -0.920346 -0.391105 0.000000 -0.905448 -0.424457 0.000000 -0.889342 -0.457242 0.000000 -0.872049 -0.489418 0.000000 -0.853593 -0.520940 0.000000 -0.833998 -0.551768 0.000000 -0.813290 -0.581859 0.000000 -0.791496 -0.611174 0.000000 -0.768647 -0.639673 0.000000 -0.744772 -0.667319 0.000000 -0.719903 -0.694074 0.000000 -0.694074 -0.719903 0.000000 -0.667319 -0.744772 0.000000 -0.639673 -0.768647 0.000000 -0.611174 -0.791496 0.000000 -0.581859 -0.813290 0.000000 -0.551768 -0.833998 0.000000 -0.520940 -0.853593 0.000000 -0.489418 -0.872049 0.000000 -0.457242 -0.889342 0.000000 -0.424457 -0.905448 0.000000 -0.391105 -0.920346 0.000000 -0.357231 -0.934016 0.000000 -0.322880 -0.946440 0.000000 -0.288099 -0.957601 0.000000 -0.252933 -0.967484 -0.000000 -0.217430 -0.976076 -0.000000 -0.181637 -0.983366 -0.000000 -0.145601 -0.989343 -0.000000 -0.109371 -0.994001 -0.000000 -0.072995 -0.997332 -0.000000 -0.036522 -0.999333 -0.000000 0.000000 -1.000000 -0.000000 0.036522 -0.999333 -0.000000 0.072995 -0.997332 -0.000000 0.109371 -0.994001 -0.000000 0.145601 -0.989343 -0.000000 0.181637 -0.983366 -0.000000 0.217430 -0.976076 -0.000000 0.252933 -0.967484 -0.000000 0.288099 -0.957601 -0.000000 0.322880 -0.946440 -0.000000 0.357231 -0.934016 -0.000000 0.391105 -0.920346 -0.000000 0.424457 -0.905448 -0.000000 0.457242 -0.889342 -0.000000 0.489418 -0.872049 -0.000000 0.520940 -0.853593 -0.000000 0.551768 -0.833998 -0.000000 0.581859 -0.813290 -0.000000 0.611174 -0.791496 -0.000000 0.639673 -0.768647 -0.000000 0.667319 -0.744772 -0.000000 0.694074 -0.719903 -0.000000 0.719903 -0.694074 -0.000000 0.744772 -0.667319 -0.000000 0.768647 -0.639673 -0.000000 0.791496 -0.611174 -0.000000 0.813290 -0.581859 -0.000000 0.833998 -0.551768 -0.000000 0.853593 -0.520940 -0.000000 0.872049 -0.489418 -0.000000 0.889342 -0.457242 -0.000000 0.905448 -0.424457 -0.000000 0.920346 -0.391105 -0.000000 0.934016 -0.357231 -0.000000 0.946440 -0.322880 -0.000000 0.957601 -0.288099 -0.000000 0.967484 -0.252933 -0.000000 0.976076 -0.217430 -0.000000 0.983366 -0.181637 -0.000000 0.989343 -0.145601 -0.000000 0.994001 -0.109371 -0.000000 0.997332 -0.072995 -0.000000 0.999333 -0.036522 -0.000000 1.000000 -0.000000 -0.000000 0.999333 0.036522 -0.000000 0.997332 0.072995 -0.000000 0.994001 0.109371 -0.000000 0.989343 0.145601 -0.000000 0.983366 0.181637 -0.000000 0.976076 0.217430 -0.000000 0.967484 0.252933 -0.000000 0.957601 0.288099 -0.000000 0.946440 0.322880 -0.000000 0.934016 0.357231 -0.000000 0.920346 0.391105 -0.000000 0.905448 0.424457 -0.000000 0.889342 0.457242 -0.000000 0.872049 0.489418 -0.000000 0.853593 0.520940 -0.000000 0.833998 0.551768 -0.000000 0.813290 0.581859 -0.000000 0.791496 0.611174 -0.000000 0.768647 0.639673 -0.000000 0.744772 0.667319 -0.000000 0.719903 0.694074 -0.000000 0.694074 0.719903 -0.000000 0.667319 0.744772 -0.000000 0.639673 0.768647 -0.000000 0.611174 0.791496 -0.000000 0.581859 0.813290 -0.000000 0.551768 0.833998 -0.000000 0.520940 0.853593 -0.000000 0.489418 0.872049 -0.000000 0.457242 0.889342 -0.000000 0.424457 0.905448 -0.000000 0.391105 0.920346 -0.000000 0.357231 0.934016 -0.000000 0.322880 0.946440 -0.000000 0.288099 0.957601 -0.000000 0.252933 0.967484 0.000000 0.217430 0.976076 0.000000 0.181637 0.983366 0.000000 0.145601 0.989343 0.000000 0.109371 0.994001 1.000000 -0.000000 0.000000 1.000000 -0.000000 0.000000 1.000000 -0.000000 0.000000 1.000000 -0.000000 0.000000 1.000000 -0.000000 0.000000 1.000000 -0.000000 0.000000 1.000000 -0.000000 0.000000 1.000000 -0.000000 0.000000 1.000000 -0.000000 0.000000 1.000000 -0.000000 0.000000 1.000000 -0.000000 0.000000 1.000000 -0.000000 0.000000 1.000000 -0.000000 0.000000 1.000000 -0.000000 0.000000 1.000000 -0.000000 0.000000 1.000000 -0.000000 0.000000 1.000000 -0.000000 0.000000 1.000000 -0.000000 0.000000 1.000000 -0.000000 0.000000 1.000000 -0.000000 0.000000 1.000000 -0.000000 0.000000 1.000000 -0.000000 0.000000 1.000000 -0.000000 0.000000 1.000000 -0.000000 0.000000 1.000000 -0.000000 0.000000 1.000000 -0.000000 0.000000 1.000000 -0.000000 0.000000 1.000000 -0.000000 0.000000 1.000000 -0.000000 0.000000 1.000000 -0.000000 0.000000 1.000000 -0.000000 0.000000 1.000000 -0.000000 0.000000 1.000000 -0.000000 0.000000 1.000000 -0.000000 0.000000 1.000000 -0.000000 0.000000 1.000000 -0.000000 0.000000 1.000000 -0.000000 0.000000 1.000000 -0.000000 0.000000 1.000000 -0.000000 0.000000 1.000000 -0.000000 0.000000 1.000000 -0.000000 0.000000 1.000000 -0.000000 0.000000 1.000000 -0.000000 0.000000 1.000000 -0.000000 0.000000 1.000000 -0.000000 0.000000 1.000000 -0.000000 0.000000 1.000000 -0.000000 0.000000 1.000000 -0.000000 0.000000 1.000000 -0.000000 0.000000 1.000000 -0.000000 0.000000 1.000000 -0.000000 0.000000 1.000000 -0.000000 0.000000 1.000000 -0.000000 0.000000 1.000000 -0.000000 0.000000 1.000000 -0.000000 0.000000 1.000000 -0.000000 0.000000 1.000000 -0.000000 0.000000 1.000000 -0.000000 0.000000 1.000000 -0.000000 0.000000 1.000000 -0.000000 0.000000 1.000000 -0.000000 0.000000 1.000000 -0.000000 0.000000 1.000000 -0.000000 0.000000 1.000000 -0.000000 0.000000 1.000000 -0.000000 0.000000 1.000000 -0.000000 0.000000 1.000000 -0.000000 0.000000 1.000000 -0.000000 0.000000 1.000000 -0.000000 0.000000 1.000000 -0.000000 0.000000 1.000000 -0.000000 0.000000 1.000000 -0.000000 0.000000 1.000000 -0.000000 0.000000 1.000000 -0.000000 0.000000 1.000000 -0.000000 0.000000 1.000000 -0.000000 0.000000 1.000000 -0.000000 0.000000 1.000000 -0.000000 0.000000 1.000000 -0.000000 0.000000 1.000000 -0.000000 0.000000 1.000000 -0.000000 0.000000 1.000000 -0.000000 0.000000 1.000000 -0.000000 0.000000 1.000000 -0.000000 0.000000 1.000000 -0.000000 0.000000 1.000000 -0.000000 0.000000 1.000000 -0.000000 0.000000 1.000000 -0.000000 0.000000 1.000000 -0.000000 0.000000 1.000000 -0.000000 0.000000 1.000000 -0.000000 0.000000 1.000000 -0.000000 0.000000 1.000000 -0.000000 0.000000 1.000000 -0.000000 0.000000 1.000000 -0.000000 0.000000 1.000000 -0.000000 0.000000 1.000000 -0.000000 0.000000 1.000000 -0.000000 0.000000 1.000000 -0.000000 0.000000 1.000000 -0.000000 0.000000 1.000000 -0.000000 0.000000 1.000000 -0.000000 0.000000 1.000000 -0.000000 0.000000 1.000000 -0.000000 0.000000 1.000000 -0.000000 0.000000 1.000000 -0.000000 0.000000 1.000000 -0.000000 0.000000 1.000000 -0.000000 0.000000 1.000000 -0.000000 0.000000 1.000000 -0.000000 0.000000 1.000000 -0.000000 0.000000 1.000000 -0.000000 0.000000 1.000000 -0.000000 0.000000 1.000000 -0.000000 0.000000 1.000000 -0.000000 0.000000 1.000000 -0.000000 0.000000 1.000000 -0.000000 0.000000 1.000000 -0.000000 0.000000 1.000000 -0.000000 0.000000 1.000000 -0.000000 0.000000 1.000000 -0.000000 0.000000 1.000000 -0.000000 0.000000 1.000000 -0.000000 0.000000 1.000000 -0.000000 0.000000 1.000000 -0.000000 0.000000 1.000000 -0.000000 0.000000 1.000000 -0.000000 0.000000 1.000000 -0.000000 0.000000 1.000000 -0.000000 0.000000 1.000000 -0.000000 0.000000 1.000000 -0.000000 0.000000 1.000000 -0.000000 0.000000 1.000000 -0.000000 0.000000 1.000000 -0.000000 0.000000 1.000000 -0.000000 0.000000 1.000000 -0.000000 0.000000 1.000000 -0.000000 0.000000 1.000000 -0.000000 0.000000 1.000000 -0.000000 0.000000 1.000000 -0.000000 0.000000 1.000000 -0.000000 0.000000 1.000000 -0.000000 0.000000 1.000000 -0.000000 0.000000 1.000000 -0.000000 0.000000 1.000000 -0.000000 0.000000 1.000000 -0.000000 0.000000 1.000000 -0.000000 0.000000 1.000000 -0.000000 0.000000 1.000000 -0.000000 0.000000 1.000000 -0.000000 0.000000 1.000000 -0.000000 0.000000 1.000000 -0.000000 0.000000 1.000000 -0.000000 0.000000 1.000000 -0.000000 0.000000 1.000000 -0.000000 0.000000 1.000000 -0.000000 0.000000 1.000000 -0.000000 0.000000 1.000000 -0.000000 0.000000 1.000000 -0.000000 0.000000 1.000000 -0.000000 0.000000 1.000000 -0.000000 0.000000 1.000000 -0.000000 0.000000 1.000000 -0.000000 0.000000 1.000000 -0.000000 0.000000 1.000000 -0.000000 0.000000 1.000000 -0.000000 0.000000 1.000000 -0.000000 0.000000 1.000000 -0.000000 0.000000 1.000000 -0.000000 0.000000 1.000000 -0.000000 0.000000 1.000000 -0.000000 0.000000 1.000000 -0.000000 0.000000 1.000000 -0.000000 0.000000 1.000000 -0.000000 0.000000 1.000000 -0.000000 0.000000 1.000000 -0.000000 0.000000 1.000000 -0.000000 0.000000 1.000000 -0.000000 0.000000 1.000000 -0.000000 0.000000 1.000000 -0.000000 0.000000 1.000000 -0.000000 0.000000 1.000000 -0.000000 0.000000 1.000000 -0.000000 0.000000 1.000000 -0.000000 0.000000 1.000000 -0.000000 0.000000 1.000000 -0.000000 0.000000 1.000000 -0.000000 0.000000 1.000000 -0.000000 0.000000 1.000000 -0.000000 0.000000 1.000000 -0.000000 0.000000 1.000000 -0.000000 0.000000 1.000000 -0.000000 0.000000 1.000000 -0.000000 0.000000 1.000000 -0.000000 0.000000 1.000000 -0.000000 0.000000 1.000000 -0.000000 0.000000 1.000000 -0.000000 0.000000 1.000000 -0.000000 0.000000 1.000000 -0.000000 0.000000 1.000000 -0.000000 0.000000 1.000000 -0.000000 0.000000 1.000000 -0.000000 0.000000 1.000000 -0.000000 0.000000 1.000000 -0.000000 0.000000 1.000000 -0.000000 0.000000 1.000000 -0.000000 0.000000 1.000000 -0.000000 0.000000 1.000000 -0.000000 0.000000 1.000000 -0.000000 0.000000 1.000000 -0.000000 0.000000 1.000000 -0.000000 0.000000 1.000000 -0.000000 0.000000 1.000000 -0.000000 0.000000 1.000000 -0.000000 0.000000 1.000000 -0.000000 0.000000 1.000000 -0.000000 0.000000 1.000000 -0.000000 0.000000 1.000000 -0.000000 0.000000 1.000000 -0.000000 0.000000 1.000000 -0.000000 0.000000 1.000000 -0.000000 0.000000 1.000000 -0.000000 0.000000 1.000000 -0.000000 0.000000 1.000000 -0.000000 0.000000 1.000000 -0.000000 0.000000 1.000000 -0.000000 0.000000 1.000000 -0.000000 0.000000 1.000000 -0.000000 0.000000 1.000000 -0.000000 0.000000 1.000000 -0.000000 0.000000 1.000000 -0.000000 0.000000 1.000000 -0.000000 0.000000 1.000000 -0.000000 0.000000 1.000000 -0.000000 0.000000 1.000000 -0.000000 0.000000 1.000000 -0.000000 0.000000 1.000000 -0.000000 0.000000 1.000000 -0.000000 0.000000 1.000000 -0.000000 0.000000 1.000000 -0.000000 0.000000 1.000000 -0.000000 0.000000 1.000000 -0.000000 0.000000 1.000000 -0.000000 0.000000 1.000000 -0.000000 0.000000 1.000000 -0.000000 0.000000 1.000000 -0.000000 0.000000 1.000000 -0.000000 0.000000 1.000000 -0.000000 0.000000 1.000000 -0.000000 0.000000 1.000000 -0.000000 0.000000 1.000000 -0.000000 0.000000 1.000000 -0.000000 0.000000 1.000000 -0.000000 0.000000 1.000000 -0.000000 0.000000 1.000000 -0.000000 0.000000 1.000000 -0.000000 0.000000 1.000000 -0.000000 0.000000 1.000000 -0.000000 0.000000 1.000000 -0.000000 0.000000 1.000000 -0.000000 0.000000 1.000000 -0.000000 0.000000 1.000000 -0.000000 0.000000 1.000000 -0.000000 0.000000 1.000000 -0.000000 0.000000 1.000000 -0.000000 0.000000 1.000000 -0.000000 0.000000 1.000000 -0.000000 0.000000 1.000000 -0.000000 0.000000 1.000000 -0.000000 0.000000 1.000000 -0.000000 0.000000 1.000000 -0.000000 0.000000 1.000000 -0.000000 0.000000 1.000000 -0.000000 0.000000 1.000000 -0.000000 0.000000 1.000000 -0.000000 0.000000 1.000000 -0.000000 0.000000 1.000000 -0.000000 0.000000 1.000000 -0.000000 0.000000 1.000000 -0.000000 0.000000 1.000000 -0.000000 0.000000 1.000000 -0.000000 0.000000 1.000000 -0.000000 0.000000 1.000000 -0.000000 0.000000 1.000000 -0.000000 0.000000 1.000000 -0.000000 0.000000 1.000000 -0.000000 0.000000 1.000000 -0.000000 0.000000 1.000000 -0.000000 0.000000 1.000000 -0.000000 0.000000 1.000000 -0.000000 0.000000 1.000000 -0.000000 0.000000 1.000000 -0.000000 0.000000 1.000000 -0.000000 0.000000 1.000000 -0.000000 0.000000 1.000000 -0.000000 0.000000 1.000000 -0.000000 0.000000 1.000000 -0.000000 0.000000 1.000000 -0.000000 0.000000 1.000000 -0.000000 0.000000 1.000000 -0.000000 0.000000 1.000000 -0.000000 0.000000 1.000000 -0.000000 0.000000 1.000000 -0.000000 0.000000 1.000000 -0.000000 0.000000 1.000000 -0.000000 0.000000 1.000000 -0.000000 0.000000 1.000000 -0.000000 0.000000 1.000000 -0.000000 0.000000 1.000000 -0.000000 0.000000 1.000000 -0.000000 0.000000 1.000000 -0.000000 0.000000 1.000000 -0.000000 0.000000 1.000000 -0.000000 0.000000 1.000000 -0.000000 0.000000 1.000000 -0.000000 0.000000 1.000000 -0.000000 0.000000 1.000000 -0.000000 0.000000 1.000000 -0.000000 0.000000 1.000000 -0.000000 0.000000 1.000000 -0.000000 0.000000 1.000000 -0.000000 0.000000 1.000000 -0.000000 0.000000 1.000000 -0.000000 0.000000 1.000000 -0.000000 0.000000 1.000000 -0.000000 0.000000 1.000000 -0.000000 0.000000 1.000000 -0.000000 0.000000 -1.000000 0.000000 -0.000000 -1.000000 0.000000 -0.000000 -1.000000 0.000000 -0.000000 -1.000000 0.000000 -0.000000 -1.000000 0.000000 -0.000000 -1.000000 0.000000 -0.000000 -1.000000 0.000000 -0.000000 -1.000000 0.000000 -0.000000 -1.000000 0.000000 -0.000000 -1.000000 0.000000 -0.000000 -1.000000 0.000000 -0.000000 -1.000000 0.000000 -0.000000 -1.000000 0.000000 -0.000000 -1.000000 0.000000 -0.000000 -1.000000 0.000000 -0.000000 -1.000000 0.000000 -0.000000 -1.000000 0.000000 -0.000000 -1.000000 0.000000 -0.000000 -1.000000 0.000000 -0.000000 -1.000000 0.000000 -0.000000 -1.000000 0.000000 -0.000000 -1.000000 0.000000 -0.000000 -1.000000 0.000000 -0.000000 -1.000000 0.000000 -0.000000 -1.000000 0.000000 -0.000000 -1.000000 0.000000 -0.000000 -1.000000 0.000000 -0.000000 -1.000000 0.000000 -0.000000 -1.000000 0.000000 -0.000000 -1.000000 0.000000 -0.000000 -1.000000 0.000000 -0.000000 -1.000000 0.000000 -0.000000 -1.000000 0.000000 -0.000000 -1.000000 0.000000 -0.000000 -1.000000 0.000000 -0.000000 -1.000000 0.000000 -0.000000 -1.000000 0.000000 -0.000000 -1.000000 0.000000 -0.000000 -1.000000 0.000000 -0.000000 -1.000000 0.000000 -0.000000 -1.000000 0.000000 -0.000000 -1.000000 0.000000 -0.000000 -1.000000 0.000000 -0.000000 -1.000000 0.000000 -0.000000 -1.000000 0.000000 -0.000000 -1.000000 0.000000 -0.000000 -1.000000 0.000000 -0.000000 -1.000000 0.000000 -0.000000 -1.000000 0.000000 -0.000000 -1.000000 0.000000 -0.000000 -1.000000 0.000000 -0.000000 -1.000000 0.000000 -0.000000 -1.000000 0.000000 -0.000000 -1.000000 0.000000 -0.000000 -1.000000 0.000000 -0.000000 -1.000000 0.000000 -0.000000 -1.000000 0.000000 -0.000000 -1.000000 0.000000 -0.000000 -1.000000 0.000000 -0.000000 -1.000000 0.000000 -0.000000 -1.000000 0.000000 -0.000000 -1.000000 0.000000 -0.000000 -1.000000 0.000000 -0.000000 -1.000000 0.000000 -0.000000 -1.000000 0.000000 -0.000000 -1.000000 0.000000 -0.000000 -1.000000 0.000000 -0.000000 -1.000000 0.000000 -0.000000 -1.000000 0.000000 -0.000000 -1.000000 0.000000 -0.000000 -1.000000 0.000000 -0.000000 -1.000000 0.000000 -0.000000 -1.000000 0.000000 -0.000000 -1.000000 0.000000 -0.000000 -1.000000 0.000000 -0.000000 -1.000000 0.000000 -0.000000 -1.000000 0.000000 -0.000000 -1.000000 0.000000 -0.000000 -1.000000 0.000000 -0.000000 -1.000000 0.000000 -0.000000 -1.000000 0.000000 -0.000000 -1.000000 0.000000 -0.000000 -1.000000 0.000000 -0.000000 -1.000000 0.000000 -0.000000 -1.000000 0.000000 -0.000000 -1.000000 0.000000 -0.000000 -1.000000 0.000000 -0.000000 -1.000000 0.000000 -0.000000 -1.000000 0.000000 -0.000000 -1.000000 0.000000 -0.000000 -1.000000 0.000000 -0.000000 -1.000000 0.000000 -0.000000 -1.000000 0.000000 -0.000000 -1.000000 0.000000 -0.000000 -1.000000 0.000000 -0.000000 -1.000000 0.000000 -0.000000 -1.000000 0.000000 -0.000000 -1.000000 0.000000 -0.000000 -1.000000 0.000000 -0.000000 -1.000000 0.000000 -0.000000 -1.000000 0.000000 -0.000000 -1.000000 0.000000 -0.000000 -1.000000 0.000000 -0.000000 -1.000000 0.000000 -0.000000 -1.000000 0.000000 -0.000000 -1.000000 0.000000 -0.000000 -1.000000 0.000000 -0.000000 -1.000000 0.000000 -0.000000 -1.000000 0.000000 -0.000000 -1.000000 0.000000 -0.000000 -1.000000 0.000000 -0.000000 -1.000000 0.000000 -0.000000 -1.000000 0.000000 -0.000000 -1.000000 0.000000 -0.000000 -1.000000 0.000000 -0.000000 -1.000000 0.000000 -0.000000 -1.000000 0.000000 -0.000000 -1.000000 0.000000 -0.000000 -1.000000 0.000000 -0.000000 -1.000000 0.000000 -0.000000 -1.000000 0.000000 -0.000000 -1.000000 0.000000 -0.000000 -1.000000 0.000000 -0.000000 -1.000000 0.000000 -0.000000 -1.000000 0.000000 -0.000000 -1.000000 0.000000 -0.000000 -1.000000 0.000000 -0.000000 -1.000000 0.000000 -0.000000 -1.000000 0.000000 -0.000000 -1.000000 0.000000 -0.000000 -1.000000 0.000000 -0.000000 -1.000000 0.000000 -0.000000 -1.000000 0.000000 -0.000000 -1.000000 0.000000 -0.000000 -1.000000 0.000000 -0.000000 -1.000000 0.000000 -0.000000 -1.000000 0.000000 -0.000000 -1.000000 0.000000 -0.000000 -1.000000 0.000000 -0.000000 -1.000000 0.000000 -0.000000 -1.000000 0.000000 -0.000000 -1.000000 0.000000 -0.000000 -1.000000 0.000000 -0.000000 -1.000000 0.000000 -0.000000 -1.000000 0.000000 -0.000000 -1.000000 0.000000 -0.000000 -1.000000 0.000000 -0.000000 -1.000000 0.000000 -0.000000 -1.000000 0.000000 -0.000000 -1.000000 0.000000 -0.000000 -1.000000 0.000000 -0.000000 -1.000000 0.000000 -0.000000 -1.000000 0.000000 -0.000000 -1.000000 0.000000 -0.000000 -1.000000 0.000000 -0.000000 -1.000000 0.000000 -0.000000 -1.000000 0.000000 -0.000000 -1.000000 0.000000 -0.000000 -1.000000 0.000000 -0.000000 -1.000000 0.000000 -0.000000 -1.000000 0.000000 -0.000000 -1.000000 0.000000 -0.000000 -1.000000 0.000000 -0.000000 -1.000000 0.000000 -0.000000 -1.000000 0.000000 -0.000000 -1.000000 0.000000 -0.000000 -1.000000 0.000000 -0.000000 -1.000000 0.000000 -0.000000 1.000000 -0.000000 0.000000 1.000000 -0.000000 0.000000 1.000000 -0.000000 0.000000 1.000000 -0.000000 0.000000 1.000000 -0.000000 0.000000 1.000000 -0.000000 0.000000 1.000000 -0.000000 0.000000 1.000000 -0.000000 0.000000 1.000000 -0.000000 0.000000 1.000000 -0.000000 0.000000 1.000000 -0.000000 0.000000 1.000000 -0.000000 0.000000 1.000000 -0.000000 0.000000 1.000000 -0.000000 0.000000 1.000000 -0.000000 0.000000 1.000000 -0.000000 0.000000 1.000000 -0.000000 0.000000 1.000000 -0.000000 0.000000 1.000000 -0.000000 0.000000 1.000000 -0.000000 0.000000 1.000000 -0.000000 0.000000 1.000000 -0.000000 0.000000 1.000000 -0.000000 0.000000 1.000000 -0.000000 0.000000 0.000000 -0.965926 0.258819 0.000000 -0.965926 0.258819 0.000000 -1.000000 0.000000 0.000000 -1.000000 0.000000 0.000000 -0.965926 -0.258819 0.000000 -0.965926 -0.258819 0.000000 -0.866025 -0.500000 0.000000 -0.866025 -0.500000 0.000000 -0.707107 -0.707107 0.000000 -0.707107 -0.707107 0.000000 -0.500000 -0.866025 0.000000 -0.500000 -0.866025 0.000000 -0.258819 -0.965926 0.000000 -0.258819 -0.965926 -0.000000 0.000000 -1.000000 -0.000000 0.000000 -1.000000 -0.000000 0.258819 -0.965926 -0.000000 0.258819 -0.965926 -0.000000 0.500000 -0.866025 -0.000000 0.500000 -0.866025 -0.000000 0.707107 -0.707107 -0.000000 0.707107 -0.707107 -0.000000 0.866025 -0.500000 -0.000000 0.866025 -0.500000 -0.000000 0.965926 -0.258819 -0.000000 0.965926 -0.258819 -0.000000 1.000000 -0.000000 -0.000000 1.000000 -0.000000 -0.000000 0.965926 0.258819 -0.000000 0.965926 0.258819 -0.000000 0.866025 0.500000 -0.000000 0.866025 0.500000 -0.000000 0.707107 0.707107 -0.000000 0.707107 0.707107 -0.000000 0.500000 0.866025 -0.000000 0.500000 0.866025 -0.000000 0.258819 0.965926 -0.000000 0.258819 0.965926 0.000000 -0.000000 1.000000 0.000000 -0.000000 1.000000 0.000000 -0.258819 0.965926 0.000000 -0.258819 0.965926 0.000000 -0.500000 0.866025 0.000000 -0.500000 0.866025 0.000000 -0.707107 0.707107 0.000000 -0.707107 0.707107 0.000000 -0.866025 0.500000 0.000000 -0.866025 0.500000 0.000000 -0.965926 -0.258819 0.000000 -1.000000 0.000000 0.000000 -0.965926 0.258819 0.000000 -0.866025 0.500000 0.000000 -0.707107 0.707107 0.000000 -0.500000 0.866025 0.000000 -0.258819 0.965926 0.000000 -0.000000 1.000000 -0.000000 0.258819 0.965926 -0.000000 0.500000 0.866025 -0.000000 0.707107 0.707107 -0.000000 0.866025 0.500000 -0.000000 0.965926 0.258819 -0.000000 1.000000 -0.000000 -0.000000 0.965926 -0.258819 -0.000000 0.866025 -0.500000 -0.000000 0.707107 -0.707107 -0.000000 0.500000 -0.866025 -0.000000 0.258819 -0.965926 -0.000000 0.000000 -1.000000 0.000000 -0.258819 -0.965926 0.000000 -0.500000 -0.866025 0.000000 -0.707107 -0.707107 0.000000 -0.866025 -0.500000 1.000000 -0.000000 0.000000 1.000000 -0.000000 0.000000 1.000000 -0.000000 0.000000 1.000000 -0.000000 0.000000 1.000000 -0.000000 0.000000 1.000000 -0.000000 0.000000 1.000000 -0.000000 0.000000 1.000000 -0.000000 0.000000 1.000000 -0.000000 0.000000 1.000000 -0.000000 0.000000 1.000000 -0.000000 0.000000 1.000000 -0.000000 0.000000 1.000000 -0.000000 0.000000 1.000000 -0.000000 0.000000 1.000000 -0.000000 0.000000 1.000000 -0.000000 0.000000 1.000000 -0.000000 0.000000 1.000000 -0.000000 0.000000 1.000000 -0.000000 0.000000 1.000000 -0.000000 0.000000 1.000000 -0.000000 0.000000 1.000000 -0.000000 0.000000 1.000000 -0.000000 0.000000 1.000000 -0.000000 0.000000 0.000000 -0.965926 0.258819 0.000000 -0.965926 0.258819 0.000000 -1.000000 0.000000 0.000000 -1.000000 0.000000 0.000000 -0.965926 -0.258819 0.000000 -0.965926 -0.258819 0.000000 -0.866025 -0.500000 0.000000 -0.866025 -0.500000 0.000000 -0.707107 -0.707107 0.000000 -0.707107 -0.707107 0.000000 -0.500000 -0.866025 0.000000 -0.500000 -0.866025 0.000000 -0.258819 -0.965926 0.000000 -0.258819 -0.965926 -0.000000 0.000000 -1.000000 -0.000000 0.000000 -1.000000 -0.000000 0.258819 -0.965926 -0.000000 0.258819 -0.965926 -0.000000 0.500000 -0.866025 -0.000000 0.500000 -0.866025 -0.000000 0.707107 -0.707107 -0.000000 0.707107 -0.707107 -0.000000 0.866025 -0.500000 -0.000000 0.866025 -0.500000 -0.000000 0.965926 -0.258819 -0.000000 0.965926 -0.258819 -0.000000 1.000000 -0.000000 -0.000000 1.000000 -0.000000 -0.000000 0.965926 0.258819 -0.000000 0.965926 0.258819 -0.000000 0.866025 0.500000 -0.000000 0.866025 0.500000 -0.000000 0.707107 0.707107 -0.000000 0.707107 0.707107 -0.000000 0.500000 0.866025 -0.000000 0.500000 0.866025 -0.000000 0.258819 0.965926 -0.000000 0.258819 0.965926 0.000000 -0.000000 1.000000 0.000000 -0.000000 1.000000 0.000000 -0.258819 0.965926 0.000000 -0.258819 0.965926 0.000000 -0.500000 0.866025 0.000000 -0.500000 0.866025 0.000000 -0.707107 0.707107 0.000000 -0.707107 0.707107 0.000000 -0.866025 0.500000 0.000000 -0.866025 0.500000 0.000000 -0.965926 -0.258819 0.000000 -1.000000 0.000000 0.000000 -0.965926 0.258819 0.000000 -0.866025 0.500000 0.000000 -0.707107 0.707107 0.000000 -0.500000 0.866025 0.000000 -0.258819 0.965926 0.000000 -0.000000 1.000000 -0.000000 0.258819 0.965926 -0.000000 0.500000 0.866025 -0.000000 0.707107 0.707107 -0.000000 0.866025 0.500000 -0.000000 0.965926 0.258819 -0.000000 1.000000 -0.000000 -0.000000 0.965926 -0.258819 -0.000000 0.866025 -0.500000 -0.000000 0.707107 -0.707107 -0.000000 0.500000 -0.866025 -0.000000 0.258819 -0.965926 -0.000000 0.000000 -1.000000 0.000000 -0.258819 -0.965926 0.000000 -0.500000 -0.866025 0.000000 -0.707107 -0.707107 0.000000 -0.866025 -0.500000 1.000000 -0.000000 0.000000 1.000000 -0.000000 0.000000 1.000000 -0.000000 0.000000 1.000000 -0.000000 0.000000 1.000000 -0.000000 0.000000 1.000000 -0.000000 0.000000 1.000000 -0.000000 0.000000 1.000000 -0.000000 0.000000 1.000000 -0.000000 0.000000 1.000000 -0.000000 0.000000 1.000000 -0.000000 0.000000 1.000000 -0.000000 0.000000 1.000000 -0.000000 0.000000 1.000000 -0.000000 0.000000 1.000000 -0.000000 0.000000 1.000000 -0.000000 0.000000 1.000000 -0.000000 0.000000 1.000000 -0.000000 0.000000 1.000000 -0.000000 0.000000 1.000000 -0.000000 0.000000 1.000000 -0.000000 0.000000 1.000000 -0.000000 0.000000 1.000000 -0.000000 0.000000 1.000000 -0.000000 0.000000 0.000000 -0.965926 0.258819 0.000000 -0.965926 0.258819 0.000000 -1.000000 0.000000 0.000000 -1.000000 0.000000 0.000000 -0.965926 -0.258819 0.000000 -0.965926 -0.258819 0.000000 -0.866025 -0.500000 0.000000 -0.866025 -0.500000 0.000000 -0.707107 -0.707107 0.000000 -0.707107 -0.707107 0.000000 -0.500000 -0.866025 0.000000 -0.500000 -0.866025 0.000000 -0.258819 -0.965926 0.000000 -0.258819 -0.965926 -0.000000 0.000000 -1.000000 -0.000000 0.000000 -1.000000 -0.000000 0.258819 -0.965926 -0.000000 0.258819 -0.965926 -0.000000 0.500000 -0.866025 -0.000000 0.500000 -0.866025 -0.000000 0.707107 -0.707107 -0.000000 0.707107 -0.707107 -0.000000 0.866025 -0.500000 -0.000000 0.866025 -0.500000 -0.000000 0.965926 -0.258819 -0.000000 0.965926 -0.258819 -0.000000 1.000000 -0.000000 -0.000000 1.000000 -0.000000 -0.000000 0.965926 0.258819 -0.000000 0.965926 0.258819 -0.000000 0.866025 0.500000 -0.000000 0.866025 0.500000 -0.000000 0.707107 0.707107 -0.000000 0.707107 0.707107 -0.000000 0.500000 0.866025 -0.000000 0.500000 0.866025 -0.000000 0.258819 0.965926 -0.000000 0.258819 0.965926 0.000000 -0.000000 1.000000 0.000000 -0.000000 1.000000 0.000000 -0.258819 0.965926 0.000000 -0.258819 0.965926 0.000000 -0.500000 0.866025 0.000000 -0.500000 0.866025 0.000000 -0.707107 0.707107 0.000000 -0.707107 0.707107 0.000000 -0.866025 0.500000 0.000000 -0.866025 0.500000 0.000000 -0.965926 -0.258819 0.000000 -1.000000 0.000000 0.000000 -0.965926 0.258819 0.000000 -0.866025 0.500000 0.000000 -0.707107 0.707107 0.000000 -0.500000 0.866025 0.000000 -0.258819 0.965926 0.000000 -0.000000 1.000000 -0.000000 0.258819 0.965926 -0.000000 0.500000 0.866025 -0.000000 0.707107 0.707107 -0.000000 0.866025 0.500000 -0.000000 0.965926 0.258819 -0.000000 1.000000 -0.000000 -0.000000 0.965926 -0.258819 -0.000000 0.866025 -0.500000 -0.000000 0.707107 -0.707107 -0.000000 0.500000 -0.866025 -0.000000 0.258819 -0.965926 -0.000000 0.000000 -1.000000 0.000000 -0.258819 -0.965926 0.000000 -0.500000 -0.866025 0.000000 -0.707107 -0.707107 0.000000 -0.866025 -0.500000 1.000000 -0.000000 0.000000 1.000000 -0.000000 0.000000 1.000000 -0.000000 0.000000 1.000000 -0.000000 0.000000 1.000000 -0.000000 0.000000 1.000000 -0.000000 0.000000 1.000000 -0.000000 0.000000 1.000000 -0.000000 0.000000 1.000000 -0.000000 0.000000 1.000000 -0.000000 0.000000 1.000000 -0.000000 0.000000 1.000000 -0.000000 0.000000 1.000000 -0.000000 0.000000 1.000000 -0.000000 0.000000 1.000000 -0.000000 0.000000 1.000000 -0.000000 0.000000 1.000000 -0.000000 0.000000 1.000000 -0.000000 0.000000 1.000000 -0.000000 0.000000 1.000000 -0.000000 0.000000 1.000000 -0.000000 0.000000 1.000000 -0.000000 0.000000 1.000000 -0.000000 0.000000 1.000000 -0.000000 0.000000 0.000000 -0.965926 0.258819 0.000000 -0.965926 0.258819 0.000000 -1.000000 0.000000 0.000000 -1.000000 0.000000 0.000000 -0.965926 -0.258819 0.000000 -0.965926 -0.258819 0.000000 -0.866025 -0.500000 0.000000 -0.866025 -0.500000 0.000000 -0.707107 -0.707107 0.000000 -0.707107 -0.707107 0.000000 -0.500000 -0.866025 0.000000 -0.500000 -0.866025 0.000000 -0.258819 -0.965926 0.000000 -0.258819 -0.965926 -0.000000 0.000000 -1.000000 -0.000000 0.000000 -1.000000 -0.000000 0.258819 -0.965926 -0.000000 0.258819 -0.965926 -0.000000 0.500000 -0.866025 -0.000000 0.500000 -0.866025 -0.000000 0.707107 -0.707107 -0.000000 0.707107 -0.707107 -0.000000 0.866025 -0.500000 -0.000000 0.866025 -0.500000 -0.000000 0.965926 -0.258819 -0.000000 0.965926 -0.258819 -0.000000 1.000000 -0.000000 -0.000000 1.000000 -0.000000 -0.000000 0.965926 0.258819 -0.000000 0.965926 0.258819 -0.000000 0.866025 0.500000 -0.000000 0.866025 0.500000 -0.000000 0.707107 0.707107 -0.000000 0.707107 0.707107 -0.000000 0.500000 0.866025 -0.000000 0.500000 0.866025 -0.000000 0.258819 0.965926 -0.000000 0.258819 0.965926 0.000000 -0.000000 1.000000 0.000000 -0.000000 1.000000 0.000000 -0.258819 0.965926 0.000000 -0.258819 0.965926 0.000000 -0.500000 0.866025 0.000000 -0.500000 0.866025 0.000000 -0.707107 0.707107 0.000000 -0.707107 0.707107 0.000000 -0.866025 0.500000 0.000000 -0.866025 0.500000 0.000000 -0.965926 -0.258819 0.000000 -1.000000 0.000000 0.000000 -0.965926 0.258819 0.000000 -0.866025 0.500000 0.000000 -0.707107 0.707107 0.000000 -0.500000 0.866025 0.000000 -0.258819 0.965926 0.000000 -0.000000 1.000000 -0.000000 0.258819 0.965926 -0.000000 0.500000 0.866025 -0.000000 0.707107 0.707107 -0.000000 0.866025 0.500000 -0.000000 0.965926 0.258819 -0.000000 1.000000 -0.000000 -0.000000 0.965926 -0.258819 -0.000000 0.866025 -0.500000 -0.000000 0.707107 -0.707107 -0.000000 0.500000 -0.866025 -0.000000 0.258819 -0.965926 -0.000000 0.000000 -1.000000 0.000000 -0.258819 -0.965926 0.000000 -0.500000 -0.866025 0.000000 -0.707107 -0.707107 0.000000 -0.866025 -0.500000 1.000000 -0.000000 0.000000 1.000000 -0.000000 0.000000 1.000000 -0.000000 0.000000 1.000000 -0.000000 0.000000 1.000000 -0.000000 0.000000 1.000000 -0.000000 0.000000 1.000000 -0.000000 0.000000 1.000000 -0.000000 0.000000 1.000000 -0.000000 0.000000 1.000000 -0.000000 0.000000 1.000000 -0.000000 0.000000 1.000000 -0.000000 0.000000 1.000000 -0.000000 0.000000 1.000000 -0.000000 0.000000 1.000000 -0.000000 0.000000 1.000000 -0.000000 0.000000 1.000000 -0.000000 0.000000 1.000000 -0.000000 0.000000 1.000000 -0.000000 0.000000 1.000000 -0.000000 0.000000 1.000000 -0.000000 0.000000 1.000000 -0.000000 0.000000 1.000000 -0.000000 0.000000 1.000000 -0.000000 0.000000 0.000000 -0.965926 0.258819 0.000000 -0.965926 0.258819 0.000000 -1.000000 0.000000 0.000000 -1.000000 0.000000 0.000000 -0.965926 -0.258819 0.000000 -0.965926 -0.258819 0.000000 -0.866025 -0.500000 0.000000 -0.866025 -0.500000 0.000000 -0.707107 -0.707107 0.000000 -0.707107 -0.707107 0.000000 -0.500000 -0.866025 0.000000 -0.500000 -0.866025 0.000000 -0.258819 -0.965926 0.000000 -0.258819 -0.965926 -0.000000 0.000000 -1.000000 -0.000000 0.000000 -1.000000 -0.000000 0.258819 -0.965926 -0.000000 0.258819 -0.965926 -0.000000 0.500000 -0.866025 -0.000000 0.500000 -0.866025 -0.000000 0.707107 -0.707107 -0.000000 0.707107 -0.707107 -0.000000 0.866025 -0.500000 -0.000000 0.866025 -0.500000 -0.000000 0.965926 -0.258819 -0.000000 0.965926 -0.258819 -0.000000 1.000000 -0.000000 -0.000000 1.000000 -0.000000 -0.000000 0.965926 0.258819 -0.000000 0.965926 0.258819 -0.000000 0.866025 0.500000 -0.000000 0.866025 0.500000 -0.000000 0.707107 0.707107 -0.000000 0.707107 0.707107 -0.000000 0.500000 0.866025 -0.000000 0.500000 0.866025 -0.000000 0.258819 0.965926 -0.000000 0.258819 0.965926 0.000000 -0.000000 1.000000 0.000000 -0.000000 1.000000 0.000000 -0.258819 0.965926 0.000000 -0.258819 0.965926 0.000000 -0.500000 0.866025 0.000000 -0.500000 0.866025 0.000000 -0.707107 0.707107 0.000000 -0.707107 0.707107 0.000000 -0.866025 0.500000 0.000000 -0.866025 0.500000 0.000000 -0.965926 -0.258819 0.000000 -1.000000 0.000000 0.000000 -0.965926 0.258819 0.000000 -0.866025 0.500000 0.000000 -0.707107 0.707107 0.000000 -0.500000 0.866025 0.000000 -0.258819 0.965926 0.000000 -0.000000 1.000000 -0.000000 0.258819 0.965926 -0.000000 0.500000 0.866025 -0.000000 0.707107 0.707107 -0.000000 0.866025 0.500000 -0.000000 0.965926 0.258819 -0.000000 1.000000 -0.000000 -0.000000 0.965926 -0.258819 -0.000000 0.866025 -0.500000 -0.000000 0.707107 -0.707107 -0.000000 0.500000 -0.866025 -0.000000 0.258819 -0.965926 -0.000000 0.000000 -1.000000 0.000000 -0.258819 -0.965926 0.000000 -0.500000 -0.866025 0.000000 -0.707107 -0.707107 0.000000 -0.866025 -0.500000 1.000000 -0.000000 0.000000 1.000000 -0.000000 0.000000 1.000000 -0.000000 0.000000 1.000000 -0.000000 0.000000 1.000000 -0.000000 0.000000 1.000000 -0.000000 0.000000 1.000000 -0.000000 0.000000 1.000000 -0.000000 0.000000 1.000000 -0.000000 0.000000 1.000000 -0.000000 0.000000 1.000000 -0.000000 0.000000 1.000000 -0.000000 0.000000 1.000000 -0.000000 0.000000 1.000000 -0.000000 0.000000 1.000000 -0.000000 0.000000 1.000000 -0.000000 0.000000 1.000000 -0.000000 0.000000 1.000000 -0.000000 0.000000 1.000000 -0.000000 0.000000 1.000000 -0.000000 0.000000 1.000000 -0.000000 0.000000 1.000000 -0.000000 0.000000 1.000000 -0.000000 0.000000 1.000000 -0.000000 0.000000 0.000000 -0.965926 0.258819 0.000000 -0.965926 0.258819 0.000000 -1.000000 0.000000 0.000000 -1.000000 0.000000 0.000000 -0.965926 -0.258819 0.000000 -0.965926 -0.258819 0.000000 -0.866025 -0.500000 0.000000 -0.866025 -0.500000 0.000000 -0.707107 -0.707107 0.000000 -0.707107 -0.707107 0.000000 -0.500000 -0.866025 0.000000 -0.500000 -0.866025 0.000000 -0.258819 -0.965926 0.000000 -0.258819 -0.965926 -0.000000 0.000000 -1.000000 -0.000000 0.000000 -1.000000 -0.000000 0.258819 -0.965926 -0.000000 0.258819 -0.965926 -0.000000 0.500000 -0.866025 -0.000000 0.500000 -0.866025 -0.000000 0.707107 -0.707107 -0.000000 0.707107 -0.707107 -0.000000 0.866025 -0.500000 -0.000000 0.866025 -0.500000 -0.000000 0.965926 -0.258819 -0.000000 0.965926 -0.258819 -0.000000 1.000000 -0.000000 -0.000000 1.000000 -0.000000 -0.000000 0.965926 0.258819 -0.000000 0.965926 0.258819 -0.000000 0.866025 0.500000 -0.000000 0.866025 0.500000 -0.000000 0.707107 0.707107 -0.000000 0.707107 0.707107 -0.000000 0.500000 0.866025 -0.000000 0.500000 0.866025 -0.000000 0.258819 0.965926 -0.000000 0.258819 0.965926 0.000000 -0.000000 1.000000 0.000000 -0.000000 1.000000 0.000000 -0.258819 0.965926 0.000000 -0.258819 0.965926 0.000000 -0.500000 0.866025 0.000000 -0.500000 0.866025 0.000000 -0.707107 0.707107 0.000000 -0.707107 0.707107 0.000000 -0.866025 0.500000 0.000000 -0.866025 0.500000 0.000000 -0.965926 -0.258819 0.000000 -1.000000 0.000000 0.000000 -0.965926 0.258819 0.000000 -0.866025 0.500000 0.000000 -0.707107 0.707107 0.000000 -0.500000 0.866025 0.000000 -0.258819 0.965926 0.000000 -0.000000 1.000000 -0.000000 0.258819 0.965926 -0.000000 0.500000 0.866025 -0.000000 0.707107 0.707107 -0.000000 0.866025 0.500000 -0.000000 0.965926 0.258819 -0.000000 1.000000 -0.000000 -0.000000 0.965926 -0.258819 -0.000000 0.866025 -0.500000 -0.000000 0.707107 -0.707107 -0.000000 0.500000 -0.866025 -0.000000 0.258819 -0.965926 -0.000000 0.000000 -1.000000 0.000000 -0.258819 -0.965926 0.000000 -0.500000 -0.866025 0.000000 -0.707107 -0.707107 0.000000 -0.866025 -0.500000 1.000000 -0.000000 0.000000 1.000000 -0.000000 0.000000 1.000000 -0.000000 0.000000 1.000000 -0.000000 0.000000 1.000000 -0.000000 0.000000 1.000000 -0.000000 0.000000 1.000000 -0.000000 0.000000 1.000000 -0.000000 0.000000 1.000000 -0.000000 0.000000 1.000000 -0.000000 0.000000 1.000000 -0.000000 0.000000 1.000000 -0.000000 0.000000 1.000000 -0.000000 0.000000 1.000000 -0.000000 0.000000 1.000000 -0.000000 0.000000 1.000000 -0.000000 0.000000 1.000000 -0.000000 0.000000 1.000000 -0.000000 0.000000 1.000000 -0.000000 0.000000 1.000000 -0.000000 0.000000 1.000000 -0.000000 0.000000 1.000000 -0.000000 0.000000 1.000000 -0.000000 0.000000 1.000000 -0.000000 0.000000 0.000000 -0.965926 0.258819 0.000000 -0.965926 0.258819 0.000000 -1.000000 0.000000 0.000000 -1.000000 0.000000 0.000000 -0.965926 -0.258819 0.000000 -0.965926 -0.258819 0.000000 -0.866025 -0.500000 0.000000 -0.866025 -0.500000 0.000000 -0.707107 -0.707107 0.000000 -0.707107 -0.707107 0.000000 -0.500000 -0.866025 0.000000 -0.500000 -0.866025 0.000000 -0.258819 -0.965926 0.000000 -0.258819 -0.965926 -0.000000 0.000000 -1.000000 -0.000000 0.000000 -1.000000 -0.000000 0.258819 -0.965926 -0.000000 0.258819 -0.965926 -0.000000 0.500000 -0.866025 -0.000000 0.500000 -0.866025 -0.000000 0.707107 -0.707107 -0.000000 0.707107 -0.707107 -0.000000 0.866025 -0.500000 -0.000000 0.866025 -0.500000 -0.000000 0.965926 -0.258819 -0.000000 0.965926 -0.258819 -0.000000 1.000000 -0.000000 -0.000000 1.000000 -0.000000 -0.000000 0.965926 0.258819 -0.000000 0.965926 0.258819 -0.000000 0.866025 0.500000 -0.000000 0.866025 0.500000 -0.000000 0.707107 0.707107 -0.000000 0.707107 0.707107 -0.000000 0.500000 0.866025 -0.000000 0.500000 0.866025 -0.000000 0.258819 0.965926 -0.000000 0.258819 0.965926 0.000000 -0.000000 1.000000 0.000000 -0.000000 1.000000 0.000000 -0.258819 0.965926 0.000000 -0.258819 0.965926 0.000000 -0.500000 0.866025 0.000000 -0.500000 0.866025 0.000000 -0.707107 0.707107 0.000000 -0.707107 0.707107 0.000000 -0.866025 0.500000 0.000000 -0.866025 0.500000 0.000000 -0.965926 -0.258819 0.000000 -1.000000 0.000000 0.000000 -0.965926 0.258819 0.000000 -0.866025 0.500000 0.000000 -0.707107 0.707107 0.000000 -0.500000 0.866025 0.000000 -0.258819 0.965926 0.000000 -0.000000 1.000000 -0.000000 0.258819 0.965926 -0.000000 0.500000 0.866025 -0.000000 0.707107 0.707107 -0.000000 0.866025 0.500000 -0.000000 0.965926 0.258819 -0.000000 1.000000 -0.000000 -0.000000 0.965926 -0.258819 -0.000000 0.866025 -0.500000 -0.000000 0.707107 -0.707107 -0.000000 0.500000 -0.866025 -0.000000 0.258819 -0.965926 -0.000000 0.000000 -1.000000 0.000000 -0.258819 -0.965926 0.000000 -0.500000 -0.866025 0.000000 -0.707107 -0.707107 0.000000 -0.866025 -0.500000 1.000000 -0.000000 0.000000 1.000000 -0.000000 0.000000 1.000000 -0.000000 0.000000 1.000000 -0.000000 0.000000 1.000000 -0.000000 0.000000 1.000000 -0.000000 0.000000 1.000000 -0.000000 0.000000 1.000000 -0.000000 0.000000 1.000000 -0.000000 0.000000 1.000000 -0.000000 0.000000 1.000000 -0.000000 0.000000 1.000000 -0.000000 0.000000 1.000000 -0.000000 0.000000 1.000000 -0.000000 0.000000 1.000000 -0.000000 0.000000 1.000000 -0.000000 0.000000 1.000000 -0.000000 0.000000 1.000000 -0.000000 0.000000 1.000000 -0.000000 0.000000 1.000000 -0.000000 0.000000 1.000000 -0.000000 0.000000 1.000000 -0.000000 0.000000 1.000000 -0.000000 0.000000 1.000000 -0.000000 0.000000 0.000000 -0.965926 0.258819 0.000000 -0.965926 0.258819 0.000000 -1.000000 0.000000 0.000000 -1.000000 0.000000 0.000000 -0.965926 -0.258819 0.000000 -0.965926 -0.258819 0.000000 -0.866025 -0.500000 0.000000 -0.866025 -0.500000 0.000000 -0.707107 -0.707107 0.000000 -0.707107 -0.707107 0.000000 -0.500000 -0.866025 0.000000 -0.500000 -0.866025 0.000000 -0.258819 -0.965926 0.000000 -0.258819 -0.965926 -0.000000 0.000000 -1.000000 -0.000000 0.000000 -1.000000 -0.000000 0.258819 -0.965926 -0.000000 0.258819 -0.965926 -0.000000 0.500000 -0.866025 -0.000000 0.500000 -0.866025 -0.000000 0.707107 -0.707107 -0.000000 0.707107 -0.707107 -0.000000 0.866025 -0.500000 -0.000000 0.866025 -0.500000 -0.000000 0.965926 -0.258819 -0.000000 0.965926 -0.258819 -0.000000 1.000000 -0.000000 -0.000000 1.000000 -0.000000 -0.000000 0.965926 0.258819 -0.000000 0.965926 0.258819 -0.000000 0.866025 0.500000 -0.000000 0.866025 0.500000 -0.000000 0.707107 0.707107 -0.000000 0.707107 0.707107 -0.000000 0.500000 0.866025 -0.000000 0.500000 0.866025 -0.000000 0.258819 0.965926 -0.000000 0.258819 0.965926 0.000000 -0.000000 1.000000 0.000000 -0.000000 1.000000 0.000000 -0.258819 0.965926 0.000000 -0.258819 0.965926 0.000000 -0.500000 0.866025 0.000000 -0.500000 0.866025 0.000000 -0.707107 0.707107 0.000000 -0.707107 0.707107 0.000000 -0.866025 0.500000 0.000000 -0.866025 0.500000 0.000000 -0.965926 -0.258819 0.000000 -1.000000 0.000000 0.000000 -0.965926 0.258819 0.000000 -0.866025 0.500000 0.000000 -0.707107 0.707107 0.000000 -0.500000 0.866025 0.000000 -0.258819 0.965926 0.000000 -0.000000 1.000000 -0.000000 0.258819 0.965926 -0.000000 0.500000 0.866025 -0.000000 0.707107 0.707107 -0.000000 0.866025 0.500000 -0.000000 0.965926 0.258819 -0.000000 1.000000 -0.000000 -0.000000 0.965926 -0.258819 -0.000000 0.866025 -0.500000 -0.000000 0.707107 -0.707107 -0.000000 0.500000 -0.866025 -0.000000 0.258819 -0.965926 -0.000000 0.000000 -1.000000 0.000000 -0.258819 -0.965926 0.000000 -0.500000 -0.866025 0.000000 -0.707107 -0.707107 0.000000 -0.866025 -0.500000 1.000000 -0.000000 0.000000 1.000000 -0.000000 0.000000 1.000000 -0.000000 0.000000 1.000000 -0.000000 0.000000 1.000000 -0.000000 0.000000 1.000000 -0.000000 0.000000 1.000000 -0.000000 0.000000 1.000000 -0.000000 0.000000 1.000000 -0.000000 0.000000 1.000000 -0.000000 0.000000 1.000000 -0.000000 0.000000 1.000000 -0.000000 0.000000 1.000000 -0.000000 0.000000 1.000000 -0.000000 0.000000 1.000000 -0.000000 0.000000 1.000000 -0.000000 0.000000 1.000000 -0.000000 0.000000 1.000000 -0.000000 0.000000 1.000000 -0.000000 0.000000 1.000000 -0.000000 0.000000 1.000000 -0.000000 0.000000 1.000000 -0.000000 0.000000 1.000000 -0.000000 0.000000 1.000000 -0.000000 0.000000 0.000000 -0.965926 0.258819 0.000000 -0.965926 0.258819 0.000000 -1.000000 0.000000 0.000000 -1.000000 0.000000 0.000000 -0.965926 -0.258819 0.000000 -0.965926 -0.258819 0.000000 -0.866025 -0.500000 0.000000 -0.866025 -0.500000 0.000000 -0.707107 -0.707107 0.000000 -0.707107 -0.707107 0.000000 -0.500000 -0.866025 0.000000 -0.500000 -0.866025 0.000000 -0.258819 -0.965926 0.000000 -0.258819 -0.965926 -0.000000 0.000000 -1.000000 -0.000000 0.000000 -1.000000 -0.000000 0.258819 -0.965926 -0.000000 0.258819 -0.965926 -0.000000 0.500000 -0.866025 -0.000000 0.500000 -0.866025 -0.000000 0.707107 -0.707107 -0.000000 0.707107 -0.707107 -0.000000 0.866025 -0.500000 -0.000000 0.866025 -0.500000 -0.000000 0.965926 -0.258819 -0.000000 0.965926 -0.258819 -0.000000 1.000000 -0.000000 -0.000000 1.000000 -0.000000 -0.000000 0.965926 0.258819 -0.000000 0.965926 0.258819 -0.000000 0.866025 0.500000 -0.000000 0.866025 0.500000 -0.000000 0.707107 0.707107 -0.000000 0.707107 0.707107 -0.000000 0.500000 0.866025 -0.000000 0.500000 0.866025 -0.000000 0.258819 0.965926 -0.000000 0.258819 0.965926 0.000000 -0.000000 1.000000 0.000000 -0.000000 1.000000 0.000000 -0.258819 0.965926 0.000000 -0.258819 0.965926 0.000000 -0.500000 0.866025 0.000000 -0.500000 0.866025 0.000000 -0.707107 0.707107 0.000000 -0.707107 0.707107 0.000000 -0.866025 0.500000 0.000000 -0.866025 0.500000 0.000000 -0.965926 -0.258819 0.000000 -1.000000 0.000000 0.000000 -0.965926 0.258819 0.000000 -0.866025 0.500000 0.000000 -0.707107 0.707107 0.000000 -0.500000 0.866025 0.000000 -0.258819 0.965926 0.000000 -0.000000 1.000000 -0.000000 0.258819 0.965926 -0.000000 0.500000 0.866025 -0.000000 0.707107 0.707107 -0.000000 0.866025 0.500000 -0.000000 0.965926 0.258819 -0.000000 1.000000 -0.000000 -0.000000 0.965926 -0.258819 -0.000000 0.866025 -0.500000 -0.000000 0.707107 -0.707107 -0.000000 0.500000 -0.866025 -0.000000 0.258819 -0.965926 -0.000000 0.000000 -1.000000 0.000000 -0.258819 -0.965926 0.000000 -0.500000 -0.866025 0.000000 -0.707107 -0.707107 0.000000 -0.866025 -0.500000 1.000000 -0.000000 0.000000 1.000000 -0.000000 0.000000 1.000000 -0.000000 0.000000 1.000000 -0.000000 0.000000 1.000000 -0.000000 0.000000 1.000000 -0.000000 0.000000 1.000000 -0.000000 0.000000 1.000000 -0.000000 0.000000 1.000000 -0.000000 0.000000 1.000000 -0.000000 0.000000 1.000000 -0.000000 0.000000 1.000000 -0.000000 0.000000 1.000000 -0.000000 0.000000 1.000000 -0.000000 0.000000 1.000000 -0.000000 0.000000 1.000000 -0.000000 0.000000 1.000000 -0.000000 0.000000 1.000000 -0.000000 0.000000 1.000000 -0.000000 0.000000 1.000000 -0.000000 0.000000 1.000000 -0.000000 0.000000 1.000000 -0.000000 0.000000 1.000000 -0.000000 0.000000 1.000000 -0.000000 0.000000 0.000000 -0.965926 0.258819 0.000000 -0.965926 0.258819 0.000000 -1.000000 0.000000 0.000000 -1.000000 0.000000 0.000000 -0.965926 -0.258819 0.000000 -0.965926 -0.258819 0.000000 -0.866025 -0.500000 0.000000 -0.866025 -0.500000 0.000000 -0.707107 -0.707107 0.000000 -0.707107 -0.707107 0.000000 -0.500000 -0.866025 0.000000 -0.500000 -0.866025 0.000000 -0.258819 -0.965926 0.000000 -0.258819 -0.965926 -0.000000 0.000000 -1.000000 -0.000000 0.000000 -1.000000 -0.000000 0.258819 -0.965926 -0.000000 0.258819 -0.965926 -0.000000 0.500000 -0.866025 -0.000000 0.500000 -0.866025 -0.000000 0.707107 -0.707107 -0.000000 0.707107 -0.707107 -0.000000 0.866025 -0.500000 -0.000000 0.866025 -0.500000 -0.000000 0.965926 -0.258819 -0.000000 0.965926 -0.258819 -0.000000 1.000000 -0.000000 -0.000000 1.000000 -0.000000 -0.000000 0.965926 0.258819 -0.000000 0.965926 0.258819 -0.000000 0.866025 0.500000 -0.000000 0.866025 0.500000 -0.000000 0.707107 0.707107 -0.000000 0.707107 0.707107 -0.000000 0.500000 0.866025 -0.000000 0.500000 0.866025 -0.000000 0.258819 0.965926 -0.000000 0.258819 0.965926 0.000000 -0.000000 1.000000 0.000000 -0.000000 1.000000 0.000000 -0.258819 0.965926 0.000000 -0.258819 0.965926 0.000000 -0.500000 0.866025 0.000000 -0.500000 0.866025 0.000000 -0.707107 0.707107 0.000000 -0.707107 0.707107 0.000000 -0.866025 0.500000 0.000000 -0.866025 0.500000 0.000000 -0.965926 -0.258819 0.000000 -1.000000 0.000000 0.000000 -0.965926 0.258819 0.000000 -0.866025 0.500000 0.000000 -0.707107 0.707107 0.000000 -0.500000 0.866025 0.000000 -0.258819 0.965926 0.000000 -0.000000 1.000000 -0.000000 0.258819 0.965926 -0.000000 0.500000 0.866025 -0.000000 0.707107 0.707107 -0.000000 0.866025 0.500000 -0.000000 0.965926 0.258819 -0.000000 1.000000 -0.000000 -0.000000 0.965926 -0.258819 -0.000000 0.866025 -0.500000 -0.000000 0.707107 -0.707107 -0.000000 0.500000 -0.866025 -0.000000 0.258819 -0.965926 -0.000000 0.000000 -1.000000 0.000000 -0.258819 -0.965926 0.000000 -0.500000 -0.866025 0.000000 -0.707107 -0.707107 0.000000 -0.866025 -0.500000 1.000000 -0.000000 0.000000 1.000000 -0.000000 0.000000 1.000000 -0.000000 0.000000 1.000000 -0.000000 0.000000 1.000000 -0.000000 0.000000 1.000000 -0.000000 0.000000 1.000000 -0.000000 0.000000 1.000000 -0.000000 0.000000 1.000000 -0.000000 0.000000 1.000000 -0.000000 0.000000 1.000000 -0.000000 0.000000 1.000000 -0.000000 0.000000 1.000000 -0.000000 0.000000 1.000000 -0.000000 0.000000 1.000000 -0.000000 0.000000 1.000000 -0.000000 0.000000 1.000000 -0.000000 0.000000 1.000000 -0.000000 0.000000 1.000000 -0.000000 0.000000 1.000000 -0.000000 0.000000 1.000000 -0.000000 0.000000 1.000000 -0.000000 0.000000 1.000000 -0.000000 0.000000 1.000000 -0.000000 0.000000 0.000000 -0.965926 0.258819 0.000000 -0.965926 0.258819 0.000000 -1.000000 0.000000 0.000000 -1.000000 0.000000 0.000000 -0.965926 -0.258819 0.000000 -0.965926 -0.258819 0.000000 -0.866025 -0.500000 0.000000 -0.866025 -0.500000 0.000000 -0.707107 -0.707107 0.000000 -0.707107 -0.707107 0.000000 -0.500000 -0.866025 0.000000 -0.500000 -0.866025 0.000000 -0.258819 -0.965926 0.000000 -0.258819 -0.965926 -0.000000 0.000000 -1.000000 -0.000000 0.000000 -1.000000 -0.000000 0.258819 -0.965926 -0.000000 0.258819 -0.965926 -0.000000 0.500000 -0.866025 -0.000000 0.500000 -0.866025 -0.000000 0.707107 -0.707107 -0.000000 0.707107 -0.707107 -0.000000 0.866025 -0.500000 -0.000000 0.866025 -0.500000 -0.000000 0.965926 -0.258819 -0.000000 0.965926 -0.258819 -0.000000 1.000000 -0.000000 -0.000000 1.000000 -0.000000 -0.000000 0.965926 0.258819 -0.000000 0.965926 0.258819 -0.000000 0.866025 0.500000 -0.000000 0.866025 0.500000 -0.000000 0.707107 0.707107 -0.000000 0.707107 0.707107 -0.000000 0.500000 0.866025 -0.000000 0.500000 0.866025 -0.000000 0.258819 0.965926 -0.000000 0.258819 0.965926 0.000000 -0.000000 1.000000 0.000000 -0.000000 1.000000 0.000000 -0.258819 0.965926 0.000000 -0.258819 0.965926 0.000000 -0.500000 0.866025 0.000000 -0.500000 0.866025 0.000000 -0.707107 0.707107 0.000000 -0.707107 0.707107 0.000000 -0.866025 0.500000 0.000000 -0.866025 0.500000 0.000000 -0.965926 -0.258819 0.000000 -1.000000 0.000000 0.000000 -0.965926 0.258819 0.000000 -0.866025 0.500000 0.000000 -0.707107 0.707107 0.000000 -0.500000 0.866025 0.000000 -0.258819 0.965926 0.000000 -0.000000 1.000000 -0.000000 0.258819 0.965926 -0.000000 0.500000 0.866025 -0.000000 0.707107 0.707107 -0.000000 0.866025 0.500000 -0.000000 0.965926 0.258819 -0.000000 1.000000 -0.000000 -0.000000 0.965926 -0.258819 -0.000000 0.866025 -0.500000 -0.000000 0.707107 -0.707107 -0.000000 0.500000 -0.866025 -0.000000 0.258819 -0.965926 -0.000000 0.000000 -1.000000 0.000000 -0.258819 -0.965926 0.000000 -0.500000 -0.866025 0.000000 -0.707107 -0.707107 0.000000 -0.866025 -0.500000 1.000000 -0.000000 0.000000 1.000000 -0.000000 0.000000 1.000000 -0.000000 0.000000 1.000000 -0.000000 0.000000 1.000000 -0.000000 0.000000 1.000000 -0.000000 0.000000 1.000000 -0.000000 0.000000 1.000000 -0.000000 0.000000 1.000000 -0.000000 0.000000 1.000000 -0.000000 0.000000 1.000000 -0.000000 0.000000 1.000000 -0.000000 0.000000 1.000000 -0.000000 0.000000 1.000000 -0.000000 0.000000 1.000000 -0.000000 0.000000 1.000000 -0.000000 0.000000 1.000000 -0.000000 0.000000 1.000000 -0.000000 0.000000 1.000000 -0.000000 0.000000 1.000000 -0.000000 0.000000 1.000000 -0.000000 0.000000 1.000000 -0.000000 0.000000 1.000000 -0.000000 0.000000 1.000000 -0.000000 0.000000 0.000000 -0.965926 0.258819 0.000000 -0.965926 0.258819 0.000000 -1.000000 0.000000 0.000000 -1.000000 0.000000 0.000000 -0.965926 -0.258819 0.000000 -0.965926 -0.258819 0.000000 -0.866025 -0.500000 0.000000 -0.866025 -0.500000 0.000000 -0.707107 -0.707107 0.000000 -0.707107 -0.707107 0.000000 -0.500000 -0.866025 0.000000 -0.500000 -0.866025 0.000000 -0.258819 -0.965926 0.000000 -0.258819 -0.965926 -0.000000 0.000000 -1.000000 -0.000000 0.000000 -1.000000 -0.000000 0.258819 -0.965926 -0.000000 0.258819 -0.965926 -0.000000 0.500000 -0.866025 -0.000000 0.500000 -0.866025 -0.000000 0.707107 -0.707107 -0.000000 0.707107 -0.707107 -0.000000 0.866025 -0.500000 -0.000000 0.866025 -0.500000 -0.000000 0.965926 -0.258819 -0.000000 0.965926 -0.258819 -0.000000 1.000000 -0.000000 -0.000000 1.000000 -0.000000 -0.000000 0.965926 0.258819 -0.000000 0.965926 0.258819 -0.000000 0.866025 0.500000 -0.000000 0.866025 0.500000 -0.000000 0.707107 0.707107 -0.000000 0.707107 0.707107 -0.000000 0.500000 0.866025 -0.000000 0.500000 0.866025 -0.000000 0.258819 0.965926 -0.000000 0.258819 0.965926 0.000000 -0.000000 1.000000 0.000000 -0.000000 1.000000 0.000000 -0.258819 0.965926 0.000000 -0.258819 0.965926 0.000000 -0.500000 0.866025 0.000000 -0.500000 0.866025 0.000000 -0.707107 0.707107 0.000000 -0.707107 0.707107 0.000000 -0.866025 0.500000 0.000000 -0.866025 0.500000 0.000000 -0.965926 -0.258819 0.000000 -1.000000 0.000000 0.000000 -0.965926 0.258819 0.000000 -0.866025 0.500000 0.000000 -0.707107 0.707107 0.000000 -0.500000 0.866025 0.000000 -0.258819 0.965926 0.000000 -0.000000 1.000000 -0.000000 0.258819 0.965926 -0.000000 0.500000 0.866025 -0.000000 0.707107 0.707107 -0.000000 0.866025 0.500000 -0.000000 0.965926 0.258819 -0.000000 1.000000 -0.000000 -0.000000 0.965926 -0.258819 -0.000000 0.866025 -0.500000 -0.000000 0.707107 -0.707107 -0.000000 0.500000 -0.866025 -0.000000 0.258819 -0.965926 -0.000000 0.000000 -1.000000 0.000000 -0.258819 -0.965926 0.000000 -0.500000 -0.866025 0.000000 -0.707107 -0.707107 0.000000 -0.866025 -0.500000 1.000000 -0.000000 0.000000 1.000000 -0.000000 0.000000 1.000000 -0.000000 0.000000 1.000000 -0.000000 0.000000 1.000000 -0.000000 0.000000 1.000000 -0.000000 0.000000 1.000000 -0.000000 0.000000 1.000000 -0.000000 0.000000 1.000000 -0.000000 0.000000 1.000000 -0.000000 0.000000 1.000000 -0.000000 0.000000 1.000000 -0.000000 0.000000 1.000000 -0.000000 0.000000 1.000000 -0.000000 0.000000 1.000000 -0.000000 0.000000 1.000000 -0.000000 0.000000 1.000000 -0.000000 0.000000 1.000000 -0.000000 0.000000 1.000000 -0.000000 0.000000 1.000000 -0.000000 0.000000 1.000000 -0.000000 0.000000 1.000000 -0.000000 0.000000 1.000000 -0.000000 0.000000 1.000000 -0.000000 0.000000 0.000000 -0.965926 0.258819 0.000000 -0.965926 0.258819 0.000000 -1.000000 0.000000 0.000000 -1.000000 0.000000 0.000000 -0.965926 -0.258819 0.000000 -0.965926 -0.258819 0.000000 -0.866025 -0.500000 0.000000 -0.866025 -0.500000 0.000000 -0.707107 -0.707107 0.000000 -0.707107 -0.707107 0.000000 -0.500000 -0.866025 0.000000 -0.500000 -0.866025 0.000000 -0.258819 -0.965926 0.000000 -0.258819 -0.965926 -0.000000 0.000000 -1.000000 -0.000000 0.000000 -1.000000 -0.000000 0.258819 -0.965926 -0.000000 0.258819 -0.965926 -0.000000 0.500000 -0.866025 -0.000000 0.500000 -0.866025 -0.000000 0.707107 -0.707107 -0.000000 0.707107 -0.707107 -0.000000 0.866025 -0.500000 -0.000000 0.866025 -0.500000 -0.000000 0.965926 -0.258819 -0.000000 0.965926 -0.258819 -0.000000 1.000000 -0.000000 -0.000000 1.000000 -0.000000 -0.000000 0.965926 0.258819 -0.000000 0.965926 0.258819 -0.000000 0.866025 0.500000 -0.000000 0.866025 0.500000 -0.000000 0.707107 0.707107 -0.000000 0.707107 0.707107 -0.000000 0.500000 0.866025 -0.000000 0.500000 0.866025 -0.000000 0.258819 0.965926 -0.000000 0.258819 0.965926 0.000000 -0.000000 1.000000 0.000000 -0.000000 1.000000 0.000000 -0.258819 0.965926 0.000000 -0.258819 0.965926 0.000000 -0.500000 0.866025 0.000000 -0.500000 0.866025 0.000000 -0.707107 0.707107 0.000000 -0.707107 0.707107 0.000000 -0.866025 0.500000 0.000000 -0.866025 0.500000 0.000000 -0.965926 -0.258819 0.000000 -1.000000 0.000000 0.000000 -0.965926 0.258819 0.000000 -0.866025 0.500000 0.000000 -0.707107 0.707107 0.000000 -0.500000 0.866025 0.000000 -0.258819 0.965926 0.000000 -0.000000 1.000000 -0.000000 0.258819 0.965926 -0.000000 0.500000 0.866025 -0.000000 0.707107 0.707107 -0.000000 0.866025 0.500000 -0.000000 0.965926 0.258819 -0.000000 1.000000 -0.000000 -0.000000 0.965926 -0.258819 -0.000000 0.866025 -0.500000 -0.000000 0.707107 -0.707107 -0.000000 0.500000 -0.866025 -0.000000 0.258819 -0.965926 -0.000000 0.000000 -1.000000 0.000000 -0.258819 -0.965926 0.000000 -0.500000 -0.866025 0.000000 -0.707107 -0.707107 0.000000 -0.866025 -0.500000 1.000000 -0.000000 0.000000 1.000000 -0.000000 0.000000 1.000000 -0.000000 0.000000 1.000000 -0.000000 0.000000 1.000000 -0.000000 0.000000 1.000000 -0.000000 0.000000 1.000000 -0.000000 0.000000 1.000000 -0.000000 0.000000 1.000000 -0.000000 0.000000 1.000000 -0.000000 0.000000 1.000000 -0.000000 0.000000 1.000000 -0.000000 0.000000 1.000000 -0.000000 0.000000 1.000000 -0.000000 0.000000 1.000000 -0.000000 0.000000 1.000000 -0.000000 0.000000 1.000000 -0.000000 0.000000 1.000000 -0.000000 0.000000 1.000000 -0.000000 0.000000 1.000000 -0.000000 0.000000 1.000000 -0.000000 0.000000 1.000000 -0.000000 0.000000 1.000000 -0.000000 0.000000 1.000000 -0.000000 0.000000 0.000000 -0.965926 0.258819 0.000000 -0.965926 0.258819 0.000000 -1.000000 0.000000 0.000000 -1.000000 0.000000 0.000000 -0.965926 -0.258819 0.000000 -0.965926 -0.258819 0.000000 -0.866025 -0.500000 0.000000 -0.866025 -0.500000 0.000000 -0.707107 -0.707107 0.000000 -0.707107 -0.707107 0.000000 -0.500000 -0.866025 0.000000 -0.500000 -0.866025 0.000000 -0.258819 -0.965926 0.000000 -0.258819 -0.965926 -0.000000 0.000000 -1.000000 -0.000000 0.000000 -1.000000 -0.000000 0.258819 -0.965926 -0.000000 0.258819 -0.965926 -0.000000 0.500000 -0.866025 -0.000000 0.500000 -0.866025 -0.000000 0.707107 -0.707107 -0.000000 0.707107 -0.707107 -0.000000 0.866025 -0.500000 -0.000000 0.866025 -0.500000 -0.000000 0.965926 -0.258819 -0.000000 0.965926 -0.258819 -0.000000 1.000000 -0.000000 -0.000000 1.000000 -0.000000 -0.000000 0.965926 0.258819 -0.000000 0.965926 0.258819 -0.000000 0.866025 0.500000 -0.000000 0.866025 0.500000 -0.000000 0.707107 0.707107 -0.000000 0.707107 0.707107 -0.000000 0.500000 0.866025 -0.000000 0.500000 0.866025 -0.000000 0.258819 0.965926 -0.000000 0.258819 0.965926 0.000000 -0.000000 1.000000 0.000000 -0.000000 1.000000 0.000000 -0.258819 0.965926 0.000000 -0.258819 0.965926 0.000000 -0.500000 0.866025 0.000000 -0.500000 0.866025 0.000000 -0.707107 0.707107 0.000000 -0.707107 0.707107 0.000000 -0.866025 0.500000 0.000000 -0.866025 0.500000 0.000000 -0.965926 -0.258819 0.000000 -1.000000 0.000000 0.000000 -0.965926 0.258819 0.000000 -0.866025 0.500000 0.000000 -0.707107 0.707107 0.000000 -0.500000 0.866025 0.000000 -0.258819 0.965926 0.000000 -0.000000 1.000000 -0.000000 0.258819 0.965926 -0.000000 0.500000 0.866025 -0.000000 0.707107 0.707107 -0.000000 0.866025 0.500000 -0.000000 0.965926 0.258819 -0.000000 1.000000 -0.000000 -0.000000 0.965926 -0.258819 -0.000000 0.866025 -0.500000 -0.000000 0.707107 -0.707107 -0.000000 0.500000 -0.866025 -0.000000 0.258819 -0.965926 -0.000000 0.000000 -1.000000 0.000000 -0.258819 -0.965926 0.000000 -0.500000 -0.866025 0.000000 -0.707107 -0.707107 0.000000 -0.866025 -0.500000 1.000000 -0.000000 0.000000 1.000000 -0.000000 0.000000 1.000000 -0.000000 0.000000 1.000000 -0.000000 0.000000 1.000000 -0.000000 0.000000 1.000000 -0.000000 0.000000 1.000000 -0.000000 0.000000 1.000000 -0.000000 0.000000 1.000000 -0.000000 0.000000 1.000000 -0.000000 0.000000 1.000000 -0.000000 0.000000 1.000000 -0.000000 0.000000 1.000000 -0.000000 0.000000 1.000000 -0.000000 0.000000 1.000000 -0.000000 0.000000 1.000000 -0.000000 0.000000 1.000000 -0.000000 0.000000 1.000000 -0.000000 0.000000 1.000000 -0.000000 0.000000 1.000000 -0.000000 0.000000 1.000000 -0.000000 0.000000 1.000000 -0.000000 0.000000 1.000000 -0.000000 0.000000 1.000000 -0.000000 0.000000 0.000000 -0.965926 0.258819 0.000000 -0.965926 0.258819 0.000000 -1.000000 0.000000 0.000000 -1.000000 0.000000 0.000000 -0.965926 -0.258819 0.000000 -0.965926 -0.258819 0.000000 -0.866025 -0.500000 0.000000 -0.866025 -0.500000 0.000000 -0.707107 -0.707107 0.000000 -0.707107 -0.707107 0.000000 -0.500000 -0.866025 0.000000 -0.500000 -0.866025 0.000000 -0.258819 -0.965926 0.000000 -0.258819 -0.965926 -0.000000 0.000000 -1.000000 -0.000000 0.000000 -1.000000 -0.000000 0.258819 -0.965926 -0.000000 0.258819 -0.965926 -0.000000 0.500000 -0.866025 -0.000000 0.500000 -0.866025 -0.000000 0.707107 -0.707107 -0.000000 0.707107 -0.707107 -0.000000 0.866025 -0.500000 -0.000000 0.866025 -0.500000 -0.000000 0.965926 -0.258819 -0.000000 0.965926 -0.258819 -0.000000 1.000000 -0.000000 -0.000000 1.000000 -0.000000 -0.000000 0.965926 0.258819 -0.000000 0.965926 0.258819 -0.000000 0.866025 0.500000 -0.000000 0.866025 0.500000 -0.000000 0.707107 0.707107 -0.000000 0.707107 0.707107 -0.000000 0.500000 0.866025 -0.000000 0.500000 0.866025 -0.000000 0.258819 0.965926 -0.000000 0.258819 0.965926 0.000000 -0.000000 1.000000 0.000000 -0.000000 1.000000 0.000000 -0.258819 0.965926 0.000000 -0.258819 0.965926 0.000000 -0.500000 0.866025 0.000000 -0.500000 0.866025 0.000000 -0.707107 0.707107 0.000000 -0.707107 0.707107 0.000000 -0.866025 0.500000 0.000000 -0.866025 0.500000 0.000000 -0.965926 -0.258819 0.000000 -1.000000 0.000000 0.000000 -0.965926 0.258819 0.000000 -0.866025 0.500000 0.000000 -0.707107 0.707107 0.000000 -0.500000 0.866025 0.000000 -0.258819 0.965926 0.000000 -0.000000 1.000000 -0.000000 0.258819 0.965926 -0.000000 0.500000 0.866025 -0.000000 0.707107 0.707107 -0.000000 0.866025 0.500000 -0.000000 0.965926 0.258819 -0.000000 1.000000 -0.000000 -0.000000 0.965926 -0.258819 -0.000000 0.866025 -0.500000 -0.000000 0.707107 -0.707107 -0.000000 0.500000 -0.866025 -0.000000 0.258819 -0.965926 -0.000000 0.000000 -1.000000 0.000000 -0.258819 -0.965926 0.000000 -0.500000 -0.866025 0.000000 -0.707107 -0.707107 0.000000 -0.866025 -0.500000 1.000000 -0.000000 0.000000 1.000000 -0.000000 0.000000 1.000000 -0.000000 0.000000 1.000000 -0.000000 0.000000 1.000000 -0.000000 0.000000 1.000000 -0.000000 0.000000 1.000000 -0.000000 0.000000 1.000000 -0.000000 0.000000 1.000000 -0.000000 0.000000 1.000000 -0.000000 0.000000 1.000000 -0.000000 0.000000 1.000000 -0.000000 0.000000 1.000000 -0.000000 0.000000 1.000000 -0.000000 0.000000 1.000000 -0.000000 0.000000 1.000000 -0.000000 0.000000 1.000000 -0.000000 0.000000 1.000000 -0.000000 0.000000 1.000000 -0.000000 0.000000 1.000000 -0.000000 0.000000 1.000000 -0.000000 0.000000 1.000000 -0.000000 0.000000 1.000000 -0.000000 0.000000 1.000000 -0.000000 0.000000 0.000000 -0.965926 0.258819 0.000000 -0.965926 0.258819 0.000000 -1.000000 0.000000 0.000000 -1.000000 0.000000 0.000000 -0.965926 -0.258819 0.000000 -0.965926 -0.258819 0.000000 -0.866025 -0.500000 0.000000 -0.866025 -0.500000 0.000000 -0.707107 -0.707107 0.000000 -0.707107 -0.707107 0.000000 -0.500000 -0.866025 0.000000 -0.500000 -0.866025 0.000000 -0.258819 -0.965926 0.000000 -0.258819 -0.965926 -0.000000 0.000000 -1.000000 -0.000000 0.000000 -1.000000 -0.000000 0.258819 -0.965926 -0.000000 0.258819 -0.965926 -0.000000 0.500000 -0.866025 -0.000000 0.500000 -0.866025 -0.000000 0.707107 -0.707107 -0.000000 0.707107 -0.707107 -0.000000 0.866025 -0.500000 -0.000000 0.866025 -0.500000 -0.000000 0.965926 -0.258819 -0.000000 0.965926 -0.258819 -0.000000 1.000000 -0.000000 -0.000000 1.000000 -0.000000 -0.000000 0.965926 0.258819 -0.000000 0.965926 0.258819 -0.000000 0.866025 0.500000 -0.000000 0.866025 0.500000 -0.000000 0.707107 0.707107 -0.000000 0.707107 0.707107 -0.000000 0.500000 0.866025 -0.000000 0.500000 0.866025 -0.000000 0.258819 0.965926 -0.000000 0.258819 0.965926 0.000000 -0.000000 1.000000 0.000000 -0.000000 1.000000 0.000000 -0.258819 0.965926 0.000000 -0.258819 0.965926 0.000000 -0.500000 0.866025 0.000000 -0.500000 0.866025 0.000000 -0.707107 0.707107 0.000000 -0.707107 0.707107 0.000000 -0.866025 0.500000 0.000000 -0.866025 0.500000 0.000000 -0.965926 -0.258819 0.000000 -1.000000 0.000000 0.000000 -0.965926 0.258819 0.000000 -0.866025 0.500000 0.000000 -0.707107 0.707107 0.000000 -0.500000 0.866025 0.000000 -0.258819 0.965926 0.000000 -0.000000 1.000000 -0.000000 0.258819 0.965926 -0.000000 0.500000 0.866025 -0.000000 0.707107 0.707107 -0.000000 0.866025 0.500000 -0.000000 0.965926 0.258819 -0.000000 1.000000 -0.000000 -0.000000 0.965926 -0.258819 -0.000000 0.866025 -0.500000 -0.000000 0.707107 -0.707107 -0.000000 0.500000 -0.866025 -0.000000 0.258819 -0.965926 -0.000000 0.000000 -1.000000 0.000000 -0.258819 -0.965926 0.000000 -0.500000 -0.866025 0.000000 -0.707107 -0.707107 0.000000 -0.866025 -0.500000 -0.000000 0.142315 -0.989821 -0.000000 0.142315 -0.989821 -0.000000 0.000000 -1.000000 -0.000000 0.000000 -1.000000 -0.000000 -0.142315 -0.989821 -0.000000 -0.142315 -0.989821 0.000000 -0.281733 -0.959493 0.000000 -0.281733 -0.959493 0.000000 -0.415415 -0.909632 0.000000 -0.415415 -0.909632 0.000000 -0.540641 -0.841254 0.000000 -0.540641 -0.841254 0.000000 -0.654861 -0.755750 0.000000 -0.654861 -0.755750 0.000000 -0.755750 -0.654861 0.000000 -0.755750 -0.654861 0.000000 -0.841254 -0.540641 0.000000 -0.841254 -0.540641 0.000000 -0.909632 -0.415415 0.000000 -0.909632 -0.415415 0.000000 -0.959493 -0.281733 0.000000 -0.959493 -0.281733 0.000000 -0.989821 -0.142315 0.000000 -0.989821 -0.142315 0.000000 -1.000000 0.000000 0.000000 -1.000000 0.000000 0.000000 -0.989821 0.142315 0.000000 -0.989821 0.142315 0.000000 -0.959493 0.281733 0.000000 -0.959493 0.281733 0.000000 -0.909632 0.415415 0.000000 -0.909632 0.415415 0.000000 -0.841254 0.540641 0.000000 -0.841254 0.540641 0.000000 -0.755750 0.654861 0.000000 -0.755750 0.654861 0.000000 -0.654861 0.755750 0.000000 -0.654861 0.755750 0.000000 -0.540641 0.841254 0.000000 -0.540641 0.841254 0.000000 -0.415415 0.909632 0.000000 -0.415415 0.909632 0.000000 -0.281733 0.959493 0.000000 -0.281733 0.959493 0.000000 -0.142315 0.989821 0.000000 -0.142315 0.989821 0.000000 -0.000000 1.000000 0.000000 -0.000000 1.000000 0.000000 0.142315 0.989821 0.000000 0.142315 0.989821 -0.000000 0.281733 0.959493 -0.000000 0.281733 0.959493 -0.000000 0.415415 0.909632 -0.000000 0.415415 0.909632 -0.000000 0.540641 0.841254 -0.000000 0.540641 0.841254 -0.000000 0.654861 0.755750 -0.000000 0.654861 0.755750 -0.000000 0.755750 0.654861 -0.000000 0.755750 0.654861 -0.000000 0.841254 0.540641 -0.000000 0.841254 0.540641 -0.000000 0.909632 0.415415 -0.000000 0.909632 0.415415 -0.000000 0.959493 0.281733 -0.000000 0.959493 0.281733 -0.000000 0.989821 0.142315 -0.000000 0.989821 0.142315 -0.000000 1.000000 -0.000000 -0.000000 1.000000 -0.000000 -0.000000 0.989821 -0.142315 -0.000000 0.989821 -0.142315 -0.000000 0.959493 -0.281733 -0.000000 0.959493 -0.281733 -0.000000 0.909632 -0.415415 -0.000000 0.909632 -0.415415 -0.000000 0.841254 -0.540641 -0.000000 0.841254 -0.540641 -0.000000 0.755750 -0.654861 -0.000000 0.755750 -0.654861 -0.000000 0.654861 -0.755750 -0.000000 0.654861 -0.755750 -0.000000 0.540641 -0.841254 -0.000000 0.540641 -0.841254 -0.000000 0.415415 -0.909632 -0.000000 0.415415 -0.909632 -0.000000 0.281733 -0.959493 -0.000000 0.281733 -0.959493 -0.000000 0.989821 -0.142315 -0.000000 0.989821 -0.142315 -0.000000 1.000000 -0.000000 -0.000000 1.000000 -0.000000 -0.000000 0.989821 0.142315 -0.000000 0.989821 0.142315 -0.000000 0.959493 0.281733 -0.000000 0.959493 0.281733 -0.000000 0.909632 0.415415 -0.000000 0.909632 0.415415 -0.000000 0.841254 0.540641 -0.000000 0.841254 0.540641 -0.000000 0.755750 0.654861 -0.000000 0.755750 0.654861 -0.000000 0.654861 0.755750 -0.000000 0.654861 0.755750 -0.000000 0.540641 0.841254 -0.000000 0.540641 0.841254 -0.000000 0.415415 0.909632 -0.000000 0.415415 0.909632 -0.000000 0.281733 0.959493 -0.000000 0.281733 0.959493 0.000000 0.142315 0.989821 0.000000 0.142315 0.989821 0.000000 -0.000000 1.000000 0.000000 -0.000000 1.000000 0.000000 -0.142315 0.989821 0.000000 -0.142315 0.989821 0.000000 -0.281733 0.959493 0.000000 -0.281733 0.959493 0.000000 -0.415415 0.909632 0.000000 -0.415415 0.909632 0.000000 -0.540641 0.841254 0.000000 -0.540641 0.841254 0.000000 -0.654861 0.755750 0.000000 -0.654861 0.755750 0.000000 -0.755750 0.654861 0.000000 -0.755750 0.654861 0.000000 -0.841254 0.540641 0.000000 -0.841254 0.540641 0.000000 -0.909632 0.415415 0.000000 -0.909632 0.415415 0.000000 -0.959493 0.281733 0.000000 -0.959493 0.281733 0.000000 -0.989821 0.142315 0.000000 -0.989821 0.142315 0.000000 -1.000000 0.000000 0.000000 -1.000000 0.000000 0.000000 -0.989821 -0.142315 0.000000 -0.989821 -0.142315 0.000000 -0.959493 -0.281733 0.000000 -0.959493 -0.281733 0.000000 -0.909632 -0.415415 0.000000 -0.909632 -0.415415 0.000000 -0.841254 -0.540641 0.000000 -0.841254 -0.540641 0.000000 -0.755750 -0.654861 0.000000 -0.755750 -0.654861 0.000000 -0.654861 -0.755750 0.000000 -0.654861 -0.755750 0.000000 -0.540641 -0.841254 0.000000 -0.540641 -0.841254 0.000000 -0.415415 -0.909632 0.000000 -0.415415 -0.909632 0.000000 -0.281733 -0.959493 0.000000 -0.281733 -0.959493 -0.000000 -0.142315 -0.989821 -0.000000 -0.142315 -0.989821 -0.000000 0.000000 -1.000000 -0.000000 0.000000 -1.000000 -0.000000 0.142315 -0.989821 -0.000000 0.142315 -0.989821 -0.000000 0.281733 -0.959493 -0.000000 0.281733 -0.959493 -0.000000 0.415415 -0.909632 -0.000000 0.415415 -0.909632 -0.000000 0.540641 -0.841254 -0.000000 0.540641 -0.841254 -0.000000 0.654861 -0.755750 -0.000000 0.654861 -0.755750 -0.000000 0.755750 -0.654861 -0.000000 0.755750 -0.654861 -0.000000 0.841254 -0.540641 -0.000000 0.841254 -0.540641 -0.000000 0.909632 -0.415415 -0.000000 0.909632 -0.415415 -0.000000 0.959493 -0.281733 -0.000000 0.959493 -0.281733 0.000000 -1.000000 0.000000 0.000000 -0.989821 0.142315 0.000000 -0.959493 0.281733 0.000000 -0.909632 0.415415 0.000000 -0.841254 0.540641 0.000000 -0.755750 0.654861 0.000000 -0.654861 0.755750 0.000000 -0.540641 0.841254 0.000000 -0.415415 0.909632 0.000000 -0.281733 0.959493 0.000000 -0.142315 0.989821 0.000000 -0.000000 1.000000 0.000000 0.142315 0.989821 -0.000000 0.281733 0.959493 -0.000000 0.415415 0.909632 -0.000000 0.540641 0.841254 -0.000000 0.654861 0.755750 -0.000000 0.755750 0.654861 -0.000000 0.841254 0.540641 -0.000000 0.909632 0.415415 -0.000000 0.959493 0.281733 -0.000000 0.989821 0.142315 -0.000000 1.000000 -0.000000 -0.000000 0.989821 -0.142315 -0.000000 0.959493 -0.281733 -0.000000 0.909632 -0.415415 -0.000000 0.841254 -0.540641 -0.000000 0.755750 -0.654861 -0.000000 0.654861 -0.755750 -0.000000 0.540641 -0.841254 -0.000000 0.415415 -0.909632 -0.000000 0.281733 -0.959493 -0.000000 0.142315 -0.989821 -0.000000 0.000000 -1.000000 -0.000000 -0.142315 -0.989821 0.000000 -0.281733 -0.959493 0.000000 -0.415415 -0.909632 0.000000 -0.540641 -0.841254 0.000000 -0.654861 -0.755750 0.000000 -0.755750 -0.654861 0.000000 -0.841254 -0.540641 0.000000 -0.909632 -0.415415 0.000000 -0.959493 -0.281733 0.000000 -0.989821 -0.142315 0.965926 0.014776 -0.258397 0.965926 -0.014776 -0.258397 0.965926 -0.044134 -0.255028 0.965926 -0.072918 -0.248335 0.965926 -0.100751 -0.238404 0.965926 -0.127270 -0.225366 0.965926 -0.152130 -0.209389 0.965926 -0.175007 -0.190683 0.866025 -0.293893 -0.404508 0.866025 -0.338087 -0.368371 0.707107 -0.415627 -0.572061 0.707107 -0.478128 -0.520955 0.500000 -0.509037 -0.700629 0.500000 -0.585585 -0.638037 0.258819 -0.567757 -0.781450 0.258819 -0.653135 -0.711637 0.965926 0.044134 -0.255028 0.965926 0.072918 -0.248335 0.965926 0.100751 -0.238404 0.965926 0.127270 -0.225366 0.965926 0.152130 -0.209389 0.965926 0.175007 -0.190683 0.866025 0.338087 -0.368371 0.866025 0.377875 -0.327430 0.707107 0.534396 -0.463056 0.707107 0.583697 -0.399122 0.500000 0.714880 -0.488822 0.500000 0.765941 -0.404146 0.258819 0.854297 -0.450766 0.258819 0.900112 -0.350445 0.258819 0.934192 -0.245556 0.258819 0.956094 -0.137466 0.258819 0.965532 -0.027583 0.500000 0.857211 -0.123248 0.500000 0.865672 -0.024730 0.707107 0.699909 -0.100632 0.707107 0.706818 -0.020192 0.866025 0.494911 -0.071157 0.866025 0.499796 -0.014278 0.965926 0.256185 -0.036834 0.965926 0.258713 -0.007391 0.965926 0.195602 -0.169490 0.866025 0.412736 -0.282222 0.707107 0.625389 -0.329984 0.500000 0.807018 -0.314201 0.965926 0.213648 -0.146089 0.866025 0.442216 -0.233334 0.707107 0.658927 -0.256544 0.500000 0.837574 -0.220160 0.965926 0.228908 -0.120782 0.866025 0.465932 -0.181404 0.707107 0.683876 -0.179760 0.965926 0.241184 -0.093902 0.866025 0.483573 -0.127109 0.965926 0.250316 -0.065797 0.965926 0.257870 0.022148 0.965926 0.253664 0.051399 0.965926 0.246152 0.079979 0.965926 0.235430 0.107517 0.866025 0.454816 0.207708 0.866025 0.428175 0.258199 0.707107 0.605530 0.365148 0.707107 0.559959 0.431793 0.500000 0.685807 0.528837 0.500000 0.621054 0.603566 0.258819 0.692696 0.673190 0.258819 0.611443 0.747763 0.258819 0.522219 0.812589 0.258819 0.426187 0.866820 0.500000 0.468209 0.728547 0.500000 0.382109 0.777170 0.707107 0.382291 0.594856 0.707107 0.311990 0.634557 0.866025 0.270320 0.420627 0.866025 0.220611 0.448699 0.965926 0.139928 0.217732 0.965926 0.114196 0.232264 0.965926 0.221639 0.133653 0.866025 0.395951 0.305324 0.707107 0.507089 0.492809 0.500000 0.548205 0.670426 0.965926 0.204959 0.158047 0.866025 0.358566 0.348469 0.707107 0.447607 0.547401 0.965926 0.185607 0.180381 0.866025 0.316506 0.387071 0.965926 0.163836 0.200363 0.965926 0.086976 0.243767 0.965926 0.058622 0.252093 0.965926 0.029503 0.257132 0.965926 -0.000000 0.258819 0.965926 -0.029503 0.257132 0.866025 -0.056996 0.496741 0.866025 -0.113248 0.487006 0.707107 -0.160157 0.688730 0.707107 -0.237623 0.665985 0.500000 -0.291027 0.815661 0.500000 -0.382109 0.777170 0.258819 -0.426187 0.866820 0.258819 -0.522219 0.812589 0.258819 -0.611443 0.747763 0.258819 -0.692696 0.673190 0.258819 -0.764919 0.589841 0.258819 -0.827170 0.498802 0.258819 -0.878637 0.401260 0.258819 -0.918650 0.298487 0.500000 -0.787764 0.359760 0.500000 -0.823639 0.267617 0.707107 -0.643207 0.293743 0.707107 -0.672499 0.218508 0.866025 -0.454816 0.207708 0.866025 -0.475528 0.154508 0.965926 -0.235430 0.107517 0.965926 -0.246152 0.079979 0.965926 -0.253664 0.051399 0.965926 -0.257870 0.022148 0.965926 -0.258713 -0.007391 0.965926 -0.256185 -0.036834 0.965926 -0.250316 -0.065797 0.965926 -0.241184 -0.093902 0.965926 -0.228908 -0.120782 0.965926 -0.213648 -0.146089 0.965926 -0.195602 -0.169490 0.965926 -0.058622 0.252093 0.866025 -0.168025 0.470922 0.707107 -0.311990 0.634557 0.500000 -0.468209 0.728547 0.965926 -0.086976 0.243767 0.866025 -0.220611 0.448699 0.707107 -0.382291 0.594856 0.500000 -0.548205 0.670426 0.965926 -0.114196 0.232264 0.866025 -0.270320 0.420627 0.707107 -0.447607 0.547401 0.500000 -0.621054 0.603566 0.965926 -0.139928 0.217732 0.866025 -0.316506 0.387071 0.707107 -0.507089 0.492809 0.500000 -0.685807 0.528837 0.965926 -0.163836 0.200363 0.866025 -0.358566 0.348469 0.707107 -0.559959 0.431793 0.500000 -0.741620 0.447213 0.965926 -0.185607 0.180381 0.866025 -0.395951 0.305324 0.707107 -0.605530 0.365148 0.965926 -0.204959 0.158047 0.866025 -0.428175 0.258199 0.965926 -0.221639 0.133653 0.258819 -0.055144 -0.964351 0.258819 0.055144 -0.964351 0.258819 0.164712 -0.951779 0.258819 0.272133 -0.926799 0.258819 0.376006 -0.889737 0.500000 0.243988 -0.830945 0.500000 0.337118 -0.797716 0.707107 0.199215 -0.678464 0.707107 0.275256 -0.651333 0.866025 0.140866 -0.479746 0.866025 0.194635 -0.460562 0.258819 -0.164712 -0.951779 0.258819 -0.272133 -0.926799 0.258819 -0.376006 -0.889737 0.500000 -0.337118 -0.797716 0.500000 -0.425853 -0.754088 0.707107 -0.347708 -0.615710 0.258819 -0.474978 -0.841076 0.258819 -0.797345 -0.545210 0.258819 -0.729998 -0.632547 0.500000 -0.654498 -0.567126 0.707107 -0.534396 -0.463056 0.866025 -0.377875 -0.327430 0.258819 -0.854297 -0.450766 0.258819 -0.900112 -0.350445 0.258819 -0.934192 -0.245556 0.258819 -0.956094 -0.137466 0.258819 -0.965532 -0.027583 0.500000 -0.865672 -0.024730 0.500000 -0.862849 0.074110 0.707107 -0.704513 0.060511 0.707107 -0.693023 0.140425 0.866025 -0.490041 0.099295 0.258819 -0.962383 0.082659 0.500000 -0.848776 0.171984 0.258819 -0.946687 0.191824 0.258819 -0.324599 0.909752 0.500000 -0.196152 0.843519 0.707107 -0.080604 0.702498 0.866025 -0.000000 0.500000 0.258819 -0.218779 0.940823 0.500000 -0.098719 0.860380 0.707107 -0.000000 0.707107 0.866025 0.056996 0.496741 0.258819 -0.110107 0.959630 0.500000 -0.000000 0.866025 0.707107 0.080604 0.702498 0.866025 0.113248 0.487006 0.258819 -0.000000 0.965926 0.500000 0.098719 0.860380 0.707107 0.160157 0.688730 0.866025 0.168025 0.470922 0.258819 0.110107 0.959630 0.258819 0.218779 0.940823 0.258819 0.324599 0.909752 0.258819 0.764919 0.589841 0.500000 0.741620 0.447213 0.707107 0.643207 0.293743 0.866025 0.475528 0.154508 0.258819 0.827170 0.498802 0.500000 0.787764 0.359760 0.707107 0.672499 0.218508 0.866025 0.490041 0.099295 0.258819 0.878637 0.401260 0.500000 0.823639 0.267617 0.707107 0.693023 0.140425 0.866025 0.498166 0.042788 0.258819 0.918650 0.298487 0.258819 0.946687 0.191824 0.258819 0.962383 0.082659 0.258819 0.797345 -0.545210 0.500000 0.654498 -0.567126 0.707107 0.478128 -0.520955 0.866025 0.293893 -0.404508 0.258819 0.729998 -0.632547 0.500000 0.585585 -0.638037 0.707107 0.415627 -0.572061 0.866025 0.245866 -0.435373 0.258819 0.653135 -0.711637 0.258819 0.567757 -0.781450 0.258819 0.474978 -0.841076 0.866025 0.028544 -0.499185 0.866025 -0.028544 -0.499185 0.866025 -0.085261 -0.492677 0.866025 -0.140866 -0.479746 0.866025 -0.194635 -0.460562 0.866025 -0.245866 -0.435373 0.707107 0.040368 -0.705954 0.707107 -0.040368 -0.705954 0.707107 -0.120577 -0.696750 0.707107 -0.199215 -0.678464 0.707107 -0.275256 -0.651333 0.866025 0.085261 -0.492677 0.500000 0.049440 -0.864613 0.500000 -0.049440 -0.864613 0.500000 -0.147677 -0.853341 0.500000 -0.243988 -0.830945 0.707107 0.120577 -0.696750 0.500000 0.147677 -0.853341 0.707107 0.347708 -0.615710 0.500000 0.425853 -0.754088 0.500000 0.509037 -0.700629 0.707107 0.704513 0.060511 0.500000 0.862849 0.074110 0.500000 0.848776 0.171984 0.707107 0.237623 0.665985 0.500000 0.291027 0.815661 0.500000 0.196152 0.843519 0.866025 -0.498166 0.042788 0.707107 -0.706818 -0.020192 0.500000 -0.857211 -0.123248 0.866025 -0.499796 -0.014278 0.707107 -0.699909 -0.100632 0.500000 -0.837574 -0.220160 0.866025 -0.494911 -0.071157 0.707107 -0.683876 -0.179760 0.500000 -0.807018 -0.314201 0.866025 -0.483573 -0.127109 0.707107 -0.658927 -0.256544 0.500000 -0.765941 -0.404146 0.866025 -0.465932 -0.181404 0.707107 -0.625389 -0.329984 0.500000 -0.714880 -0.488822 0.866025 -0.442216 -0.233334 0.707107 -0.583697 -0.399122 0.866025 -0.412736 -0.282222 -0.258819 0.962383 0.082659 -0.258819 0.965532 -0.027583 -0.258819 0.956094 -0.137466 -0.258819 0.934192 -0.245556 -0.500000 0.857211 -0.123248 -0.500000 0.837574 -0.220160 -0.707107 0.699909 -0.100632 -0.707107 0.683876 -0.179760 -0.866025 0.494911 -0.071157 -0.866025 0.483573 -0.127109 -0.965926 0.256185 -0.036834 -0.965926 0.250316 -0.065797 -0.258819 0.946687 0.191824 -0.258819 0.918650 0.298487 -0.258819 0.878637 0.401260 -0.258819 0.827170 0.498802 -0.500000 0.741620 0.447213 -0.500000 0.685807 0.528837 -0.707107 0.559959 0.431793 -0.707107 0.507089 0.492809 -0.866025 0.358566 0.348469 -0.866025 0.316506 0.387071 -0.965926 0.163836 0.200363 -0.965926 0.139928 0.217732 -0.965926 0.114196 0.232264 -0.965926 0.086976 0.243767 -0.965926 0.058622 0.252093 -0.965926 0.029503 0.257132 -0.965926 -0.000000 0.258819 -0.965926 -0.029503 0.257132 -0.965926 -0.058622 0.252093 -0.965926 -0.086976 0.243767 -0.965926 -0.114196 0.232264 -0.965926 -0.139928 0.217732 -0.965926 -0.163836 0.200363 -0.866025 -0.270320 0.420627 -0.866025 -0.316506 0.387071 -0.707107 -0.382291 0.594856 -0.707107 -0.447607 0.547401 -0.500000 -0.468209 0.728547 -0.500000 -0.548205 0.670426 -0.258819 -0.522219 0.812589 -0.258819 -0.611443 0.747763 -0.258819 0.764919 0.589841 -0.500000 0.621054 0.603566 -0.707107 0.447607 0.547401 -0.866025 0.270320 0.420627 -0.258819 0.692696 0.673190 -0.500000 0.548205 0.670426 -0.707107 0.382291 0.594856 -0.866025 0.220611 0.448699 -0.258819 0.611443 0.747763 -0.500000 0.468209 0.728547 -0.707107 0.311990 0.634557 -0.866025 0.168025 0.470922 -0.258819 0.522219 0.812589 -0.500000 0.382109 0.777170 -0.707107 0.237623 0.665985 -0.866025 0.113248 0.487006 -0.258819 0.426187 0.866820 -0.258819 0.324599 0.909752 -0.258819 0.218779 0.940823 -0.258819 0.110107 0.959630 -0.258819 -0.000000 0.965926 -0.258819 -0.110107 0.959630 -0.500000 -0.098719 0.860380 -0.500000 -0.196152 0.843519 -0.707107 -0.160157 0.688730 -0.707107 -0.237623 0.665985 -0.866025 -0.168025 0.470922 -0.866025 -0.220611 0.448699 -0.258819 -0.218779 0.940823 -0.500000 -0.291027 0.815661 -0.707107 -0.311990 0.634557 -0.258819 -0.324599 0.909752 -0.500000 -0.382109 0.777170 -0.258819 -0.426187 0.866820 -0.258819 -0.692696 0.673190 -0.258819 -0.764919 0.589841 -0.258819 -0.827170 0.498802 -0.258819 -0.878637 0.401260 -0.258819 -0.918650 0.298487 -0.500000 -0.823639 0.267617 -0.500000 -0.848776 0.171984 -0.707107 -0.693023 0.140425 -0.707107 -0.704513 0.060511 -0.866025 -0.498166 0.042788 -0.866025 -0.499796 -0.014278 -0.965926 -0.258713 -0.007391 -0.965926 -0.256185 -0.036834 -0.965926 -0.250316 -0.065797 -0.965926 -0.241184 -0.093902 -0.866025 -0.483573 -0.127109 -0.866025 -0.465932 -0.181404 -0.707107 -0.683876 -0.179760 -0.707107 -0.658927 -0.256544 -0.500000 -0.837574 -0.220160 -0.500000 -0.807018 -0.314201 -0.258819 -0.934192 -0.245556 -0.258819 -0.900112 -0.350445 -0.258819 -0.946687 0.191824 -0.500000 -0.862849 0.074110 -0.707107 -0.706818 -0.020192 -0.866025 -0.494911 -0.071157 -0.258819 -0.962383 0.082659 -0.500000 -0.865672 -0.024730 -0.707107 -0.699909 -0.100632 -0.258819 -0.965532 -0.027583 -0.500000 -0.857211 -0.123248 -0.258819 -0.956094 -0.137466 -0.258819 -0.854297 -0.450766 -0.258819 -0.797345 -0.545210 -0.258819 -0.729998 -0.632547 -0.258819 -0.653135 -0.711637 -0.500000 -0.585585 -0.638037 -0.500000 -0.509037 -0.700629 -0.707107 -0.415627 -0.572061 -0.707107 -0.347708 -0.615710 -0.866025 -0.245866 -0.435373 -0.866025 -0.194635 -0.460562 -0.965926 -0.100751 -0.238404 -0.965926 -0.072918 -0.248335 -0.965926 -0.044134 -0.255028 -0.965926 -0.014776 -0.258397 -0.965926 0.014776 -0.258397 -0.866025 -0.028544 -0.499185 -0.866025 0.028544 -0.499185 -0.707107 -0.040368 -0.705954 -0.707107 0.040368 -0.705954 -0.500000 -0.049440 -0.864613 -0.500000 0.049440 -0.864613 -0.258819 -0.055144 -0.964351 -0.258819 0.055144 -0.964351 -0.258819 -0.567757 -0.781450 -0.500000 -0.425853 -0.754088 -0.707107 -0.275256 -0.651333 -0.866025 -0.140866 -0.479746 -0.258819 -0.474978 -0.841076 -0.500000 -0.337118 -0.797716 -0.707107 -0.199215 -0.678464 -0.866025 -0.085261 -0.492677 -0.258819 -0.376006 -0.889737 -0.500000 -0.243988 -0.830945 -0.707107 -0.120577 -0.696750 -0.258819 -0.272133 -0.926799 -0.500000 -0.147677 -0.853341 -0.258819 -0.164712 -0.951779 -0.258819 0.164712 -0.951779 -0.258819 0.272133 -0.926799 -0.258819 0.376006 -0.889737 -0.500000 0.337118 -0.797716 -0.500000 0.425853 -0.754088 -0.707107 0.347708 -0.615710 -0.707107 0.415627 -0.572061 -0.866025 0.293893 -0.404508 -0.866025 0.338087 -0.368371 -0.965926 0.175007 -0.190683 -0.965926 0.195602 -0.169490 -0.965926 0.213648 -0.146089 -0.965926 0.228908 -0.120782 -0.965926 0.241184 -0.093902 -0.866025 0.465932 -0.181404 -0.707107 0.658927 -0.256544 -0.500000 0.807018 -0.314201 -0.258819 0.900112 -0.350445 -0.258819 0.474978 -0.841076 -0.500000 0.509037 -0.700629 -0.707107 0.478128 -0.520955 -0.866025 0.377875 -0.327430 -0.258819 0.567757 -0.781450 -0.500000 0.585585 -0.638037 -0.707107 0.534396 -0.463056 -0.866025 0.412736 -0.282222 -0.258819 0.653135 -0.711637 -0.500000 0.654498 -0.567126 -0.707107 0.583697 -0.399122 -0.866025 0.442216 -0.233334 -0.258819 0.729998 -0.632547 -0.500000 0.714880 -0.488822 -0.707107 0.625389 -0.329984 -0.258819 0.797345 -0.545210 -0.258819 0.854297 -0.450766 -0.965926 0.258713 -0.007391 -0.965926 0.257870 0.022148 -0.965926 0.253664 0.051399 -0.965926 0.246152 0.079979 -0.965926 0.235430 0.107517 -0.965926 0.221639 0.133653 -0.965926 0.204959 0.158047 -0.965926 0.185607 0.180381 -0.965926 0.152130 -0.209389 -0.866025 0.245866 -0.435373 -0.707107 0.275256 -0.651333 -0.500000 0.243988 -0.830945 -0.965926 0.127270 -0.225366 -0.866025 0.194635 -0.460562 -0.707107 0.199215 -0.678464 -0.500000 0.147677 -0.853341 -0.965926 0.100751 -0.238404 -0.866025 0.140866 -0.479746 -0.707107 0.120577 -0.696750 -0.965926 0.072918 -0.248335 -0.866025 0.085261 -0.492677 -0.965926 0.044134 -0.255028 -0.965926 -0.127270 -0.225366 -0.866025 -0.293893 -0.404508 -0.707107 -0.478128 -0.520955 -0.500000 -0.654498 -0.567126 -0.965926 -0.152130 -0.209389 -0.866025 -0.338087 -0.368371 -0.707107 -0.534396 -0.463056 -0.500000 -0.714880 -0.488822 -0.965926 -0.175007 -0.190683 -0.866025 -0.377875 -0.327430 -0.707107 -0.583697 -0.399122 -0.500000 -0.765941 -0.404146 -0.965926 -0.195602 -0.169490 -0.866025 -0.412736 -0.282222 -0.707107 -0.625389 -0.329984 -0.965926 -0.213648 -0.146089 -0.866025 -0.442216 -0.233334 -0.965926 -0.228908 -0.120782 -0.965926 -0.257870 0.022148 -0.866025 -0.490041 0.099295 -0.707107 -0.672499 0.218508 -0.500000 -0.787764 0.359760 -0.965926 -0.253664 0.051399 -0.866025 -0.475528 0.154508 -0.707107 -0.643207 0.293743 -0.500000 -0.741620 0.447213 -0.965926 -0.246152 0.079979 -0.866025 -0.454816 0.207708 -0.707107 -0.605530 0.365148 -0.500000 -0.685807 0.528837 -0.965926 -0.235430 0.107517 -0.866025 -0.428175 0.258199 -0.707107 -0.559959 0.431793 -0.500000 -0.621054 0.603566 -0.965926 -0.221639 0.133653 -0.866025 -0.395951 0.305324 -0.707107 -0.507089 0.492809 -0.965926 -0.204959 0.158047 -0.866025 -0.358566 0.348469 -0.965926 -0.185607 0.180381 -0.500000 -0.000000 0.866025 -0.500000 0.098719 0.860380 -0.500000 0.196152 0.843519 -0.500000 0.291027 0.815661 -0.707107 -0.000000 0.707107 -0.707107 0.080604 0.702498 -0.707107 0.160157 0.688730 -0.707107 -0.080604 0.702498 -0.866025 -0.056996 0.496741 -0.866025 -0.000000 0.500000 -0.866025 0.056996 0.496741 -0.500000 0.862849 0.074110 -0.500000 0.865672 -0.024730 -0.707107 0.704513 0.060511 -0.707107 0.706818 -0.020192 -0.500000 0.848776 0.171984 -0.500000 0.823639 0.267617 -0.500000 0.787764 0.359760 -0.866025 0.498166 0.042788 -0.866025 0.499796 -0.014278 -0.707107 0.693023 0.140425 -0.707107 0.672499 0.218508 -0.707107 0.643207 0.293743 -0.707107 0.605530 0.365148 -0.866025 0.490041 0.099295 -0.866025 0.475528 0.154508 -0.866025 0.454816 0.207708 -0.866025 0.428175 0.258199 -0.866025 0.395951 0.305324 -0.866025 -0.113248 0.487006 -0.500000 0.765941 -0.404146 -1.000000 0.000000 -0.000000 -1.000000 0.000000 -0.000000 -1.000000 0.000000 -0.000000 -1.000000 0.000000 -0.000000 -1.000000 0.000000 -0.000000 -1.000000 0.000000 -0.000000 -1.000000 0.000000 -0.000000 -1.000000 0.000000 -0.000000 -1.000000 0.000000 -0.000000 -1.000000 0.000000 -0.000000 -1.000000 0.000000 -0.000000 -1.000000 0.000000 -0.000000 -1.000000 0.000000 -0.000000 -1.000000 0.000000 -0.000000 -1.000000 0.000000 -0.000000 -1.000000 0.000000 -0.000000 -1.000000 0.000000 -0.000000 -1.000000 0.000000 -0.000000 -1.000000 0.000000 -0.000000 -1.000000 0.000000 -0.000000 -1.000000 0.000000 -0.000000 -1.000000 0.000000 -0.000000 -1.000000 0.000000 -0.000000 -1.000000 0.000000 -0.000000 -1.000000 0.000000 -0.000000 -1.000000 0.000000 -0.000000 -1.000000 0.000000 -0.000000 -1.000000 0.000000 -0.000000 0.000000 -0.000000 1.000000 0.000000 -0.000000 1.000000 0.000000 -0.000000 1.000000 0.000000 -0.000000 1.000000 -0.000000 0.258819 0.965926 -0.000000 0.258819 0.965926 -0.000000 0.500000 0.866025 -0.000000 0.500000 0.866025 -0.000000 0.707107 0.707107 -0.000000 0.707107 0.707107 -0.000000 0.866025 0.500000 -0.000000 0.866025 0.500000 -0.000000 0.965926 0.258819 -0.000000 0.965926 0.258819 -0.000000 1.000000 -0.000000 -0.000000 1.000000 -0.000000 -0.000000 1.000000 -0.000000 -0.000000 1.000000 -0.000000 -0.000000 0.965926 -0.258819 -0.000000 0.965926 -0.258819 -0.000000 0.866025 -0.500000 -0.000000 0.866025 -0.500000 -0.000000 0.707107 -0.707107 -0.000000 0.707107 -0.707107 -0.000000 0.500000 -0.866025 -0.000000 0.500000 -0.866025 -0.000000 0.258819 -0.965926 -0.000000 0.258819 -0.965926 -0.000000 0.000000 -1.000000 -0.000000 0.000000 -1.000000 -0.000000 0.000000 -1.000000 -0.000000 0.000000 -1.000000 0.000000 -0.258819 -0.965926 0.000000 -0.258819 -0.965926 0.000000 -0.500000 -0.866025 0.000000 -0.500000 -0.866025 0.000000 -0.707107 -0.707107 0.000000 -0.707107 -0.707107 0.000000 -0.866025 -0.500000 0.000000 -0.866025 -0.500000 0.000000 -0.965926 -0.258819 0.000000 -0.965926 -0.258819 0.000000 -1.000000 0.000000 0.000000 -1.000000 0.000000 0.000000 -1.000000 0.000000 0.000000 -1.000000 0.000000 0.000000 -0.965926 0.258819 0.000000 -0.965926 0.258819 0.000000 -0.866025 0.500000 0.000000 -0.866025 0.500000 0.000000 -0.707107 0.707107 0.000000 -0.707107 0.707107 0.000000 -0.500000 0.866025 0.000000 -0.500000 0.866025 0.000000 -0.258819 0.965926 0.000000 -0.258819 0.965926 -1.000000 0.000000 -0.000000 -1.000000 0.000000 -0.000000 -1.000000 0.000000 -0.000000 -1.000000 0.000000 -0.000000 -1.000000 0.000000 -0.000000 -1.000000 0.000000 -0.000000 -1.000000 0.000000 -0.000000 -1.000000 0.000000 -0.000000 -1.000000 0.000000 -0.000000 -1.000000 0.000000 -0.000000 -1.000000 0.000000 -0.000000 -1.000000 0.000000 -0.000000 -1.000000 0.000000 -0.000000 -1.000000 0.000000 -0.000000 -1.000000 0.000000 -0.000000 -1.000000 0.000000 -0.000000 -1.000000 0.000000 -0.000000 -1.000000 0.000000 -0.000000 -1.000000 0.000000 -0.000000 -1.000000 0.000000 -0.000000 -1.000000 0.000000 -0.000000 -1.000000 0.000000 -0.000000 -1.000000 0.000000 -0.000000 -1.000000 0.000000 -0.000000 -1.000000 0.000000 -0.000000 -1.000000 0.000000 -0.000000 -1.000000 0.000000 -0.000000 -1.000000 0.000000 -0.000000 -0.000000 0.866025 -0.500000 -0.000000 0.866025 -0.500000 -0.000000 0.866025 -0.500000 -0.000000 0.866025 -0.500000 -0.000000 0.707107 -0.707107 -0.000000 0.707107 -0.707107 -0.000000 0.500000 -0.866025 -0.000000 0.500000 -0.866025 -0.000000 0.258819 -0.965926 -0.000000 0.258819 -0.965926 -0.000000 0.000000 -1.000000 -0.000000 0.000000 -1.000000 0.000000 -0.258819 -0.965926 0.000000 -0.258819 -0.965926 0.000000 -0.500000 -0.866025 0.000000 -0.500000 -0.866025 0.000000 -0.500000 -0.866025 0.000000 -0.500000 -0.866025 0.000000 -0.707107 -0.707107 0.000000 -0.707107 -0.707107 0.000000 -0.866025 -0.500000 0.000000 -0.866025 -0.500000 0.000000 -0.965926 -0.258819 0.000000 -0.965926 -0.258819 0.000000 -1.000000 0.000000 0.000000 -1.000000 0.000000 0.000000 -0.965926 0.258819 0.000000 -0.965926 0.258819 0.000000 -0.866025 0.500000 0.000000 -0.866025 0.500000 0.000000 -0.866025 0.500000 0.000000 -0.866025 0.500000 0.000000 -0.707107 0.707107 0.000000 -0.707107 0.707107 0.000000 -0.500000 0.866025 0.000000 -0.500000 0.866025 0.000000 -0.258819 0.965926 0.000000 -0.258819 0.965926 0.000000 -0.000000 1.000000 0.000000 -0.000000 1.000000 -0.000000 0.258819 0.965926 -0.000000 0.258819 0.965926 -0.000000 0.500000 0.866025 -0.000000 0.500000 0.866025 -0.000000 0.500000 0.866025 -0.000000 0.500000 0.866025 -0.000000 0.707107 0.707107 -0.000000 0.707107 0.707107 -0.000000 0.866025 0.500000 -0.000000 0.866025 0.500000 -0.000000 0.965926 0.258819 -0.000000 0.965926 0.258819 -0.000000 1.000000 -0.000000 -0.000000 1.000000 -0.000000 -0.000000 0.965926 -0.258819 -0.000000 0.965926 -0.258819 0.707107 0.052222 0.705176 0.707107 0.051615 0.705220 0.707107 -0.000000 0.707107 0.707107 -0.000000 0.707107 0.707107 -0.051615 0.705220 0.707107 0.102956 0.699571 0.707107 0.104158 0.699393 0.707107 0.153746 0.690190 0.707107 0.155526 0.689791 0.707107 0.203717 0.677126 0.707107 0.206044 0.676421 0.707107 0.252600 0.660449 0.707107 0.255436 0.659357 0.707107 0.300136 0.640249 0.707107 0.303434 0.638692 0.707107 0.346071 0.616632 0.707107 0.349775 0.614539 0.707107 0.390159 0.589726 0.707107 0.394205 0.587029 0.707107 0.432165 0.559673 0.707107 0.436482 0.556313 0.707107 0.471866 0.526633 0.707107 0.476375 0.522558 0.707107 0.509049 0.490785 0.707107 0.513666 0.485950 0.707107 0.543516 0.452317 0.707107 0.548152 0.446687 0.707107 0.575083 0.411436 0.707107 0.579644 0.404985 0.707107 0.603581 0.368360 0.707107 0.607970 0.361071 0.707107 0.628860 0.323319 0.707107 0.632976 0.315185 0.707107 0.650783 0.276553 0.707107 0.654525 0.267577 0.707107 0.669234 0.228311 0.707107 0.672499 0.218508 0.707107 0.684114 0.178851 0.707107 0.686799 0.168246 0.707107 0.695345 0.128437 0.707107 0.697349 0.117064 0.707107 0.702865 0.077337 0.707107 0.704090 0.065244 0.707107 0.706635 0.025825 0.707107 0.706986 0.013067 0.707107 0.706635 -0.025825 0.707107 0.706020 -0.039182 0.707107 0.702865 -0.077337 0.707107 0.701199 -0.091216 0.707107 0.695345 -0.128437 0.707107 0.692547 -0.142752 0.707107 0.684114 -0.178851 0.707107 0.680113 -0.193509 0.707107 0.669234 -0.228311 0.707107 0.663965 -0.243209 0.707107 0.650783 -0.276553 0.707107 0.644190 -0.291580 0.707107 0.628860 -0.323319 0.707107 0.620897 -0.338359 0.707107 0.603581 -0.368360 0.707107 0.594213 -0.383290 0.707107 0.575083 -0.411436 0.707107 0.564283 -0.426127 0.707107 0.543516 -0.452317 0.707107 0.531272 -0.466637 0.707107 0.509049 -0.490785 0.707107 0.495359 -0.504599 0.707107 0.471866 -0.526633 0.707107 0.456740 -0.539804 0.707107 0.432165 -0.559673 0.707107 0.415627 -0.572061 0.707107 0.390159 -0.589726 0.707107 0.372244 -0.601194 0.707107 0.346071 -0.616632 0.707107 0.326828 -0.627044 0.707107 0.300136 -0.640249 0.707107 0.279626 -0.649468 0.707107 0.252600 -0.660449 0.707107 0.230898 -0.668346 0.707107 0.203717 -0.677126 0.707107 0.180908 -0.683573 0.707107 0.153746 -0.690190 0.707107 0.129931 -0.695067 0.707107 0.102956 -0.699571 0.707107 0.078243 -0.702765 0.707107 0.051615 -0.705220 0.707107 0.026129 -0.706624 0.707107 0.000000 -0.707107 0.707107 -0.026129 -0.706624 0.707107 -0.051615 -0.705220 0.707107 -0.078243 -0.702765 0.707107 -0.102956 -0.699571 0.707107 -0.129931 -0.695067 0.707107 -0.153746 -0.690190 0.707107 -0.180908 -0.683573 0.707107 -0.203717 -0.677126 0.707107 -0.230898 -0.668346 0.707107 -0.252600 -0.660449 0.707107 -0.279626 -0.649468 0.707107 -0.300136 -0.640249 0.707107 -0.326828 -0.627044 0.707107 -0.346071 -0.616632 0.707107 -0.372244 -0.601194 0.707107 -0.390159 -0.589726 0.707107 -0.415627 -0.572061 0.707107 -0.432165 -0.559673 0.707107 -0.456740 -0.539804 0.707107 -0.471866 -0.526633 0.707107 -0.495359 -0.504599 0.707107 -0.509049 -0.490785 0.707107 -0.531272 -0.466637 0.707107 -0.543516 -0.452317 0.707107 -0.564283 -0.426127 0.707107 -0.575083 -0.411436 0.707107 -0.594213 -0.383290 0.707107 -0.603581 -0.368360 0.707107 -0.620897 -0.338359 0.707107 -0.628860 -0.323319 0.707107 -0.644190 -0.291580 0.707107 -0.650783 -0.276553 0.707107 -0.663965 -0.243209 0.707107 -0.669234 -0.228311 0.707107 -0.680113 -0.193509 0.707107 -0.684114 -0.178851 0.707107 -0.692547 -0.142752 0.707107 -0.695345 -0.128437 0.707107 -0.701199 -0.091216 0.707107 -0.702865 -0.077337 0.707107 -0.706020 -0.039182 0.707107 -0.706635 -0.025825 0.707107 -0.706986 0.013067 0.707107 -0.706635 0.025825 0.707107 -0.704090 0.065244 0.707107 -0.702865 0.077337 0.707107 -0.697349 0.117064 0.707107 -0.695345 0.128437 0.707107 -0.686799 0.168246 0.707107 -0.684114 0.178851 0.707107 -0.672499 0.218508 0.707107 -0.669234 0.228311 0.707107 -0.654525 0.267577 0.707107 -0.650783 0.276553 0.707107 -0.632976 0.315185 0.707107 -0.628860 0.323319 0.707107 -0.607970 0.361071 0.707107 -0.603581 0.368360 0.707107 -0.579644 0.404985 0.707107 -0.575083 0.411436 0.707107 -0.548152 0.446687 0.707107 -0.543516 0.452317 0.707107 -0.513666 0.485950 0.707107 -0.509049 0.490785 0.707107 -0.476375 0.522558 0.707107 -0.471866 0.526633 0.707107 -0.436482 0.556313 0.707107 -0.432165 0.559673 0.707107 -0.394205 0.587029 0.707107 -0.390159 0.589726 0.707107 -0.349775 0.614539 0.707107 -0.346071 0.616632 0.707107 -0.303434 0.638692 0.707107 -0.300136 0.640249 0.707107 -0.255436 0.659357 0.707107 -0.252600 0.660449 0.707107 -0.206044 0.676421 0.707107 -0.203717 0.677126 0.707107 -0.155526 0.689791 0.707107 -0.153746 0.690190 0.707107 -0.104158 0.699393 0.707107 -0.102956 0.699571 0.707107 -0.052222 0.705176 0.707107 -0.705624 0.045771 0.707107 -0.706743 0.022664 0.707107 -0.707107 0.000000 0.707107 -0.706743 -0.022664 0.707107 -0.705624 -0.045771 0.707107 -0.703839 -0.067899 0.707107 -0.701181 -0.091350 0.707107 -0.698043 -0.112854 0.707107 -0.693798 -0.136546 0.707107 -0.689378 -0.157346 0.707107 -0.683504 -0.181169 0.707107 -0.677881 -0.201191 0.707107 -0.670344 -0.225032 0.707107 -0.663597 -0.244210 0.707107 -0.654372 -0.267951 0.707107 -0.646587 -0.286225 0.707107 -0.635655 -0.309746 0.707107 -0.626920 -0.327064 0.707107 -0.614272 -0.350243 0.707107 -0.604677 -0.366559 0.707107 -0.590313 -0.389270 0.707107 -0.579949 -0.404548 0.707107 -0.563877 -0.426664 0.707107 -0.552838 -0.440874 0.707107 -0.535077 -0.462269 0.707107 -0.523456 -0.475389 0.707107 -0.504032 -0.495935 0.707107 -0.491922 -0.507950 0.707107 -0.470873 -0.527521 0.707107 -0.458367 -0.538424 0.707107 -0.435739 -0.556894 0.707107 -0.422928 -0.566685 0.707107 -0.398778 -0.583932 0.707107 -0.385751 -0.592618 0.707107 -0.360144 -0.608520 0.707107 -0.346990 -0.616115 0.707107 -0.319999 -0.630556 0.707107 -0.306802 -0.637081 0.707107 -0.278512 -0.649947 0.707107 -0.265354 -0.655429 0.707107 -0.235857 -0.666612 0.707107 -0.222815 -0.671084 0.707107 -0.192213 -0.680481 0.707107 -0.179361 -0.683981 0.707107 -0.147762 -0.691496 0.707107 -0.135170 -0.694067 0.707107 -0.102692 -0.699610 0.707107 -0.090423 -0.701301 0.707107 -0.057191 -0.704790 0.707107 -0.045304 -0.705654 0.707107 -0.011450 -0.707014 0.707107 0.000000 -0.707107 0.707107 0.034339 -0.706273 0.707107 0.045304 -0.705654 0.707107 0.079984 -0.702569 0.707107 0.090423 -0.701301 0.707107 0.125293 -0.695918 0.707107 0.135170 -0.694067 0.707107 0.170077 -0.686348 0.707107 0.179361 -0.683981 0.707107 0.214147 -0.673900 0.707107 0.222815 -0.671084 0.707107 0.257320 -0.658625 0.707107 0.265354 -0.655429 0.707107 0.299413 -0.640587 0.707107 0.306802 -0.637081 0.707107 0.340250 -0.619863 0.707107 0.346990 -0.616115 0.707107 0.379660 -0.596539 0.707107 0.385751 -0.592618 0.707107 0.417478 -0.570712 0.707107 0.422928 -0.566685 0.707107 0.453544 -0.542492 0.707107 0.458367 -0.538424 0.707107 0.487708 -0.511997 0.707107 0.491922 -0.507950 0.707107 0.519827 -0.479354 0.707107 0.523456 -0.475389 0.707107 0.549765 -0.444700 0.707107 0.552838 -0.440874 0.707107 0.577398 -0.408181 0.707107 0.579949 -0.404548 0.707107 0.602608 -0.369950 0.707107 0.604677 -0.366559 0.707107 0.625291 -0.330168 0.707107 0.626920 -0.327064 0.707107 0.645352 -0.289000 0.707107 0.646587 -0.286225 0.707107 0.662705 -0.246621 0.707107 0.663597 -0.244210 0.707107 0.677279 -0.203207 0.707107 0.677881 -0.201191 0.707107 0.689012 -0.158940 0.707107 0.689378 -0.157346 0.707107 0.697855 -0.114007 0.707107 0.698043 -0.112854 0.707107 0.703772 -0.068596 0.707107 0.703839 -0.067899 0.707107 0.706736 -0.022897 0.707107 0.706743 -0.022664 0.707107 0.706743 0.022664 0.707107 -0.703839 0.067899 0.707107 -0.701181 0.091350 0.707107 -0.698043 0.112854 0.707107 -0.693798 0.136546 0.707107 -0.689378 0.157346 0.707107 -0.683504 0.181169 0.707107 -0.677881 0.201191 0.707107 -0.670344 0.225032 0.707107 -0.663597 0.244210 0.707107 -0.654372 0.267951 0.707107 -0.646587 0.286225 0.707107 -0.635655 0.309746 0.707107 -0.626920 0.327064 0.707107 -0.614272 0.350243 0.707107 -0.604677 0.366559 0.707107 -0.590313 0.389270 0.707107 -0.579949 0.404548 0.707107 -0.563877 0.426664 0.707107 -0.552838 0.440874 0.707107 -0.535077 0.462269 0.707107 -0.523456 0.475389 0.707107 -0.504032 0.495935 0.707107 -0.491922 0.507950 0.707107 -0.470873 0.527521 0.707107 -0.458367 0.538424 0.707107 -0.435739 0.556894 0.707107 -0.422928 0.566685 0.707107 -0.398778 0.583932 0.707107 -0.385751 0.592618 0.707107 -0.360144 0.608520 0.707107 -0.346990 0.616115 0.707107 -0.319999 0.630556 0.707107 -0.306802 0.637081 0.707107 -0.278512 0.649947 0.707107 -0.265354 0.655429 0.707107 -0.235857 0.666612 0.707107 -0.222815 0.671084 0.707107 -0.192213 0.680481 0.707107 -0.179361 0.683981 0.707107 -0.147762 0.691496 0.707107 -0.135170 0.694067 0.707107 -0.102692 0.699610 0.707107 -0.090423 0.701301 0.707107 -0.057191 0.704790 0.707107 -0.045304 0.705654 0.707107 -0.011450 0.707014 0.707107 -0.000000 0.707107 0.707107 0.034339 0.706273 0.707107 0.045304 0.705654 0.707107 0.079984 0.702569 0.707107 0.090423 0.701301 0.707107 0.125293 0.695918 0.707107 0.135170 0.694067 0.707107 0.170077 0.686348 0.707107 0.179361 0.683981 0.707107 0.214147 0.673900 0.707107 0.222815 0.671084 0.707107 0.257320 0.658625 0.707107 0.265354 0.655429 0.707107 0.299413 0.640587 0.707107 0.306802 0.637081 0.707107 0.340250 0.619863 0.707107 0.346990 0.616115 0.707107 0.379660 0.596539 0.707107 0.385751 0.592618 0.707107 0.417478 0.570712 0.707107 0.422928 0.566685 0.707107 0.453544 0.542492 0.707107 0.458367 0.538424 0.707107 0.487708 0.511997 0.707107 0.491922 0.507950 0.707107 0.519827 0.479354 0.707107 0.523456 0.475389 0.707107 0.549765 0.444700 0.707107 0.552838 0.440874 0.707107 0.577398 0.408181 0.707107 0.579949 0.404548 0.707107 0.602608 0.369950 0.707107 0.604677 0.366559 0.707107 0.625291 0.330168 0.707107 0.626920 0.327064 0.707107 0.645352 0.289000 0.707107 0.646587 0.286225 0.707107 0.662705 0.246621 0.707107 0.663597 0.244210 0.707107 0.677279 0.203207 0.707107 0.677881 0.201191 0.707107 0.689012 0.158940 0.707107 0.689378 0.157346 0.707107 0.697855 0.114007 0.707107 0.698043 0.112854 0.707107 0.703772 0.068596 0.707107 0.703839 0.067899 0.707107 0.706736 0.022897</float_array>
          <technique_common>
            <accessor source="#L70IE_Finger-mesh-normals-array" count="8700" stride="3">
              <param name="X" type="float"/>
              <param name="Y" type="float"/>
              <param name="Z" type="float"/>
            </accessor>
          </technique_common>
        </source>
        <vertices id="L70IE_Finger-mesh-vertices">
          <input semantic="POSITION" source="#L70IE_Finger-mesh-positions"/>
        </vertices>
        <triangles material="L70i_J5_J6_Holder__Aluminum_-_Satin" count="1396">
          <input semantic="VERTEX" source="#L70IE_Finger-mesh-vertices" offset="0"/>
          <input semantic="NORMAL" source="#L70IE_Finger-mesh-normals" offset="1"/>
          <p>0 0 1 1 3 2 3 2 1 1 2 3 2 4 1 5 61 6 61 6 1 5 4 7 61 6 4 7 60 8 60 8 4 7 5 9 60 8 5 9 59 10 59 10 5 9 6 11 59 10 6 11 58 12 58 12 6 11 7 13 58 12 7 13 57 14 57 14 7 13 8 15 57 14 8 15 56 16 56 16 8 15 9 17 56 16 9 17 55 18 55 18 9 17 10 19 55 18 10 19 54 20 54 20 10 19 11 21 54 20 11 21 53 22 53 22 11 21 12 23 53 22 12 23 52 24 52 24 12 23 13 25 52 24 13 25 51 26 51 26 13 25 14 27 51 26 14 27 50 28 50 28 14 27 15 29 50 28 15 29 49 30 49 30 15 29 16 31 49 30 16 31 48 32 48 32 16 31 17 33 48 32 17 33 47 34 47 34 17 33 18 35 47 34 18 35 46 36 46 36 18 35 19 37 46 36 19 37 45 38 45 38 19 37 20 39 45 38 20 39 44 40 44 40 20 39 21 41 44 40 21 41 43 42 43 42 21 41 22 43 43 42 22 43 42 44 42 44 22 43 23 45 42 44 23 45 41 46 41 46 23 45 24 47 41 46 24 47 40 48 40 48 24 47 25 49 40 48 25 49 39 50 39 50 25 49 26 51 39 50 26 51 38 52 38 52 26 51 27 53 38 52 27 53 37 54 37 54 27 53 28 55 37 54 28 55 36 56 36 56 28 55 29 57 36 56 29 57 35 58 35 58 29 57 30 59 35 58 30 59 34 60 34 60 30 59 31 61 34 60 31 61 33 62 33 62 31 61 32 63 32 64 62 65 33 66 33 66 62 65 63 67 65 68 213 69 64 70 64 70 213 69 139 71 64 70 139 71 138 72 138 72 139 71 140 73 138 72 140 73 137 74 137 74 140 73 141 75 137 74 141 75 136 76 136 76 141 75 142 77 136 76 142 77 135 78 135 78 142 77 143 79 135 78 143 79 134 80 134 80 143 79 144 81 134 80 144 81 133 82 133 82 144 81 145 83 133 82 145 83 132 84 132 84 145 83 146 85 132 84 146 85 131 86 131 86 146 85 147 87 131 86 147 87 130 88 130 88 147 87 148 89 130 88 148 89 129 90 129 90 148 89 149 91 129 90 149 91 128 92 128 92 149 91 150 93 128 92 150 93 127 94 127 94 150 93 151 95 127 94 151 95 126 96 126 96 151 95 152 97 126 96 152 97 125 98 125 98 152 97 153 99 125 98 153 99 124 100 124 100 153 99 154 101 124 100 154 101 123 102 123 102 154 101 155 103 123 102 155 103 122 104 122 104 155 103 156 105 122 104 156 105 121 106 121 106 156 105 157 107 121 106 157 107 120 108 120 108 157 107 158 109 120 108 158 109 119 110 119 110 158 109 159 111 119 110 159 111 118 112 118 112 159 111 160 113 118 112 160 113 117 114 117 114 160 113 161 115 117 114 161 115 116 116 116 116 161 115 162 117 116 116 162 117 115 118 115 118 162 117 163 119 115 118 163 119 114 120 114 120 163 119 164 121 114 120 164 121 113 122 113 122 164 121 165 123 113 122 165 123 112 124 112 124 165 123 166 125 112 124 166 125 111 126 111 126 166 125 167 127 111 126 167 127 110 128 110 128 167 127 168 129 110 128 168 129 109 130 109 130 168 129 169 131 109 130 169 131 108 132 108 132 169 131 170 133 108 132 170 133 107 134 107 134 170 133 171 135 107 134 171 135 106 136 106 136 171 135 172 137 106 136 172 137 105 138 105 138 172 137 173 139 105 138 173 139 104 140 104 140 173 139 174 141 104 140 174 141 103 142 103 142 174 141 175 143 103 142 175 143 102 144 102 144 175 143 176 145 102 144 176 145 101 146 101 146 176 145 177 147 101 146 177 147 100 148 100 148 177 147 178 149 100 148 178 149 99 150 99 150 178 149 179 151 99 150 179 151 98 152 98 152 179 151 180 153 98 152 180 153 97 154 97 154 180 153 181 155 97 154 181 155 96 156 96 156 181 155 182 157 96 156 182 157 95 158 95 158 182 157 183 159 95 158 183 159 94 160 94 160 183 159 184 161 94 160 184 161 93 162 93 162 184 161 185 163 93 162 185 163 92 164 92 164 185 163 186 165 92 164 186 165 91 166 91 166 186 165 187 167 91 166 187 167 90 168 90 168 187 167 188 169 90 168 188 169 89 170 89 170 188 169 189 171 89 170 189 171 88 172 88 172 189 171 190 173 88 172 190 173 87 174 87 174 190 173 191 175 87 174 191 175 86 176 86 176 191 175 192 177 86 176 192 177 85 178 85 178 192 177 193 179 85 178 193 179 84 180 84 180 193 179 194 181 84 180 194 181 83 182 83 182 194 181 195 183 83 182 195 183 82 184 82 184 195 183 196 185 82 184 196 185 81 186 81 186 196 185 197 187 81 186 197 187 80 188 80 188 197 187 198 189 80 188 198 189 79 190 79 190 198 189 199 191 79 190 199 191 78 192 78 192 199 191 200 193 78 192 200 193 77 194 77 194 200 193 201 195 77 194 201 195 76 196 76 196 201 195 202 197 76 196 202 197 75 198 75 198 202 197 203 199 75 198 203 199 74 200 74 200 203 199 204 201 74 200 204 201 73 202 73 202 204 201 205 203 73 202 205 203 72 204 72 204 205 203 206 205 72 204 206 205 71 206 71 206 206 205 207 207 71 206 207 207 70 208 70 208 207 207 208 209 70 208 208 209 69 210 69 210 208 209 209 211 69 210 209 211 68 212 68 212 209 211 210 213 68 212 210 213 67 214 67 214 210 213 211 215 67 214 211 215 66 216 66 216 211 215 212 217 66 216 212 217 65 68 65 68 212 217 213 69 138 218 254 219 64 220 64 220 254 219 255 221 64 220 255 221 65 222 65 222 255 221 66 223 66 223 255 221 2 224 66 223 2 224 67 225 67 225 2 224 68 226 68 226 2 224 69 227 69 227 2 224 61 228 69 227 61 228 70 229 70 229 61 228 60 230 70 229 60 230 71 231 71 231 60 230 59 232 71 231 59 232 72 233 72 233 59 232 58 234 72 233 58 234 73 235 73 235 58 234 57 236 73 235 57 236 74 237 74 237 57 236 56 238 74 237 56 238 75 239 75 239 56 238 55 240 75 239 55 240 76 241 76 241 55 240 54 242 76 241 54 242 77 243 77 243 54 242 53 244 77 243 53 244 78 245 78 245 53 244 52 246 78 245 52 246 79 247 79 247 52 246 51 248 79 247 51 248 80 249 80 249 51 248 50 250 80 249 50 250 81 251 81 251 50 250 49 252 81 251 49 252 82 253 82 253 49 252 48 254 82 253 48 254 83 255 83 255 48 254 47 256 83 255 47 256 84 257 84 257 47 256 46 258 84 257 46 258 85 259 85 259 46 258 45 260 85 259 45 260 86 261 86 261 45 260 44 262 86 261 44 262 87 263 87 263 44 262 43 264 87 263 43 264 88 265 88 265 43 264 42 266 88 265 42 266 89 267 89 267 42 266 41 268 89 267 41 268 90 269 90 269 41 268 40 270 90 269 40 270 91 271 91 271 40 270 39 272 91 271 39 272 92 273 92 273 39 272 38 274 92 273 38 274 93 275 93 275 38 274 37 276 93 275 37 276 94 277 94 277 37 276 36 278 94 277 36 278 95 279 95 279 36 278 35 280 95 279 35 280 96 281 96 281 35 280 34 282 96 281 34 282 97 283 97 283 34 282 33 284 97 283 33 284 98 285 98 285 33 284 99 286 99 286 33 284 215 287 99 286 215 287 100 288 100 288 215 287 101 289 101 289 215 287 102 290 102 290 215 287 216 291 102 290 216 291 217 292 254 219 138 218 253 293 253 293 138 218 137 294 253 293 137 294 252 295 252 295 137 294 251 296 251 296 137 294 136 297 251 296 136 297 250 298 250 298 136 297 135 299 250 298 135 299 249 300 249 300 135 299 134 301 249 300 134 301 248 302 248 302 134 301 133 303 248 302 133 303 247 304 247 304 133 303 132 305 247 304 132 305 246 306 246 306 132 305 131 307 246 306 131 307 245 308 245 308 131 307 130 309 245 308 130 309 244 310 244 310 130 309 129 311 244 310 129 311 243 312 243 312 129 311 128 313 243 312 128 313 242 314 242 314 128 313 127 315 242 314 127 315 241 316 241 316 127 315 126 317 241 316 126 317 240 318 240 318 126 317 125 319 240 318 125 319 239 320 239 320 125 319 124 321 239 320 124 321 238 322 238 322 124 321 123 323 238 322 123 323 237 324 237 324 123 323 122 325 237 324 122 325 236 326 236 326 122 325 121 327 236 326 121 327 235 328 235 328 121 327 120 329 235 328 120 329 234 330 234 330 120 329 119 331 234 330 119 331 233 332 233 332 119 331 118 333 233 332 118 333 232 334 232 334 118 333 117 335 232 334 117 335 231 336 231 336 117 335 116 337 231 336 116 337 230 338 230 338 116 337 115 339 230 338 115 339 229 340 229 340 115 339 114 341 229 340 114 341 228 342 228 342 114 341 113 343 228 342 113 343 227 344 227 344 113 343 112 345 227 344 112 345 226 346 226 346 112 345 111 347 226 346 111 347 225 348 225 348 111 347 110 349 225 348 110 349 224 350 224 350 110 349 109 351 224 350 109 351 223 352 223 352 109 351 108 353 223 352 108 353 222 354 222 354 108 353 107 355 222 354 107 355 221 356 221 356 107 355 106 357 221 356 106 357 220 358 220 358 106 357 105 359 220 358 105 359 219 360 219 360 105 359 104 361 219 360 104 361 218 362 218 362 104 361 103 363 218 362 103 363 217 292 217 292 103 363 102 290 3 364 2 224 256 365 256 365 2 224 255 221 63 366 214 367 33 284 33 284 214 367 215 287 256 368 257 369 0 370 0 370 257 369 258 371 0 370 258 371 62 372 62 372 258 371 214 373 62 372 214 373 63 374 0 370 3 375 256 368 257 376 400 377 258 378 258 378 400 377 401 379 258 378 401 379 402 380 259 381 302 382 257 376 257 376 302 382 303 383 257 376 303 383 304 384 260 385 261 386 259 381 259 381 261 386 262 387 259 381 262 387 263 388 263 388 264 389 259 381 259 381 264 389 300 390 259 381 300 390 301 391 264 389 265 392 300 390 300 390 265 392 323 393 323 393 265 392 325 394 323 393 325 394 322 395 322 395 325 394 326 396 322 395 326 396 321 397 321 397 326 396 327 398 321 397 327 398 320 399 320 399 327 398 328 400 320 399 328 400 319 401 319 401 328 400 329 402 319 401 329 402 318 403 318 403 329 402 330 404 318 403 330 404 331 405 266 406 486 407 265 392 265 392 486 407 487 408 265 392 487 408 488 409 266 406 267 410 486 407 486 407 267 410 268 411 486 407 268 411 269 412 269 412 270 413 486 407 486 407 270 413 271 414 486 407 271 414 272 415 272 415 273 416 486 407 486 407 273 416 274 417 486 407 274 417 275 418 275 418 276 419 486 407 486 407 276 419 277 420 486 407 277 420 278 421 278 421 279 422 486 407 486 407 279 422 366 423 486 407 366 423 485 424 485 424 366 423 367 425 485 424 367 425 484 426 484 426 367 425 368 427 484 426 368 427 483 428 483 428 368 427 369 429 483 428 369 429 482 430 482 430 369 429 370 431 482 430 370 431 481 432 481 432 370 431 371 433 481 432 371 433 480 434 480 434 371 433 348 435 480 434 348 435 479 436 479 436 348 435 349 437 479 436 349 437 457 438 457 438 349 437 419 439 457 438 419 439 456 440 456 440 419 439 396 441 456 440 396 441 455 442 455 442 396 441 397 443 455 442 397 443 454 444 454 444 397 443 398 445 454 444 398 445 453 446 453 446 398 445 399 447 453 446 399 447 452 448 452 448 399 447 400 377 452 448 400 377 257 376 279 422 280 449 366 423 366 423 280 449 281 450 366 423 281 450 282 451 283 452 364 453 282 451 282 451 364 453 365 454 282 451 365 454 366 423 284 455 362 456 283 452 283 452 362 456 363 457 283 452 363 457 364 453 285 458 438 459 284 455 284 455 438 459 439 460 284 455 439 460 361 461 361 461 439 460 440 462 361 461 440 462 360 463 360 463 440 462 441 464 360 463 441 464 442 465 286 466 435 467 285 458 285 458 435 467 436 468 285 458 436 468 437 469 435 467 286 466 434 470 434 470 286 466 287 471 434 470 287 471 433 472 433 472 287 471 288 473 433 472 288 473 432 474 432 474 288 473 289 475 432 474 289 475 290 476 290 476 291 477 432 474 432 474 291 477 431 478 431 478 291 477 292 479 431 478 292 479 385 480 385 480 292 479 384 481 384 481 292 479 293 482 384 481 293 482 294 483 384 481 294 483 299 484 299 484 294 483 295 485 299 484 295 485 296 486 296 486 297 487 299 484 299 484 297 487 298 488 258 378 382 489 299 484 299 484 382 489 383 490 299 484 383 490 384 481 301 391 302 382 259 381 257 376 304 384 446 491 446 491 304 384 305 492 446 491 305 492 306 493 446 491 306 493 445 494 445 494 306 493 307 495 445 494 307 495 308 496 445 494 308 496 444 497 444 497 308 496 309 498 444 497 309 498 310 499 444 497 310 499 467 500 467 500 310 499 311 501 467 500 311 501 466 502 466 502 311 501 312 503 466 502 312 503 465 504 465 504 312 503 464 505 464 505 312 503 313 506 464 505 313 506 463 507 463 507 313 506 462 508 462 508 313 506 474 509 462 508 474 509 475 510 474 509 313 506 335 511 335 511 313 506 314 512 335 511 314 512 334 513 334 513 314 512 315 514 334 513 315 514 333 515 333 515 315 514 316 516 333 515 316 516 332 517 332 517 316 516 317 518 332 517 317 518 331 405 331 405 317 518 318 403 347 519 324 520 265 392 265 392 324 520 325 394 336 521 472 522 335 511 335 511 472 522 473 523 335 511 473 523 474 509 337 524 470 525 336 521 336 521 470 525 471 526 336 521 471 526 472 522 470 525 337 524 469 527 469 527 337 524 338 528 469 527 338 528 468 529 468 529 338 528 339 530 468 529 339 530 340 531 468 529 340 531 491 532 491 532 340 531 341 533 491 532 341 533 342 534 491 532 342 534 490 535 490 535 342 534 343 536 490 535 343 536 265 392 265 392 343 536 344 537 265 392 344 537 345 538 345 538 346 539 265 392 265 392 346 539 347 519 349 437 350 540 419 439 419 439 350 540 418 541 418 541 350 540 351 542 418 541 351 542 417 543 417 543 351 542 352 544 417 543 352 544 416 545 416 545 352 544 353 546 416 545 353 546 415 547 415 547 353 546 414 548 414 548 353 546 354 549 414 548 354 549 395 550 395 550 354 549 421 551 395 550 421 551 394 552 394 552 421 551 422 553 394 552 422 553 393 554 393 554 422 553 423 555 393 554 423 555 392 556 392 556 423 555 424 557 392 556 424 557 391 558 391 558 424 557 425 559 391 558 425 559 390 560 390 560 425 559 426 561 390 560 426 561 389 562 389 562 426 561 427 563 389 562 427 563 388 564 388 564 427 563 428 565 388 564 428 565 387 566 387 566 428 565 429 567 387 566 429 567 386 568 386 568 429 567 430 569 386 568 430 569 385 480 385 480 430 569 431 478 354 549 355 570 421 551 421 551 355 570 356 571 421 551 356 571 420 572 420 572 356 571 357 573 420 572 357 573 358 574 420 572 358 574 443 575 443 575 358 574 359 576 443 575 359 576 442 465 442 465 359 576 360 463 361 461 362 456 284 455 373 577 410 578 372 579 372 579 410 578 411 580 372 579 411 580 412 581 410 578 373 577 409 582 409 582 373 577 374 583 409 582 374 583 408 584 408 584 374 583 375 585 408 584 375 585 376 586 408 584 376 586 407 587 407 587 376 586 377 588 407 587 377 588 378 589 407 587 378 589 406 590 406 590 378 589 379 591 406 590 379 591 380 592 406 590 380 592 258 378 258 378 380 592 381 593 258 378 381 593 382 489 372 579 412 581 395 550 395 550 412 581 413 594 395 550 413 594 414 548 402 380 403 595 258 378 258 378 403 595 404 596 258 378 404 596 405 597 405 597 406 590 258 378 437 469 438 459 285 458 446 491 447 598 257 376 257 376 447 598 448 599 257 376 448 599 449 600 449 600 450 601 257 376 257 376 450 601 451 602 257 376 451 602 452 448 457 438 458 603 479 436 479 436 458 603 478 604 478 604 458 603 459 605 478 604 459 605 477 606 477 606 459 605 476 607 476 607 459 605 460 608 476 607 460 608 461 609 476 607 461 609 475 510 475 510 461 609 462 508 488 409 489 610 265 392 265 392 489 610 490 535 213 611 495 612 139 613 139 613 495 612 537 614 139 613 537 614 140 615 140 615 537 614 538 616 140 615 538 616 141 617 141 617 538 616 539 618 141 617 539 618 142 619 142 619 539 618 516 620 142 619 516 620 143 621 143 621 516 620 144 622 144 622 516 620 517 623 144 622 517 623 145 624 145 624 517 623 518 625 145 624 518 625 519 626 495 612 213 611 494 627 494 627 213 611 212 628 494 627 212 628 493 629 493 629 212 628 211 630 493 629 211 630 492 631 492 631 211 630 210 632 492 631 210 632 209 633 492 631 209 633 515 634 515 634 209 633 208 635 515 634 208 635 514 636 514 636 208 635 207 637 514 636 207 637 513 638 513 638 207 637 206 639 513 638 206 639 512 640 512 640 206 639 205 641 512 640 205 641 511 642 511 642 205 641 659 643 511 642 659 643 510 644 510 644 659 643 636 645 510 644 636 645 509 646 509 646 636 645 637 647 509 646 637 647 508 648 508 648 637 647 638 649 508 648 638 649 507 650 507 650 638 649 639 651 507 650 639 651 506 652 506 652 639 651 640 653 506 652 640 653 505 654 505 654 640 653 641 655 505 654 641 655 504 656 504 656 641 655 642 657 504 656 642 657 503 658 503 658 642 657 643 659 503 658 643 659 502 660 502 660 643 659 644 661 502 660 644 661 530 662 530 662 644 661 592 663 530 662 592 663 676 664 676 664 592 663 566 665 676 664 566 665 560 666 560 666 566 665 634 667 560 666 634 667 559 668 559 668 634 667 635 669 559 668 635 669 558 670 558 670 635 669 612 671 558 670 612 671 557 672 557 672 612 671 613 673 557 672 613 673 556 674 556 674 613 673 614 675 556 674 614 675 555 676 555 676 614 675 615 677 555 676 615 677 554 678 554 678 615 677 616 679 554 678 616 679 553 680 553 680 616 679 617 681 553 680 617 681 552 682 552 682 617 681 618 683 552 682 618 683 551 684 551 684 618 683 619 685 551 684 619 685 167 686 167 686 619 685 620 687 167 686 620 687 168 688 168 688 620 687 169 689 169 689 620 687 621 690 169 689 621 690 170 691 170 691 621 690 622 692 170 691 622 692 171 693 171 693 622 692 623 694 171 693 623 694 172 695 172 695 623 694 624 696 172 695 624 696 173 697 173 697 624 696 625 698 173 697 625 698 174 699 174 699 625 698 626 700 174 699 626 700 175 701 175 701 626 700 176 702 176 702 626 700 627 703 176 702 627 703 177 704 177 704 627 703 573 705 177 704 573 705 574 706 205 641 204 707 659 643 659 643 204 707 658 708 658 708 204 707 203 709 658 708 203 709 657 710 657 710 203 709 202 711 657 710 202 711 656 712 656 712 202 711 201 713 656 712 201 713 655 714 655 714 201 713 200 715 655 714 200 715 654 716 654 716 200 715 199 717 654 716 199 717 653 718 653 718 199 717 198 719 653 718 198 719 197 720 653 718 197 720 652 721 652 721 197 720 196 722 652 721 196 722 651 723 651 723 196 722 195 724 651 723 195 724 609 725 609 725 195 724 608 726 608 726 195 724 194 727 608 726 194 727 193 728 608 726 193 728 607 729 607 729 193 728 192 730 607 729 192 730 606 731 606 731 192 730 191 732 606 731 191 732 605 733 605 733 191 732 190 734 605 733 190 734 604 735 604 735 190 734 189 736 604 735 189 736 188 737 604 735 188 737 603 738 603 738 188 737 187 739 603 738 187 739 602 740 602 740 187 739 186 741 602 740 186 741 601 742 601 742 186 741 581 743 601 742 581 743 582 744 581 743 186 741 580 745 580 745 186 741 185 746 580 745 185 746 184 747 580 745 184 747 579 748 579 748 184 747 183 749 579 748 183 749 578 750 578 750 183 749 182 751 578 750 182 751 577 752 577 752 182 751 181 753 577 752 181 753 576 754 576 754 181 753 180 755 576 754 180 755 575 756 575 756 180 755 179 757 575 756 179 757 574 706 574 706 179 757 178 758 574 706 178 758 177 704 551 684 167 686 550 759 550 759 167 686 166 760 550 759 166 760 549 761 549 761 166 760 165 762 549 761 165 762 548 763 548 763 165 762 164 764 548 763 164 764 163 765 548 763 163 765 547 766 547 766 163 765 162 767 547 766 162 767 546 768 546 768 162 767 161 769 546 768 161 769 545 770 545 770 161 769 160 771 545 770 160 771 544 772 544 772 160 771 159 773 544 772 159 773 158 774 157 775 669 776 158 774 158 774 669 776 543 777 158 774 543 777 544 772 669 776 157 775 668 778 668 778 157 775 156 779 668 778 156 779 155 780 155 780 154 781 668 778 668 778 154 781 667 782 667 782 154 781 153 783 667 782 153 783 152 784 152 784 151 785 667 782 667 782 151 785 150 786 667 782 150 786 149 787 149 787 148 788 667 782 667 782 148 788 666 789 666 789 148 788 147 790 666 789 147 790 146 791 146 791 145 624 666 789 666 789 145 624 665 792 665 792 145 624 664 793 664 793 145 624 663 794 663 794 145 624 662 795 662 795 145 624 520 796 662 795 520 796 521 797 537 614 495 612 536 798 536 798 495 612 496 799 536 798 496 799 535 800 535 800 496 799 497 801 535 800 497 801 534 802 534 802 497 801 498 803 534 802 498 803 533 804 533 804 498 803 499 805 533 804 499 805 532 806 532 806 499 805 500 807 532 806 500 807 531 808 531 808 500 807 501 809 531 808 501 809 530 662 530 662 501 809 502 660 519 626 520 796 145 624 662 795 521 797 661 810 661 810 521 797 522 811 661 810 522 811 660 812 660 812 522 811 523 813 660 812 523 813 683 814 683 814 523 813 524 815 683 814 524 815 682 816 682 816 524 815 525 817 682 816 525 817 681 818 681 818 525 817 526 819 681 818 526 819 680 820 680 820 526 819 527 821 680 820 527 821 679 822 679 822 527 821 528 823 679 822 528 823 678 824 678 824 528 823 529 825 678 824 529 825 677 826 677 826 529 825 530 662 677 826 530 662 676 664 541 827 671 828 540 829 540 829 671 828 672 830 540 829 672 830 563 831 563 831 672 830 673 832 563 831 673 832 562 833 562 833 673 832 674 834 562 833 674 834 561 835 561 835 674 834 675 836 561 835 675 836 560 666 560 666 675 836 676 664 671 828 541 827 670 837 670 837 541 827 542 838 670 837 542 838 669 776 669 776 542 838 543 777 565 839 594 840 564 841 564 841 594 840 595 842 564 841 595 842 587 843 587 843 595 842 596 844 587 843 596 844 586 845 586 845 596 844 597 846 586 845 597 846 585 847 585 847 597 846 598 848 585 847 598 848 584 849 584 849 598 848 599 850 584 849 599 850 583 851 583 851 599 850 600 852 583 851 600 852 582 744 582 744 600 852 601 742 594 840 565 839 593 853 593 853 565 839 566 665 593 853 566 665 592 663 566 665 567 854 634 667 634 667 567 854 633 855 633 855 567 854 568 856 633 855 568 856 632 857 632 857 568 856 569 858 632 857 569 858 631 859 631 859 569 858 570 860 631 859 570 860 630 861 630 861 570 860 629 862 629 862 570 860 571 863 629 862 571 863 628 864 628 864 571 863 572 865 628 864 572 865 627 703 627 703 572 865 573 705 589 866 647 867 588 868 588 868 647 867 648 869 588 868 648 869 611 870 611 870 648 869 649 871 611 870 649 871 610 872 610 872 649 871 650 873 610 872 650 873 609 725 609 725 650 873 651 723 647 867 589 866 646 874 646 874 589 866 590 875 646 874 590 875 645 876 645 876 590 875 591 877 645 876 591 877 644 661 644 661 591 877 592 663 515 878 301 879 492 880 492 880 301 879 300 881 492 880 300 881 493 882 493 882 300 881 323 883 493 882 323 883 494 884 494 884 323 883 322 885 494 884 322 885 495 886 495 886 322 885 321 887 495 886 321 887 496 888 496 888 321 887 320 889 496 888 320 889 497 890 497 890 320 889 319 891 497 890 319 891 498 892 498 892 319 891 318 893 498 892 318 893 499 894 499 894 318 893 317 895 499 894 317 895 500 896 500 896 317 895 316 897 500 896 316 897 501 898 501 898 316 897 315 899 501 898 315 899 502 900 502 900 315 899 314 901 502 900 314 901 503 902 503 902 314 901 313 903 503 902 313 903 504 904 504 904 313 903 312 905 504 904 312 905 505 906 505 906 312 905 311 907 505 906 311 907 506 908 506 908 311 907 310 909 506 908 310 909 507 910 507 910 310 909 309 911 507 910 309 911 508 912 508 912 309 911 308 913 508 912 308 913 509 914 509 914 308 913 307 915 509 914 307 915 510 916 510 916 307 915 306 917 510 916 306 917 511 918 511 918 306 917 305 919 511 918 305 919 512 920 512 920 305 919 304 921 512 920 304 921 513 922 513 922 304 921 303 923 513 922 303 923 514 924 514 924 303 923 302 925 514 924 302 925 515 878 515 878 302 925 301 879 539 926 325 927 516 928 516 928 325 927 324 929 516 928 324 929 517 930 517 930 324 929 347 931 517 930 347 931 518 932 518 932 347 931 346 933 518 932 346 933 519 934 519 934 346 933 345 935 519 934 345 935 520 936 520 936 345 935 344 937 520 936 344 937 521 938 521 938 344 937 343 939 521 938 343 939 522 940 522 940 343 939 342 941 522 940 342 941 523 942 523 942 342 941 341 943 523 942 341 943 524 944 524 944 341 943 340 945 524 944 340 945 525 946 525 946 340 945 339 947 525 946 339 947 526 948 526 948 339 947 338 949 526 948 338 949 527 950 527 950 338 949 337 951 527 950 337 951 528 952 528 952 337 951 336 953 528 952 336 953 529 954 529 954 336 953 335 955 529 954 335 955 530 956 530 956 335 955 334 957 530 956 334 957 531 958 531 958 334 957 333 959 531 958 333 959 532 960 532 960 333 959 332 961 532 960 332 961 533 962 533 962 332 961 331 963 533 962 331 963 534 964 534 964 331 963 330 965 534 964 330 965 535 966 535 966 330 965 329 967 535 966 329 967 536 968 536 968 329 967 328 969 536 968 328 969 537 970 537 970 328 969 327 971 537 970 327 971 538 972 538 972 327 971 326 973 538 972 326 973 539 926 539 926 326 973 325 927 563 974 349 975 540 976 540 976 349 975 348 977 540 976 348 977 541 978 541 978 348 977 371 979 541 978 371 979 542 980 542 980 371 979 370 981 542 980 370 981 543 982 543 982 370 981 369 983 543 982 369 983 544 984 544 984 369 983 368 985 544 984 368 985 545 986 545 986 368 985 367 987 545 986 367 987 546 988 546 988 367 987 366 989 546 988 366 989 547 990 547 990 366 989 365 991 547 990 365 991 548 992 548 992 365 991 364 993 548 992 364 993 549 994 549 994 364 993 363 995 549 994 363 995 550 996 550 996 363 995 362 997 550 996 362 997 551 998 551 998 362 997 361 999 551 998 361 999 552 1000 552 1000 361 999 360 1001 552 1000 360 1001 553 1002 553 1002 360 1001 359 1003 553 1002 359 1003 554 1004 554 1004 359 1003 358 1005 554 1004 358 1005 555 1006 555 1006 358 1005 357 1007 555 1006 357 1007 556 1008 556 1008 357 1007 356 1009 556 1008 356 1009 557 1010 557 1010 356 1009 355 1011 557 1010 355 1011 558 1012 558 1012 355 1011 354 1013 558 1012 354 1013 559 1014 559 1014 354 1013 353 1015 559 1014 353 1015 560 1016 560 1016 353 1015 352 1017 560 1016 352 1017 561 1018 561 1018 352 1017 351 1019 561 1018 351 1019 562 1020 562 1020 351 1019 350 1021 562 1020 350 1021 563 974 563 974 350 1021 349 975 587 1022 373 1023 564 1024 564 1024 373 1023 372 1025 564 1024 372 1025 565 1026 565 1026 372 1025 395 1027 565 1026 395 1027 566 1028 566 1028 395 1027 394 1029 566 1028 394 1029 567 1030 567 1030 394 1029 393 1031 567 1030 393 1031 568 1032 568 1032 393 1031 392 1033 568 1032 392 1033 569 1034 569 1034 392 1033 391 1035 569 1034 391 1035 570 1036 570 1036 391 1035 390 1037 570 1036 390 1037 571 1038 571 1038 390 1037 389 1039 571 1038 389 1039 572 1040 572 1040 389 1039 388 1041 572 1040 388 1041 573 1042 573 1042 388 1041 387 1043 573 1042 387 1043 574 1044 574 1044 387 1043 386 1045 574 1044 386 1045 575 1046 575 1046 386 1045 385 1047 575 1046 385 1047 576 1048 576 1048 385 1047 384 1049 576 1048 384 1049 577 1050 577 1050 384 1049 383 1051 577 1050 383 1051 578 1052 578 1052 383 1051 382 1053 578 1052 382 1053 579 1054 579 1054 382 1053 381 1055 579 1054 381 1055 580 1056 580 1056 381 1055 380 1057 580 1056 380 1057 581 1058 581 1058 380 1057 379 1059 581 1058 379 1059 582 1060 582 1060 379 1059 378 1061 582 1060 378 1061 583 1062 583 1062 378 1061 377 1063 583 1062 377 1063 584 1064 584 1064 377 1063 376 1065 584 1064 376 1065 585 1066 585 1066 376 1065 375 1067 585 1066 375 1067 586 1068 586 1068 375 1067 374 1069 586 1068 374 1069 587 1022 587 1022 374 1069 373 1023 611 1070 397 1071 588 1072 588 1072 397 1071 396 1073 588 1072 396 1073 589 1074 589 1074 396 1073 419 1075 589 1074 419 1075 590 1076 590 1076 419 1075 418 1077 590 1076 418 1077 591 1078 591 1078 418 1077 417 1079 591 1078 417 1079 592 1080 592 1080 417 1079 416 1081 592 1080 416 1081 593 1082 593 1082 416 1081 415 1083 593 1082 415 1083 594 1084 594 1084 415 1083 414 1085 594 1084 414 1085 595 1086 595 1086 414 1085 413 1087 595 1086 413 1087 596 1088 596 1088 413 1087 412 1089 596 1088 412 1089 597 1090 597 1090 412 1089 411 1091 597 1090 411 1091 598 1092 598 1092 411 1091 410 1093 598 1092 410 1093 599 1094 599 1094 410 1093 409 1095 599 1094 409 1095 600 1096 600 1096 409 1095 408 1097 600 1096 408 1097 601 1098 601 1098 408 1097 407 1099 601 1098 407 1099 602 1100 602 1100 407 1099 406 1101 602 1100 406 1101 603 1102 603 1102 406 1101 405 1103 603 1102 405 1103 604 1104 604 1104 405 1103 404 1105 604 1104 404 1105 605 1106 605 1106 404 1105 403 1107 605 1106 403 1107 606 1108 606 1108 403 1107 402 1109 606 1108 402 1109 607 1110 607 1110 402 1109 401 1111 607 1110 401 1111 608 1112 608 1112 401 1111 400 1113 608 1112 400 1113 609 1114 609 1114 400 1113 399 1115 609 1114 399 1115 610 1116 610 1116 399 1115 398 1117 610 1116 398 1117 611 1070 611 1070 398 1117 397 1071 635 1118 421 1119 612 1120 612 1120 421 1119 420 1121 612 1120 420 1121 613 1122 613 1122 420 1121 443 1123 613 1122 443 1123 614 1124 614 1124 443 1123 442 1125 614 1124 442 1125 615 1126 615 1126 442 1125 441 1127 615 1126 441 1127 616 1128 616 1128 441 1127 440 1129 616 1128 440 1129 617 1130 617 1130 440 1129 439 1131 617 1130 439 1131 618 1132 618 1132 439 1131 438 1133 618 1132 438 1133 619 1134 619 1134 438 1133 437 1135 619 1134 437 1135 620 1136 620 1136 437 1135 436 1137 620 1136 436 1137 621 1138 621 1138 436 1137 435 1139 621 1138 435 1139 622 1140 622 1140 435 1139 434 1141 622 1140 434 1141 623 1142 623 1142 434 1141 433 1143 623 1142 433 1143 624 1144 624 1144 433 1143 432 1145 624 1144 432 1145 625 1146 625 1146 432 1145 431 1147 625 1146 431 1147 626 1148 626 1148 431 1147 430 1149 626 1148 430 1149 627 1150 627 1150 430 1149 429 1151 627 1150 429 1151 628 1152 628 1152 429 1151 428 1153 628 1152 428 1153 629 1154 629 1154 428 1153 427 1155 629 1154 427 1155 630 1156 630 1156 427 1155 426 1157 630 1156 426 1157 631 1158 631 1158 426 1157 425 1159 631 1158 425 1159 632 1160 632 1160 425 1159 424 1161 632 1160 424 1161 633 1162 633 1162 424 1161 423 1163 633 1162 423 1163 634 1164 634 1164 423 1163 422 1165 634 1164 422 1165 635 1118 635 1118 422 1165 421 1119 659 1166 445 1167 636 1168 636 1168 445 1167 444 1169 636 1168 444 1169 637 1170 637 1170 444 1169 467 1171 637 1170 467 1171 638 1172 638 1172 467 1171 466 1173 638 1172 466 1173 639 1174 639 1174 466 1173 465 1175 639 1174 465 1175 640 1176 640 1176 465 1175 464 1177 640 1176 464 1177 641 1178 641 1178 464 1177 463 1179 641 1178 463 1179 642 1180 642 1180 463 1179 462 1181 642 1180 462 1181 643 1182 643 1182 462 1181 461 1183 643 1182 461 1183 644 1184 644 1184 461 1183 460 1185 644 1184 460 1185 645 1186 645 1186 460 1185 459 1187 645 1186 459 1187 646 1188 646 1188 459 1187 458 1189 646 1188 458 1189 647 1190 647 1190 458 1189 457 1191 647 1190 457 1191 648 1192 648 1192 457 1191 456 1193 648 1192 456 1193 649 1194 649 1194 456 1193 455 1195 649 1194 455 1195 650 1196 650 1196 455 1195 454 1197 650 1196 454 1197 651 1198 651 1198 454 1197 453 1199 651 1198 453 1199 652 1200 652 1200 453 1199 452 1201 652 1200 452 1201 653 1202 653 1202 452 1201 451 1203 653 1202 451 1203 654 1204 654 1204 451 1203 450 1205 654 1204 450 1205 655 1206 655 1206 450 1205 449 1207 655 1206 449 1207 656 1208 656 1208 449 1207 448 1209 656 1208 448 1209 657 1210 657 1210 448 1209 447 1211 657 1210 447 1211 658 1212 658 1212 447 1211 446 1213 658 1212 446 1213 659 1166 659 1166 446 1213 445 1167 683 1214 469 1215 660 1216 660 1216 469 1215 468 1217 660 1216 468 1217 661 1218 661 1218 468 1217 491 1219 661 1218 491 1219 662 1220 662 1220 491 1219 490 1221 662 1220 490 1221 663 1222 663 1222 490 1221 489 1223 663 1222 489 1223 664 1224 664 1224 489 1223 488 1225 664 1224 488 1225 665 1226 665 1226 488 1225 487 1227 665 1226 487 1227 666 1228 666 1228 487 1227 486 1229 666 1228 486 1229 667 1230 667 1230 486 1229 485 1231 667 1230 485 1231 668 1232 668 1232 485 1231 484 1233 668 1232 484 1233 669 1234 669 1234 484 1233 483 1235 669 1234 483 1235 670 1236 670 1236 483 1235 482 1237 670 1236 482 1237 671 1238 671 1238 482 1237 481 1239 671 1238 481 1239 672 1240 672 1240 481 1239 480 1241 672 1240 480 1241 673 1242 673 1242 480 1241 479 1243 673 1242 479 1243 674 1244 674 1244 479 1243 478 1245 674 1244 478 1245 675 1246 675 1246 478 1245 477 1247 675 1246 477 1247 676 1248 676 1248 477 1247 476 1249 676 1248 476 1249 677 1250 677 1250 476 1249 475 1251 677 1250 475 1251 678 1252 678 1252 475 1251 474 1253 678 1252 474 1253 679 1254 679 1254 474 1253 473 1255 679 1254 473 1255 680 1256 680 1256 473 1255 472 1257 680 1256 472 1257 681 1258 681 1258 472 1257 471 1259 681 1258 471 1259 682 1260 682 1260 471 1259 470 1261 682 1260 470 1261 683 1214 683 1214 470 1261 469 1215 258 1262 299 1263 214 1264 214 1264 299 1263 215 1265 259 1266 257 1267 255 1268 255 1268 257 1267 256 1269 215 1265 299 1263 216 1270 216 1270 299 1263 298 1271 216 1270 298 1271 297 1272 216 1270 297 1272 217 1273 217 1273 297 1272 296 1274 217 1273 296 1274 218 1275 218 1275 296 1274 295 1276 218 1275 295 1276 219 1277 219 1277 295 1276 294 1278 219 1277 294 1278 220 1279 220 1279 294 1278 293 1280 220 1279 293 1280 221 1281 221 1281 293 1280 292 1282 221 1281 292 1282 222 1283 222 1283 292 1282 291 1284 222 1283 291 1284 223 1285 223 1285 291 1284 290 1286 223 1285 290 1286 224 1287 224 1287 290 1286 289 1288 224 1287 289 1288 225 1289 225 1289 289 1288 288 1290 225 1289 288 1290 226 1291 226 1291 288 1290 287 1292 226 1291 287 1292 227 1293 227 1293 287 1292 286 1294 227 1293 286 1294 228 1295 228 1295 286 1294 285 1296 228 1295 285 1296 229 1297 229 1297 285 1296 284 1298 229 1297 284 1298 230 1299 230 1299 284 1298 283 1300 230 1299 283 1300 231 1301 231 1301 283 1300 282 1302 231 1301 282 1302 232 1303 232 1303 282 1302 281 1304 232 1303 281 1304 233 1305 233 1305 281 1304 280 1306 233 1305 280 1306 234 1307 234 1307 280 1306 279 1308 234 1307 279 1308 235 1309 235 1309 279 1308 278 1310 235 1309 278 1310 236 1311 236 1311 278 1310 277 1312 236 1311 277 1312 237 1313 237 1313 277 1312 276 1314 237 1313 276 1314 238 1315 238 1315 276 1314 275 1316 238 1315 275 1316 239 1317 239 1317 275 1316 274 1318 239 1317 274 1318 240 1319 240 1319 274 1318 273 1320 240 1319 273 1320 241 1321 241 1321 273 1320 272 1322 241 1321 272 1322 242 1323 242 1323 272 1322 271 1324 242 1323 271 1324 243 1325 243 1325 271 1324 270 1326 243 1325 270 1326 244 1327 244 1327 270 1326 269 1328 244 1327 269 1328 245 1329 245 1329 269 1328 268 1330 245 1329 268 1330 246 1331 246 1331 268 1330 267 1332 246 1331 267 1332 247 1333 247 1333 267 1332 266 1334 247 1333 266 1334 248 1335 248 1335 266 1334 265 1336 248 1335 265 1336 249 1337 249 1337 265 1336 264 1338 249 1337 264 1338 250 1339 250 1339 264 1338 263 1340 250 1339 263 1340 251 1341 251 1341 263 1340 262 1342 251 1341 262 1342 252 1343 252 1343 262 1342 261 1344 252 1343 261 1344 253 1345 253 1345 261 1344 260 1346 253 1345 260 1346 254 1347 254 1347 260 1346 255 1268 255 1268 260 1346 259 1266 1 1348 0 1349 4 1350 4 1350 0 1349 5 1351 5 1351 0 1349 6 1352 6 1352 0 1349 7 1353 7 1353 0 1349 8 1354 8 1354 0 1349 9 1355 9 1355 0 1349 10 1356 10 1356 0 1349 11 1357 11 1357 0 1349 12 1358 12 1358 0 1349 13 1359 13 1359 0 1349 14 1360 14 1360 0 1349 15 1361 15 1361 0 1349 16 1362 16 1362 0 1349 17 1363 17 1363 0 1349 62 1364 17 1363 62 1364 18 1365 18 1365 62 1364 19 1366 19 1366 62 1364 20 1367 20 1367 62 1364 21 1368 21 1368 62 1364 22 1369 22 1369 62 1364 23 1370 23 1370 62 1364 24 1371 24 1371 62 1364 25 1372 25 1372 62 1364 26 1373 26 1373 62 1364 27 1374 27 1374 62 1364 28 1375 28 1375 62 1364 29 1376 29 1376 62 1364 30 1377 30 1377 62 1364 31 1378 31 1378 62 1364 32 1379</p>
        </triangles>
        <triangles material="J6_holder__Aluminum_-_Satin" count="3414">
          <input semantic="VERTEX" source="#L70IE_Finger-mesh-vertices" offset="0"/>
          <input semantic="NORMAL" source="#L70IE_Finger-mesh-normals" offset="1"/>
          <p>685 1380 696 1381 684 1382 684 1382 696 1381 697 1383 684 1382 697 1383 698 1384 698 1384 697 1383 703 1385 698 1384 703 1385 704 1386 704 1386 703 1385 709 1387 704 1386 709 1387 710 1388 710 1388 709 1387 715 1389 710 1388 715 1389 691 1390 691 1390 715 1389 690 1391 690 1391 715 1389 714 1392 690 1391 714 1392 713 1393 713 1393 714 1392 708 1394 713 1393 708 1394 707 1395 707 1395 708 1394 702 1396 707 1395 702 1396 701 1397 701 1397 702 1396 696 1381 701 1397 696 1381 685 1380 685 1380 686 1398 701 1397 701 1397 686 1398 706 1399 701 1397 706 1399 707 1395 707 1395 706 1399 712 1400 707 1395 712 1400 713 1393 713 1393 712 1400 689 1401 713 1393 689 1401 690 1391 686 1398 687 1402 706 1399 706 1399 687 1402 711 1403 706 1399 711 1403 712 1400 712 1400 711 1403 689 1401 687 1402 688 1404 711 1403 711 1403 688 1404 689 1401 691 1390 692 1405 710 1388 710 1388 692 1405 705 1406 710 1388 705 1406 704 1386 704 1386 705 1406 699 1407 704 1386 699 1407 698 1384 698 1384 699 1407 695 1408 698 1384 695 1408 684 1382 692 1405 693 1409 705 1406 705 1406 693 1409 700 1410 705 1406 700 1410 699 1407 699 1407 700 1410 695 1408 693 1409 694 1411 700 1410 700 1410 694 1411 695 1408 703 1385 697 1383 702 1396 702 1396 697 1383 696 1381 709 1387 703 1385 708 1394 708 1394 703 1385 702 1396 715 1389 709 1387 714 1392 714 1392 709 1387 708 1394 689 1401 716 1412 690 1391 690 1391 716 1412 717 1413 719 1414 730 1415 718 1416 718 1416 730 1415 731 1417 718 1416 731 1417 732 1418 732 1418 731 1417 737 1419 732 1418 737 1419 738 1420 738 1420 737 1419 743 1421 738 1420 743 1421 744 1422 744 1422 743 1421 749 1423 744 1422 749 1423 725 1424 725 1424 749 1423 724 1425 724 1425 749 1423 748 1426 724 1425 748 1426 747 1427 747 1427 748 1426 742 1428 747 1427 742 1428 741 1429 741 1429 742 1428 736 1430 741 1429 736 1430 735 1431 735 1431 736 1430 730 1415 735 1431 730 1415 719 1414 719 1414 720 1432 735 1431 735 1431 720 1432 740 1433 735 1431 740 1433 741 1429 741 1429 740 1433 746 1434 741 1429 746 1434 747 1427 747 1427 746 1434 723 1435 747 1427 723 1435 724 1425 720 1432 721 1436 740 1433 740 1433 721 1436 745 1437 740 1433 745 1437 746 1434 746 1434 745 1437 723 1435 721 1436 722 1438 745 1437 745 1437 722 1438 723 1435 725 1424 726 1439 744 1422 744 1422 726 1439 739 1440 744 1422 739 1440 738 1420 738 1420 739 1440 733 1441 738 1420 733 1441 732 1418 732 1418 733 1441 729 1442 732 1418 729 1442 718 1416 726 1439 727 1443 739 1440 739 1440 727 1443 734 1444 739 1440 734 1444 733 1441 733 1441 734 1444 729 1442 727 1443 728 1445 734 1444 734 1444 728 1445 729 1442 737 1419 731 1417 736 1430 736 1430 731 1417 730 1415 743 1421 737 1419 742 1428 742 1428 737 1419 736 1430 749 1423 743 1421 748 1426 748 1426 743 1421 742 1428 775 1446 724 1425 776 1447 776 1447 724 1425 723 1435 776 1447 723 1435 750 1448 776 1447 750 1448 777 1449 777 1449 750 1448 751 1450 777 1449 751 1450 778 1451 778 1451 751 1450 752 1452 778 1451 752 1452 779 1453 779 1453 752 1452 753 1454 779 1453 753 1454 780 1455 780 1455 753 1454 754 1456 780 1455 754 1456 781 1457 781 1457 754 1456 755 1458 781 1457 755 1458 782 1459 782 1459 755 1458 756 1460 782 1459 756 1460 783 1461 783 1461 756 1460 757 1462 783 1461 757 1462 784 1463 784 1463 757 1462 758 1464 784 1463 758 1464 785 1465 785 1465 758 1464 759 1466 785 1465 759 1466 786 1467 786 1467 759 1466 760 1468 786 1467 760 1468 787 1469 787 1469 760 1468 761 1470 787 1469 761 1470 762 1471 762 1471 763 1472 787 1469 787 1469 763 1472 764 1473 787 1469 764 1473 786 1467 786 1467 764 1473 765 1474 786 1467 765 1474 785 1465 785 1465 765 1474 766 1475 785 1465 766 1475 784 1463 784 1463 766 1475 767 1476 784 1463 767 1476 783 1461 783 1461 767 1476 768 1477 783 1461 768 1477 782 1459 782 1459 768 1477 769 1478 782 1459 769 1478 781 1457 781 1457 769 1478 770 1479 781 1457 770 1479 780 1455 780 1455 770 1479 771 1480 780 1455 771 1480 779 1453 779 1453 771 1480 772 1481 779 1453 772 1481 778 1451 778 1451 772 1481 773 1482 778 1451 773 1482 777 1449 777 1449 773 1482 774 1483 777 1449 774 1483 776 1447 776 1447 774 1483 775 1446 789 1484 812 1485 788 1486 788 1486 812 1485 813 1487 788 1486 813 1487 814 1488 814 1488 813 1487 827 1489 814 1488 827 1489 828 1490 828 1490 827 1489 841 1491 828 1490 841 1491 842 1492 842 1492 841 1491 855 1493 842 1492 855 1493 856 1494 856 1494 855 1493 869 1495 856 1494 869 1495 870 1496 870 1496 869 1495 883 1497 870 1496 883 1497 884 1498 884 1498 883 1497 897 1499 884 1498 897 1499 898 1500 898 1500 897 1499 911 1501 898 1500 911 1501 912 1502 912 1502 911 1501 925 1503 912 1502 925 1503 926 1504 926 1504 925 1503 939 1505 926 1504 939 1505 940 1506 940 1506 939 1505 800 1507 940 1506 800 1507 941 1508 941 1508 800 1507 801 1509 941 1508 801 1509 928 1510 928 1510 801 1509 802 1511 928 1510 802 1511 915 1512 915 1512 802 1511 803 1513 915 1512 803 1513 902 1514 902 1514 803 1513 804 1515 902 1514 804 1515 889 1516 889 1516 804 1515 805 1517 889 1516 805 1517 876 1518 876 1518 805 1517 806 1519 876 1518 806 1519 863 1520 863 1520 806 1519 807 1521 863 1520 807 1521 850 1522 850 1522 807 1521 808 1523 850 1522 808 1523 837 1524 837 1524 808 1523 809 1525 837 1524 809 1525 824 1526 824 1526 809 1525 810 1527 824 1526 810 1527 811 1528 812 1485 789 1484 825 1529 825 1529 789 1484 790 1530 825 1529 790 1530 838 1531 838 1531 790 1530 791 1532 838 1531 791 1532 851 1533 851 1533 791 1532 792 1534 851 1533 792 1534 864 1535 864 1535 792 1534 793 1536 864 1535 793 1536 877 1537 877 1537 793 1536 794 1538 877 1537 794 1538 890 1539 890 1539 794 1538 795 1540 890 1539 795 1540 903 1541 903 1541 795 1540 796 1542 903 1541 796 1542 916 1543 916 1543 796 1542 797 1544 916 1543 797 1544 929 1545 929 1545 797 1544 798 1546 929 1545 798 1546 799 1547 800 1507 935 1548 799 1547 799 1547 935 1548 934 1549 799 1547 934 1549 933 1550 933 1550 934 1549 920 1551 933 1550 920 1551 919 1552 919 1552 920 1551 906 1553 919 1552 906 1553 905 1554 905 1554 906 1553 892 1555 905 1554 892 1555 891 1556 891 1556 892 1555 878 1557 891 1556 878 1557 877 1537 877 1537 878 1557 864 1535 788 1486 818 1558 811 1528 811 1528 818 1558 819 1559 811 1528 819 1559 820 1560 820 1560 819 1559 833 1561 820 1560 833 1561 834 1562 834 1562 833 1561 847 1563 834 1562 847 1563 848 1564 848 1564 847 1563 861 1565 848 1564 861 1565 862 1566 862 1566 861 1565 875 1567 862 1566 875 1567 876 1518 876 1518 875 1567 889 1516 813 1487 812 1485 826 1568 826 1568 812 1485 825 1529 826 1568 825 1529 839 1569 839 1569 825 1529 838 1531 839 1569 838 1531 852 1570 852 1570 838 1531 851 1533 852 1570 851 1533 865 1571 865 1571 851 1533 864 1535 865 1571 864 1535 878 1557 814 1488 815 1572 788 1486 788 1486 815 1572 816 1573 788 1486 816 1573 817 1574 817 1574 816 1573 830 1575 817 1574 830 1575 831 1576 831 1576 830 1575 844 1577 831 1576 844 1577 845 1578 845 1578 844 1577 858 1579 845 1578 858 1579 859 1580 859 1580 858 1579 872 1581 859 1580 872 1581 873 1582 873 1582 872 1581 886 1583 873 1582 886 1583 887 1584 887 1584 886 1583 900 1585 887 1584 900 1585 901 1586 901 1586 900 1585 914 1587 901 1586 914 1587 915 1512 915 1512 914 1587 928 1510 814 1488 828 1490 815 1572 815 1572 828 1490 829 1588 815 1572 829 1588 816 1573 816 1573 829 1588 830 1575 818 1558 788 1486 817 1574 817 1574 831 1576 818 1558 818 1558 831 1576 832 1589 818 1558 832 1589 819 1559 819 1559 832 1589 833 1561 820 1560 821 1590 811 1528 811 1528 821 1590 822 1591 811 1528 822 1591 823 1592 823 1592 822 1591 836 1593 823 1592 836 1593 837 1524 837 1524 836 1593 850 1522 820 1560 834 1562 821 1590 821 1590 834 1562 835 1594 821 1590 835 1594 822 1591 822 1591 835 1594 836 1593 824 1526 811 1528 823 1592 837 1524 824 1526 823 1592 813 1487 826 1568 827 1489 827 1489 826 1568 840 1595 827 1489 840 1595 841 1491 841 1491 840 1595 854 1596 841 1491 854 1596 855 1493 855 1493 854 1596 868 1597 855 1493 868 1597 869 1495 869 1495 868 1597 882 1598 869 1495 882 1598 883 1497 883 1497 882 1598 896 1599 883 1497 896 1599 897 1499 897 1499 896 1599 910 1600 897 1499 910 1600 911 1501 911 1501 910 1600 924 1601 911 1501 924 1601 925 1503 925 1503 924 1601 938 1602 925 1503 938 1602 939 1505 939 1505 938 1602 800 1507 840 1595 826 1568 839 1569 828 1490 842 1492 829 1588 829 1588 842 1492 843 1603 829 1588 843 1603 830 1575 830 1575 843 1603 844 1577 831 1576 845 1578 832 1589 832 1589 845 1578 846 1604 832 1589 846 1604 833 1561 833 1561 846 1604 847 1563 834 1562 848 1564 835 1594 835 1594 848 1564 849 1605 835 1594 849 1605 836 1593 836 1593 849 1605 850 1522 840 1595 839 1569 853 1606 853 1606 839 1569 852 1570 853 1606 852 1570 866 1607 866 1607 852 1570 865 1571 866 1607 865 1571 879 1608 879 1608 865 1571 878 1557 879 1608 878 1557 892 1555 842 1492 856 1494 843 1603 843 1603 856 1494 857 1609 843 1603 857 1609 844 1577 844 1577 857 1609 858 1579 845 1578 859 1580 846 1604 846 1604 859 1580 860 1610 846 1604 860 1610 847 1563 847 1563 860 1610 861 1565 863 1520 850 1522 849 1605 863 1520 849 1605 862 1566 862 1566 849 1605 848 1564 840 1595 853 1606 854 1596 854 1596 853 1606 867 1611 854 1596 867 1611 868 1597 868 1597 867 1611 881 1612 868 1597 881 1612 882 1598 882 1598 881 1612 895 1613 882 1598 895 1613 896 1599 896 1599 895 1613 909 1614 896 1599 909 1614 910 1600 910 1600 909 1614 923 1615 910 1600 923 1615 924 1601 924 1601 923 1615 937 1616 924 1601 937 1616 938 1602 938 1602 937 1616 800 1507 867 1611 853 1606 866 1607 856 1494 870 1496 857 1609 857 1609 870 1496 871 1617 857 1609 871 1617 858 1579 858 1579 871 1617 872 1581 859 1580 873 1582 860 1610 860 1610 873 1582 874 1618 860 1610 874 1618 861 1565 861 1565 874 1618 875 1567 876 1518 863 1520 862 1566 867 1611 866 1607 880 1619 880 1619 866 1607 879 1608 880 1619 879 1608 893 1620 893 1620 879 1608 892 1555 893 1620 892 1555 906 1553 870 1496 884 1498 871 1617 871 1617 884 1498 885 1621 871 1617 885 1621 872 1581 872 1581 885 1621 886 1583 873 1582 887 1584 874 1618 874 1618 887 1584 888 1622 874 1618 888 1622 875 1567 875 1567 888 1622 889 1516 891 1556 877 1537 890 1539 867 1611 880 1619 881 1612 881 1612 880 1619 894 1623 881 1612 894 1623 895 1613 895 1613 894 1623 908 1624 895 1613 908 1624 909 1614 909 1614 908 1624 922 1625 909 1614 922 1625 923 1615 923 1615 922 1625 936 1626 923 1615 936 1626 937 1616 937 1616 936 1626 800 1507 894 1623 880 1619 893 1620 884 1498 898 1500 885 1621 885 1621 898 1500 899 1627 885 1621 899 1627 886 1583 886 1583 899 1627 900 1585 902 1514 889 1516 888 1622 902 1514 888 1622 901 1586 901 1586 888 1622 887 1584 891 1556 890 1539 904 1628 904 1628 890 1539 903 1541 904 1628 903 1541 917 1629 917 1629 903 1541 916 1543 917 1629 916 1543 930 1630 930 1630 916 1543 929 1545 930 1630 929 1545 799 1547 894 1623 893 1620 907 1631 907 1631 893 1620 906 1553 907 1631 906 1553 920 1551 898 1500 912 1502 899 1627 899 1627 912 1502 913 1632 899 1627 913 1632 900 1585 900 1585 913 1632 914 1587 915 1512 902 1514 901 1586 891 1556 904 1628 905 1554 905 1554 904 1628 918 1633 905 1554 918 1633 919 1552 919 1552 918 1633 932 1634 919 1552 932 1634 933 1550 933 1550 932 1634 799 1547 918 1633 904 1628 917 1629 894 1623 907 1631 908 1624 908 1624 907 1631 921 1635 908 1624 921 1635 922 1625 922 1625 921 1635 935 1548 922 1625 935 1548 936 1626 936 1626 935 1548 800 1507 921 1635 907 1631 920 1551 912 1502 926 1504 913 1632 913 1632 926 1504 927 1636 913 1632 927 1636 914 1587 914 1587 927 1636 928 1510 918 1633 917 1629 931 1637 931 1637 917 1629 930 1630 931 1637 930 1630 799 1547 935 1548 921 1635 934 1549 934 1549 921 1635 920 1551 941 1508 928 1510 927 1636 941 1508 927 1636 940 1506 940 1506 927 1636 926 1504 799 1547 932 1634 931 1637 931 1637 932 1634 918 1633 965 1638 684 1382 966 1639 966 1639 684 1382 695 1408 966 1639 695 1408 942 1640 966 1639 942 1640 967 1641 967 1641 942 1640 943 1642 967 1641 943 1642 968 1643 968 1643 943 1642 944 1644 968 1643 944 1644 969 1645 969 1645 944 1644 945 1646 969 1645 945 1646 970 1647 970 1647 945 1646 946 1648 970 1647 946 1648 971 1649 971 1649 946 1648 947 1650 971 1649 947 1650 972 1651 972 1651 947 1650 948 1652 972 1651 948 1652 973 1653 973 1653 948 1652 949 1654 973 1653 949 1654 974 1655 974 1655 949 1654 950 1656 974 1655 950 1656 975 1657 975 1657 950 1656 951 1658 975 1657 951 1658 976 1659 976 1659 951 1658 952 1660 976 1659 952 1660 977 1661 977 1661 952 1660 953 1662 977 1661 953 1662 800 1507 800 1507 799 1547 977 1661 977 1661 799 1547 954 1663 977 1661 954 1663 976 1659 976 1659 954 1663 955 1664 976 1659 955 1664 975 1657 975 1657 955 1664 956 1665 975 1657 956 1665 974 1655 974 1655 956 1665 957 1666 974 1655 957 1666 973 1653 973 1653 957 1666 958 1667 973 1653 958 1667 972 1651 972 1651 958 1667 959 1668 972 1651 959 1668 971 1649 971 1649 959 1668 960 1669 971 1649 960 1669 970 1647 970 1647 960 1669 961 1670 970 1647 961 1670 969 1645 969 1645 961 1670 962 1671 969 1645 962 1671 968 1643 968 1643 962 1671 963 1672 968 1643 963 1672 967 1641 967 1641 963 1672 964 1673 967 1641 964 1673 966 1639 966 1639 964 1673 965 1638 978 1674 1000 1675 762 1471 762 1471 1000 1675 1001 1676 762 1471 1001 1676 1002 1677 1002 1677 1001 1676 1015 1678 1002 1677 1015 1678 1016 1679 1016 1679 1015 1678 1029 1680 1016 1679 1029 1680 1030 1681 1030 1681 1029 1680 1043 1682 1030 1681 1043 1682 1044 1683 1044 1683 1043 1682 1057 1684 1044 1683 1057 1684 1058 1685 1058 1685 1057 1684 1071 1686 1058 1685 1071 1686 1072 1687 1072 1687 1071 1686 1085 1688 1072 1687 1085 1688 1086 1689 1086 1689 1085 1688 1099 1690 1086 1689 1099 1690 1100 1691 1100 1691 1099 1690 1113 1692 1100 1691 1113 1692 1114 1693 1114 1693 1113 1692 1127 1694 1114 1693 1127 1694 1128 1695 1128 1695 1127 1694 989 1696 1128 1695 989 1696 1129 1697 1129 1697 989 1696 990 1698 1129 1697 990 1698 1116 1699 1116 1699 990 1698 991 1700 1116 1699 991 1700 1103 1701 1103 1701 991 1700 992 1702 1103 1701 992 1702 1090 1703 1090 1703 992 1702 993 1704 1090 1703 993 1704 1077 1705 1077 1705 993 1704 994 1706 1077 1705 994 1706 1064 1707 1064 1707 994 1706 995 1708 1064 1707 995 1708 1051 1709 1051 1709 995 1708 996 1710 1051 1709 996 1710 1038 1711 1038 1711 996 1710 997 1712 1038 1711 997 1712 1025 1713 1025 1713 997 1712 998 1714 1025 1713 998 1714 1012 1715 1012 1715 998 1714 999 1716 1012 1715 999 1716 763 1472 1000 1675 978 1674 1013 1717 1013 1717 978 1674 979 1718 1013 1717 979 1718 1026 1719 1026 1719 979 1718 980 1720 1026 1719 980 1720 1039 1721 1039 1721 980 1720 981 1722 1039 1721 981 1722 1052 1723 1052 1723 981 1722 982 1724 1052 1723 982 1724 1065 1725 1065 1725 982 1724 983 1726 1065 1725 983 1726 1078 1727 1078 1727 983 1726 984 1728 1078 1727 984 1728 1091 1729 1091 1729 984 1728 985 1730 1091 1729 985 1730 1104 1731 1104 1731 985 1730 986 1732 1104 1731 986 1732 1117 1733 1117 1733 986 1732 987 1734 1117 1733 987 1734 988 1735 989 1696 1123 1736 988 1735 988 1735 1123 1736 1122 1737 988 1735 1122 1737 1121 1738 1121 1738 1122 1737 1108 1739 1121 1738 1108 1739 1107 1740 1107 1740 1108 1739 1094 1741 1107 1740 1094 1741 1093 1742 1093 1742 1094 1741 1080 1743 1093 1742 1080 1743 1079 1744 1079 1744 1080 1743 1066 1745 1079 1744 1066 1745 1065 1725 1065 1725 1066 1745 1052 1723 762 1471 1006 1746 763 1472 763 1472 1006 1746 1007 1747 763 1472 1007 1747 1008 1748 1008 1748 1007 1747 1021 1749 1008 1748 1021 1749 1022 1750 1022 1750 1021 1749 1035 1751 1022 1750 1035 1751 1036 1752 1036 1752 1035 1751 1049 1753 1036 1752 1049 1753 1050 1754 1050 1754 1049 1753 1063 1755 1050 1754 1063 1755 1064 1707 1064 1707 1063 1755 1077 1705 1001 1676 1000 1675 1014 1756 1014 1756 1000 1675 1013 1717 1014 1756 1013 1717 1027 1757 1027 1757 1013 1717 1026 1719 1027 1757 1026 1719 1040 1758 1040 1758 1026 1719 1039 1721 1040 1758 1039 1721 1053 1759 1053 1759 1039 1721 1052 1723 1053 1759 1052 1723 1066 1745 1002 1677 1003 1760 762 1471 762 1471 1003 1760 1004 1761 762 1471 1004 1761 1005 1762 1005 1762 1004 1761 1018 1763 1005 1762 1018 1763 1019 1764 1019 1764 1018 1763 1032 1765 1019 1764 1032 1765 1033 1766 1033 1766 1032 1765 1046 1767 1033 1766 1046 1767 1047 1768 1047 1768 1046 1767 1060 1769 1047 1768 1060 1769 1061 1770 1061 1770 1060 1769 1074 1771 1061 1770 1074 1771 1075 1772 1075 1772 1074 1771 1088 1773 1075 1772 1088 1773 1089 1774 1089 1774 1088 1773 1102 1775 1089 1774 1102 1775 1103 1701 1103 1701 1102 1775 1116 1699 1002 1677 1016 1679 1003 1760 1003 1760 1016 1679 1017 1776 1003 1760 1017 1776 1004 1761 1004 1761 1017 1776 1018 1763 1006 1746 762 1471 1005 1762 1005 1762 1019 1764 1006 1746 1006 1746 1019 1764 1020 1777 1006 1746 1020 1777 1007 1747 1007 1747 1020 1777 1021 1749 1008 1748 1009 1778 763 1472 763 1472 1009 1778 1010 1779 763 1472 1010 1779 1011 1780 1011 1780 1010 1779 1024 1781 1011 1780 1024 1781 1025 1713 1025 1713 1024 1781 1038 1711 1008 1748 1022 1750 1009 1778 1009 1778 1022 1750 1023 1782 1009 1778 1023 1782 1010 1779 1010 1779 1023 1782 1024 1781 1012 1715 763 1472 1011 1780 1025 1713 1012 1715 1011 1780 1001 1676 1014 1756 1015 1678 1015 1678 1014 1756 1028 1783 1015 1678 1028 1783 1029 1680 1029 1680 1028 1783 1042 1784 1029 1680 1042 1784 1043 1682 1043 1682 1042 1784 1056 1785 1043 1682 1056 1785 1057 1684 1057 1684 1056 1785 1070 1786 1057 1684 1070 1786 1071 1686 1071 1686 1070 1786 1084 1787 1071 1686 1084 1787 1085 1688 1085 1688 1084 1787 1098 1788 1085 1688 1098 1788 1099 1690 1099 1690 1098 1788 1112 1789 1099 1690 1112 1789 1113 1692 1113 1692 1112 1789 1126 1790 1113 1692 1126 1790 1127 1694 1127 1694 1126 1790 989 1696 1028 1783 1014 1756 1027 1757 1016 1679 1030 1681 1017 1776 1017 1776 1030 1681 1031 1791 1017 1776 1031 1791 1018 1763 1018 1763 1031 1791 1032 1765 1019 1764 1033 1766 1020 1777 1020 1777 1033 1766 1034 1792 1020 1777 1034 1792 1021 1749 1021 1749 1034 1792 1035 1751 1022 1750 1036 1752 1023 1782 1023 1782 1036 1752 1037 1793 1023 1782 1037 1793 1024 1781 1024 1781 1037 1793 1038 1711 1028 1783 1027 1757 1041 1794 1041 1794 1027 1757 1040 1758 1041 1794 1040 1758 1054 1795 1054 1795 1040 1758 1053 1759 1054 1795 1053 1759 1067 1796 1067 1796 1053 1759 1066 1745 1067 1796 1066 1745 1080 1743 1030 1681 1044 1683 1031 1791 1031 1791 1044 1683 1045 1797 1031 1791 1045 1797 1032 1765 1032 1765 1045 1797 1046 1767 1033 1766 1047 1768 1034 1792 1034 1792 1047 1768 1048 1798 1034 1792 1048 1798 1035 1751 1035 1751 1048 1798 1049 1753 1051 1709 1038 1711 1037 1793 1051 1709 1037 1793 1050 1754 1050 1754 1037 1793 1036 1752 1028 1783 1041 1794 1042 1784 1042 1784 1041 1794 1055 1799 1042 1784 1055 1799 1056 1785 1056 1785 1055 1799 1069 1800 1056 1785 1069 1800 1070 1786 1070 1786 1069 1800 1083 1801 1070 1786 1083 1801 1084 1787 1084 1787 1083 1801 1097 1802 1084 1787 1097 1802 1098 1788 1098 1788 1097 1802 1111 1803 1098 1788 1111 1803 1112 1789 1112 1789 1111 1803 1125 1804 1112 1789 1125 1804 1126 1790 1126 1790 1125 1804 989 1696 1055 1799 1041 1794 1054 1795 1044 1683 1058 1685 1045 1797 1045 1797 1058 1685 1059 1805 1045 1797 1059 1805 1046 1767 1046 1767 1059 1805 1060 1769 1047 1768 1061 1770 1048 1798 1048 1798 1061 1770 1062 1806 1048 1798 1062 1806 1049 1753 1049 1753 1062 1806 1063 1755 1064 1707 1051 1709 1050 1754 1055 1799 1054 1795 1068 1807 1068 1807 1054 1795 1067 1796 1068 1807 1067 1796 1081 1808 1081 1808 1067 1796 1080 1743 1081 1808 1080 1743 1094 1741 1058 1685 1072 1687 1059 1805 1059 1805 1072 1687 1073 1809 1059 1805 1073 1809 1060 1769 1060 1769 1073 1809 1074 1771 1061 1770 1075 1772 1062 1806 1062 1806 1075 1772 1076 1810 1062 1806 1076 1810 1063 1755 1063 1755 1076 1810 1077 1705 1079 1744 1065 1725 1078 1727 1055 1799 1068 1807 1069 1800 1069 1800 1068 1807 1082 1811 1069 1800 1082 1811 1083 1801 1083 1801 1082 1811 1096 1812 1083 1801 1096 1812 1097 1802 1097 1802 1096 1812 1110 1813 1097 1802 1110 1813 1111 1803 1111 1803 1110 1813 1124 1814 1111 1803 1124 1814 1125 1804 1125 1804 1124 1814 989 1696 1082 1811 1068 1807 1081 1808 1072 1687 1086 1689 1073 1809 1073 1809 1086 1689 1087 1815 1073 1809 1087 1815 1074 1771 1074 1771 1087 1815 1088 1773 1090 1703 1077 1705 1076 1810 1090 1703 1076 1810 1089 1774 1089 1774 1076 1810 1075 1772 1079 1744 1078 1727 1092 1816 1092 1816 1078 1727 1091 1729 1092 1816 1091 1729 1105 1817 1105 1817 1091 1729 1104 1731 1105 1817 1104 1731 1118 1818 1118 1818 1104 1731 1117 1733 1118 1818 1117 1733 988 1735 1082 1811 1081 1808 1095 1819 1095 1819 1081 1808 1094 1741 1095 1819 1094 1741 1108 1739 1086 1689 1100 1691 1087 1815 1087 1815 1100 1691 1101 1820 1087 1815 1101 1820 1088 1773 1088 1773 1101 1820 1102 1775 1103 1701 1090 1703 1089 1774 1079 1744 1092 1816 1093 1742 1093 1742 1092 1816 1106 1821 1093 1742 1106 1821 1107 1740 1107 1740 1106 1821 1120 1822 1107 1740 1120 1822 1121 1738 1121 1738 1120 1822 988 1735 1106 1821 1092 1816 1105 1817 1082 1811 1095 1819 1096 1812 1096 1812 1095 1819 1109 1823 1096 1812 1109 1823 1110 1813 1110 1813 1109 1823 1123 1736 1110 1813 1123 1736 1124 1814 1124 1814 1123 1736 989 1696 1109 1823 1095 1819 1108 1739 1100 1691 1114 1693 1101 1820 1101 1820 1114 1693 1115 1824 1101 1820 1115 1824 1102 1775 1102 1775 1115 1824 1116 1699 1106 1821 1105 1817 1119 1825 1119 1825 1105 1817 1118 1818 1119 1825 1118 1818 988 1735 1123 1736 1109 1823 1122 1737 1122 1737 1109 1823 1108 1739 1129 1697 1116 1699 1115 1824 1129 1697 1115 1824 1128 1695 1128 1695 1115 1824 1114 1693 988 1735 1120 1822 1119 1825 1119 1825 1120 1822 1106 1821 988 1735 1130 1826 989 1696 989 1696 1130 1826 1131 1827 1133 1828 1150 1829 1132 1830 1132 1830 1150 1829 1151 1831 1132 1830 1151 1831 1149 1832 1149 1832 1151 1831 1152 1833 1149 1832 1152 1833 1148 1834 1148 1834 1152 1833 1147 1835 1147 1835 1152 1833 1155 1836 1147 1835 1155 1836 1146 1837 1146 1837 1155 1836 1158 1838 1146 1837 1158 1838 1145 1839 1145 1839 1158 1838 1161 1840 1145 1839 1161 1840 1144 1841 1144 1841 1161 1840 1164 1842 1144 1841 1164 1842 1143 1843 1143 1843 1164 1842 1167 1844 1143 1843 1167 1844 1142 1845 1142 1845 1167 1844 1170 1846 1142 1845 1170 1846 1141 1847 1141 1847 1170 1846 1173 1848 1141 1847 1173 1848 1130 1826 1130 1826 1173 1848 1172 1849 1130 1826 1172 1849 1131 1827 1131 1827 1172 1849 1171 1850 1131 1827 1171 1850 1140 1851 1140 1851 1171 1850 1139 1852 1139 1852 1171 1850 1168 1853 1139 1852 1168 1853 1138 1854 1138 1854 1168 1853 1165 1855 1138 1854 1165 1855 1137 1856 1137 1856 1165 1855 1162 1857 1137 1856 1162 1857 1136 1858 1136 1858 1162 1857 1159 1859 1136 1858 1159 1859 1135 1860 1135 1860 1159 1859 1156 1861 1135 1860 1156 1861 1134 1862 1134 1862 1156 1861 1153 1863 1134 1862 1153 1863 1133 1828 1133 1828 1153 1863 1150 1829 1155 1836 1152 1833 1151 1831 1151 1831 1150 1829 1154 1864 1154 1864 1150 1829 1153 1863 1154 1864 1153 1863 1157 1865 1157 1865 1153 1863 1156 1861 1157 1865 1156 1861 1160 1866 1160 1866 1156 1861 1159 1859 1160 1866 1159 1859 1163 1867 1163 1867 1159 1859 1162 1857 1163 1867 1162 1857 1166 1868 1166 1868 1162 1857 1165 1855 1166 1868 1165 1855 1169 1869 1169 1869 1165 1855 1168 1853 1169 1869 1168 1853 1172 1849 1172 1849 1168 1853 1171 1850 1158 1838 1155 1836 1154 1864 1154 1864 1155 1836 1151 1831 1158 1838 1154 1864 1157 1865 1161 1840 1158 1838 1157 1865 1161 1840 1157 1865 1160 1866 1164 1842 1161 1840 1160 1866 1164 1842 1160 1866 1163 1867 1167 1844 1164 1842 1163 1867 1167 1844 1163 1867 1166 1868 1170 1846 1167 1844 1166 1868 1170 1846 1166 1868 1169 1869 1173 1848 1170 1846 1169 1869 1173 1848 1169 1869 1172 1849 1175 1870 1194 1871 1174 1872 1174 1872 1194 1871 1195 1873 1174 1872 1195 1873 1193 1874 1193 1874 1195 1873 1196 1875 1193 1874 1196 1875 1192 1876 1192 1876 1196 1875 1191 1877 1191 1877 1196 1875 1199 1878 1191 1877 1199 1878 1190 1879 1190 1879 1199 1878 1202 1880 1190 1879 1202 1880 1189 1881 1189 1881 1202 1880 1205 1882 1189 1881 1205 1882 1188 1883 1188 1883 1205 1882 1208 1884 1188 1883 1208 1884 1187 1885 1187 1885 1208 1884 1211 1886 1187 1885 1211 1886 1186 1887 1186 1887 1211 1886 1214 1888 1186 1887 1214 1888 1185 1889 1185 1889 1214 1888 1217 1890 1185 1889 1217 1890 1184 1891 1184 1891 1217 1890 1216 1892 1184 1891 1216 1892 1183 1893 1183 1893 1216 1892 1215 1894 1183 1893 1215 1894 1182 1895 1182 1895 1215 1894 1181 1896 1181 1896 1215 1894 1212 1897 1181 1896 1212 1897 1180 1898 1180 1898 1212 1897 1209 1899 1180 1898 1209 1899 1179 1900 1179 1900 1209 1899 1206 1901 1179 1900 1206 1901 1178 1902 1178 1902 1206 1901 1203 1903 1178 1902 1203 1903 1177 1904 1177 1904 1203 1903 1200 1905 1177 1904 1200 1905 1176 1906 1176 1906 1200 1905 1197 1907 1176 1906 1197 1907 1175 1870 1175 1870 1197 1907 1194 1871 1199 1878 1196 1875 1195 1873 1195 1873 1194 1871 1198 1908 1198 1908 1194 1871 1197 1907 1198 1908 1197 1907 1201 1909 1201 1909 1197 1907 1200 1905 1201 1909 1200 1905 1204 1910 1204 1910 1200 1905 1203 1903 1204 1910 1203 1903 1207 1911 1207 1911 1203 1903 1206 1901 1207 1911 1206 1901 1210 1912 1210 1912 1206 1901 1209 1899 1210 1912 1209 1899 1213 1913 1213 1913 1209 1899 1212 1897 1213 1913 1212 1897 1216 1892 1216 1892 1212 1897 1215 1894 1202 1880 1199 1878 1198 1908 1198 1908 1199 1878 1195 1873 1202 1880 1198 1908 1201 1909 1205 1882 1202 1880 1201 1909 1205 1882 1201 1909 1204 1910 1208 1884 1205 1882 1204 1910 1208 1884 1204 1910 1207 1911 1211 1886 1208 1884 1207 1911 1211 1886 1207 1911 1210 1912 1214 1888 1211 1886 1210 1912 1214 1888 1210 1912 1213 1913 1217 1890 1214 1888 1213 1913 1217 1890 1213 1913 1216 1892 729 1442 1184 1891 718 1416 718 1416 1184 1891 1183 1893 1219 1914 1238 1915 1218 1916 1218 1916 1238 1915 1239 1917 1218 1916 1239 1917 1237 1918 1237 1918 1239 1917 1240 1919 1237 1918 1240 1919 1236 1920 1236 1920 1240 1919 1235 1921 1235 1921 1240 1919 1243 1922 1235 1921 1243 1922 1234 1923 1234 1923 1243 1922 1246 1924 1234 1923 1246 1924 1233 1925 1233 1925 1246 1924 1249 1926 1233 1925 1249 1926 1232 1927 1232 1927 1249 1926 1252 1928 1232 1927 1252 1928 1231 1929 1231 1929 1252 1928 1255 1930 1231 1929 1255 1930 1230 1931 1230 1931 1255 1930 1258 1932 1230 1931 1258 1932 1229 1933 1229 1933 1258 1932 1261 1934 1229 1933 1261 1934 1228 1935 1228 1935 1261 1934 1260 1936 1228 1935 1260 1936 1227 1937 1227 1937 1260 1936 1259 1938 1227 1937 1259 1938 1226 1939 1226 1939 1259 1938 1225 1940 1225 1940 1259 1938 1256 1941 1225 1940 1256 1941 1224 1942 1224 1942 1256 1941 1253 1943 1224 1942 1253 1943 1223 1944 1223 1944 1253 1943 1250 1945 1223 1944 1250 1945 1222 1946 1222 1946 1250 1945 1247 1947 1222 1946 1247 1947 1221 1948 1221 1948 1247 1947 1244 1949 1221 1948 1244 1949 1220 1950 1220 1950 1244 1949 1241 1951 1220 1950 1241 1951 1219 1914 1219 1914 1241 1951 1238 1915 1243 1922 1240 1919 1239 1917 1239 1917 1238 1915 1242 1952 1242 1952 1238 1915 1241 1951 1242 1952 1241 1951 1245 1953 1245 1953 1241 1951 1244 1949 1245 1953 1244 1949 1248 1954 1248 1954 1244 1949 1247 1947 1248 1954 1247 1947 1251 1955 1251 1955 1247 1947 1250 1945 1251 1955 1250 1945 1254 1956 1254 1956 1250 1945 1253 1943 1254 1956 1253 1943 1257 1957 1257 1957 1253 1943 1256 1941 1257 1957 1256 1941 1260 1936 1260 1936 1256 1941 1259 1938 1246 1924 1243 1922 1242 1952 1242 1952 1243 1922 1239 1917 1246 1924 1242 1952 1245 1953 1249 1926 1246 1924 1245 1953 1249 1926 1245 1953 1248 1954 1252 1928 1249 1926 1248 1954 1252 1928 1248 1954 1251 1955 1255 1930 1252 1928 1251 1955 1255 1930 1251 1955 1254 1956 1258 1932 1255 1930 1254 1956 1258 1932 1254 1956 1257 1957 1261 1934 1258 1932 1257 1957 1261 1934 1257 1957 1260 1936 1227 1937 1262 1958 1228 1935 1228 1935 1262 1958 1263 1959 1264 1960 1280 1961 716 1412 716 1412 1280 1961 1281 1962 716 1412 1281 1962 717 1413 717 1413 1281 1962 1282 1963 717 1413 1282 1963 1279 1964 1279 1964 1282 1963 1278 1965 1278 1965 1282 1963 1285 1966 1278 1965 1285 1966 1277 1967 1277 1967 1285 1966 1288 1968 1277 1967 1288 1968 1276 1969 1276 1969 1288 1968 1291 1970 1276 1969 1291 1970 1275 1971 1275 1971 1291 1970 1294 1972 1275 1971 1294 1972 1274 1973 1274 1973 1294 1972 1297 1974 1274 1973 1297 1974 1273 1975 1273 1975 1297 1974 1300 1976 1273 1975 1300 1976 1272 1977 1272 1977 1300 1976 1303 1978 1272 1977 1303 1978 1262 1958 1262 1958 1303 1978 1302 1979 1262 1958 1302 1979 1263 1959 1263 1959 1302 1979 1301 1980 1263 1959 1301 1980 1271 1981 1271 1981 1301 1980 1270 1982 1270 1982 1301 1980 1298 1983 1270 1982 1298 1983 1269 1984 1269 1984 1298 1983 1295 1985 1269 1984 1295 1985 1268 1986 1268 1986 1295 1985 1292 1987 1268 1986 1292 1987 1267 1988 1267 1988 1292 1987 1289 1989 1267 1988 1289 1989 1266 1990 1266 1990 1289 1989 1286 1991 1266 1990 1286 1991 1265 1992 1265 1992 1286 1991 1283 1993 1265 1992 1283 1993 1264 1960 1264 1960 1283 1993 1280 1961 1285 1966 1282 1963 1281 1962 1281 1962 1280 1961 1284 1994 1284 1994 1280 1961 1283 1993 1284 1994 1283 1993 1287 1995 1287 1995 1283 1993 1286 1991 1287 1995 1286 1991 1290 1996 1290 1996 1286 1991 1289 1989 1290 1996 1289 1989 1293 1997 1293 1997 1289 1989 1292 1987 1293 1997 1292 1987 1296 1998 1296 1998 1292 1987 1295 1985 1296 1998 1295 1985 1299 1999 1299 1999 1295 1985 1298 1983 1299 1999 1298 1983 1302 1979 1302 1979 1298 1983 1301 1980 1288 1968 1285 1966 1284 1994 1284 1994 1285 1966 1281 1962 1288 1968 1284 1994 1287 1995 1291 1970 1288 1968 1287 1995 1291 1970 1287 1995 1290 1996 1294 1972 1291 1970 1290 1996 1294 1972 1290 1996 1293 1997 1297 1974 1294 1972 1293 1997 1297 1974 1293 1997 1296 1998 1300 1976 1297 1974 1296 1998 1300 1976 1296 1998 1299 1999 1303 1978 1300 1976 1299 1999 1303 1978 1299 1999 1302 1979 1305 2000 1328 2001 1304 2002 1304 2002 1328 2001 1329 2003 1304 2002 1329 2003 1327 2004 1327 2004 1329 2003 1326 2005 1326 2005 1329 2003 1325 2006 1325 2006 1329 2003 1331 2007 1325 2006 1331 2007 1324 2008 1324 2008 1331 2007 1333 2009 1324 2008 1333 2009 1323 2010 1323 2010 1333 2009 1335 2011 1323 2010 1335 2011 1322 2012 1322 2012 1335 2011 1337 2013 1322 2012 1337 2013 1321 2014 1321 2014 1337 2013 1339 2015 1321 2014 1339 2015 1320 2016 1320 2016 1339 2015 1341 2017 1320 2016 1341 2017 1319 2018 1319 2018 1341 2017 1343 2019 1319 2018 1343 2019 1318 2020 1318 2020 1343 2019 1345 2021 1318 2020 1345 2021 1317 2022 1317 2022 1345 2021 1347 2023 1317 2022 1347 2023 1316 2024 1316 2024 1347 2023 1346 2025 1316 2024 1346 2025 1315 2026 1315 2026 1346 2025 1314 2027 1314 2027 1346 2025 1313 2028 1313 2028 1346 2025 1344 2029 1313 2028 1344 2029 1312 2030 1312 2030 1344 2029 1342 2031 1312 2030 1342 2031 1311 2032 1311 2032 1342 2031 1340 2033 1311 2032 1340 2033 1310 2034 1310 2034 1340 2033 1338 2035 1310 2034 1338 2035 1309 2036 1309 2036 1338 2035 1336 2037 1309 2036 1336 2037 1308 2038 1308 2038 1336 2037 1334 2039 1308 2038 1334 2039 1307 2040 1307 2040 1334 2039 1332 2041 1307 2040 1332 2041 1306 2042 1306 2042 1332 2041 1330 2043 1306 2042 1330 2043 1305 2000 1305 2000 1330 2043 1328 2001 1331 2007 1329 2003 1328 2001 1331 2007 1328 2001 1330 2043 1333 2009 1331 2007 1330 2043 1333 2009 1330 2043 1332 2041 1335 2011 1333 2009 1332 2041 1335 2011 1332 2041 1334 2039 1337 2013 1335 2011 1334 2039 1337 2013 1334 2039 1336 2037 1339 2015 1337 2013 1336 2037 1339 2015 1336 2037 1338 2035 1341 2017 1339 2015 1338 2035 1341 2017 1338 2035 1340 2033 1343 2019 1341 2017 1340 2033 1343 2019 1340 2033 1342 2031 1345 2021 1343 2019 1342 2031 1345 2021 1342 2031 1344 2029 1347 2023 1345 2021 1344 2029 1347 2023 1344 2029 1346 2025 1349 2044 1587 2045 1348 2046 1348 2046 1587 2045 1588 2047 1348 2046 1588 2047 1589 2048 1350 2049 1584 2050 1349 2044 1349 2044 1584 2050 1585 2051 1349 2044 1585 2051 1586 2052 1351 2053 1682 2054 1350 2049 1350 2049 1682 2054 1582 2055 1350 2049 1582 2055 1583 2056 1682 2054 1351 2053 1681 2057 1681 2057 1351 2053 1352 2058 1681 2057 1352 2058 1680 2059 1680 2059 1352 2058 1353 2060 1680 2059 1353 2060 1679 2061 1679 2061 1353 2060 1354 2062 1679 2061 1354 2062 1678 2063 1678 2063 1354 2062 1355 2064 1678 2063 1355 2064 1677 2065 1677 2065 1355 2064 1356 2066 1677 2065 1356 2066 1676 2067 1676 2067 1356 2066 1525 2068 1676 2067 1525 2068 1675 2069 1675 2069 1525 2068 1526 2070 1675 2069 1526 2070 1527 2071 1525 2068 1356 2066 1524 2072 1524 2072 1356 2066 1357 2073 1524 2072 1357 2073 1523 2074 1523 2074 1357 2073 1522 2075 1522 2075 1357 2073 1358 2076 1522 2075 1358 2076 1521 2077 1521 2077 1358 2076 1520 2078 1520 2078 1358 2076 1519 2079 1519 2079 1358 2076 1359 2080 1519 2079 1359 2080 1518 2081 1518 2081 1359 2080 1517 2082 1517 2082 1359 2080 1516 2083 1516 2083 1359 2080 1360 2084 1516 2083 1360 2084 1515 2085 1515 2085 1360 2084 1514 2086 1514 2086 1360 2084 1361 2087 1514 2086 1361 2087 1513 2088 1513 2088 1361 2087 1670 2089 1513 2088 1670 2089 1671 2090 1361 2087 1362 2091 1670 2089 1670 2089 1362 2091 1669 2092 1669 2092 1362 2091 1363 2093 1669 2092 1363 2093 1668 2094 1668 2094 1363 2093 1667 2095 1667 2095 1363 2093 1364 2096 1667 2095 1364 2096 1666 2097 1666 2097 1364 2096 1365 2098 1666 2097 1365 2098 1665 2099 1665 2099 1365 2098 1366 2100 1665 2099 1366 2100 1664 2101 1664 2101 1366 2100 1367 2102 1664 2101 1367 2102 1432 2103 1432 2103 1367 2102 1455 2104 1455 2104 1367 2102 1454 2105 1454 2105 1367 2102 1368 2106 1454 2105 1368 2106 1453 2107 1453 2107 1368 2106 1452 2108 1452 2108 1368 2106 1451 2109 1451 2109 1368 2106 1369 2110 1451 2109 1369 2110 1450 2111 1450 2111 1369 2110 1449 2112 1449 2112 1369 2110 1370 2113 1449 2112 1370 2113 1448 2114 1448 2114 1370 2113 1447 2115 1447 2115 1370 2113 1446 2116 1446 2116 1370 2113 1371 2117 1446 2116 1371 2117 1445 2118 1445 2118 1371 2117 1444 2119 1444 2119 1371 2117 1658 2120 1444 2119 1658 2120 1659 2121 1371 2117 1372 2122 1658 2120 1658 2120 1372 2122 1657 2123 1657 2123 1372 2122 1373 2124 1657 2123 1373 2124 1656 2125 1656 2125 1373 2124 1374 2126 1656 2125 1374 2126 1655 2127 1655 2127 1374 2126 1375 2128 1655 2127 1375 2128 1654 2129 1654 2129 1375 2128 1653 2130 1653 2130 1375 2128 1376 2131 1653 2130 1376 2131 1652 2132 1652 2132 1376 2131 1377 2133 1652 2132 1377 2133 1555 2134 1555 2134 1377 2133 1554 2135 1554 2135 1377 2133 1378 2136 1554 2135 1378 2136 1553 2137 1553 2137 1378 2136 1552 2138 1552 2138 1378 2136 1379 2139 1552 2138 1379 2139 1575 2140 1575 2140 1379 2139 1574 2141 1574 2141 1379 2139 1573 2142 1573 2142 1379 2139 1380 2143 1573 2142 1380 2143 1572 2144 1572 2144 1380 2143 1571 2145 1571 2145 1380 2143 1570 2146 1570 2146 1380 2143 1381 2147 1570 2146 1381 2147 1569 2148 1569 2148 1381 2147 1568 2149 1568 2149 1381 2147 1382 2150 1568 2149 1382 2150 1567 2151 1567 2151 1382 2150 1646 2152 1567 2151 1646 2152 1647 2153 1646 2152 1382 2150 1645 2154 1645 2154 1382 2150 1383 2155 1645 2154 1383 2155 1644 2156 1644 2156 1383 2155 1384 2157 1644 2156 1384 2157 1643 2158 1643 2158 1384 2157 1385 2159 1643 2158 1385 2159 1642 2160 1642 2160 1385 2159 1386 2161 1642 2160 1386 2161 1641 2162 1641 2162 1386 2161 1387 2163 1641 2162 1387 2163 1640 2164 1640 2164 1387 2163 1388 2165 1640 2164 1388 2165 1462 2166 1462 2166 1388 2165 1461 2167 1461 2167 1388 2165 1460 2168 1460 2168 1388 2165 1389 2169 1460 2168 1389 2169 1459 2170 1459 2170 1389 2169 1458 2171 1458 2171 1389 2169 1457 2172 1457 2172 1389 2169 1390 2173 1457 2172 1390 2173 1456 2174 1456 2174 1390 2173 1479 2175 1479 2175 1390 2173 1391 2176 1479 2175 1391 2176 1478 2177 1478 2177 1391 2176 1477 2178 1477 2178 1391 2176 1476 2179 1476 2179 1391 2176 1392 2180 1476 2179 1392 2180 1475 2181 1475 2181 1392 2180 1474 2182 1474 2182 1392 2180 1393 2183 1474 2182 1393 2183 1473 2184 1473 2184 1393 2183 996 2185 1473 2184 996 2185 1472 2186 1472 2186 996 2185 1631 2187 1472 2186 1631 2187 1632 2188 1393 2183 1394 2189 996 2185 996 2185 1394 2189 997 2190 997 2190 1394 2189 998 2191 998 2191 1394 2189 1395 2192 998 2191 1395 2192 999 2193 999 2193 1395 2192 1396 2194 999 2193 1396 2194 763 2195 763 2195 1396 2194 1397 2196 763 2195 1397 2196 764 2197 764 2197 1397 2196 765 2198 765 2198 1397 2196 1398 2199 765 2198 1398 2199 1537 2200 1537 2200 1398 2199 1536 2201 1536 2201 1398 2199 1399 2202 1536 2201 1399 2202 1535 2203 1535 2203 1399 2202 1534 2204 1534 2204 1399 2202 1400 2205 1534 2204 1400 2205 1533 2206 1533 2206 1400 2205 1532 2207 1532 2207 1400 2205 1531 2208 1531 2208 1400 2205 1401 2209 1531 2208 1401 2209 1530 2210 1530 2210 1401 2209 1529 2211 1529 2211 1401 2209 1528 2212 1528 2212 1401 2209 1402 2213 1528 2212 1402 2213 1551 2214 1551 2214 1402 2213 1550 2215 1550 2215 1402 2213 1403 2216 1550 2215 1403 2216 1549 2217 1549 2217 1403 2216 1548 2218 1548 2218 1403 2216 772 2219 1548 2218 772 2219 771 2220 1403 2216 1404 2221 772 2219 772 2219 1404 2221 773 2222 773 2222 1404 2221 1405 2223 773 2222 1405 2223 774 2224 774 2224 1405 2223 1406 2225 774 2224 1406 2225 775 2226 775 2226 1406 2225 724 2227 724 2227 1406 2225 1407 2228 724 2227 1407 2228 725 2229 725 2229 1407 2228 1408 2230 725 2229 1408 2230 1613 2231 1613 2231 1408 2230 1612 2232 1612 2232 1408 2230 1409 2233 1612 2232 1409 2233 1611 2234 1611 2234 1409 2233 1610 2235 1610 2235 1409 2233 1410 2236 1610 2235 1410 2236 1609 2237 1609 2237 1410 2236 1608 2238 1608 2238 1410 2236 1607 2239 1607 2239 1410 2236 1411 2240 1607 2239 1411 2240 1606 2241 1606 2241 1411 2240 1605 2242 1605 2242 1411 2240 1412 2243 1605 2242 1412 2243 1604 2244 1604 2244 1412 2243 1603 2245 1603 2245 1412 2243 1602 2246 1602 2246 1412 2243 1413 2247 1602 2246 1413 2247 1601 2248 1601 2248 1413 2247 1600 2249 1600 2249 1413 2247 1414 2250 1600 2249 1414 2250 1623 2251 1623 2251 1414 2250 694 2252 1623 2251 694 2252 693 2253 1414 2250 1415 2254 694 2252 694 2252 1415 2254 695 2255 695 2255 1415 2254 1416 2256 695 2255 1416 2256 942 2257 942 2257 1416 2256 943 2258 943 2258 1416 2256 1417 2259 943 2258 1417 2259 944 2260 944 2260 1417 2259 1418 2261 944 2260 1418 2261 945 2262 945 2262 1418 2261 1419 2263 945 2262 1419 2263 1496 2264 1496 2264 1419 2263 1495 2265 1495 2265 1419 2263 1494 2266 1494 2266 1419 2263 1420 2267 1494 2266 1420 2267 1493 2268 1493 2268 1420 2267 1492 2269 1492 2269 1420 2267 1421 2270 1492 2269 1421 2270 1491 2271 1491 2271 1421 2270 1490 2272 1490 2272 1421 2270 1489 2273 1489 2273 1421 2270 1422 2274 1489 2273 1422 2274 1488 2275 1488 2275 1422 2274 1487 2276 1487 2276 1422 2274 1486 2277 1486 2277 1422 2274 1423 2278 1486 2277 1423 2278 1485 2279 1485 2279 1423 2278 1484 2280 1484 2280 1423 2278 1424 2281 1484 2280 1424 2281 1483 2282 1483 2282 1424 2281 952 2283 1483 2282 952 2283 1482 2284 1482 2284 952 2283 951 2285 1482 2284 951 2285 1481 2286 1481 2286 951 2285 1480 2287 1480 2287 951 2285 950 2288 1480 2287 950 2288 1503 2289 1503 2289 950 2288 949 2290 1503 2289 949 2290 1502 2291 1502 2291 949 2290 1501 2292 1501 2292 949 2290 948 2293 1501 2292 948 2293 1500 2294 1500 2294 948 2293 1499 2295 1499 2295 948 2293 947 2296 1499 2295 947 2296 1498 2297 1498 2297 947 2296 1497 2298 1497 2298 947 2296 946 2299 1497 2298 946 2299 1496 2264 1496 2264 946 2299 945 2262 1424 2281 1425 2300 952 2283 952 2283 1425 2300 953 2301 953 2301 1425 2300 800 2302 800 2302 1425 2300 1426 2303 800 2302 1426 2303 801 2304 801 2304 1426 2303 1427 2305 801 2304 1427 2305 802 2306 802 2306 1427 2305 1428 2307 802 2306 1428 2307 803 2308 803 2308 1428 2307 804 2309 804 2309 1428 2307 1429 2310 804 2309 1429 2310 1595 2311 1595 2311 1429 2310 1594 2312 1594 2312 1429 2310 1430 2313 1594 2312 1430 2313 1593 2314 1593 2314 1430 2313 1592 2315 1592 2315 1430 2313 1431 2316 1592 2315 1431 2316 1591 2317 1591 2317 1431 2316 1590 2318 1590 2318 1431 2316 1589 2048 1589 2048 1431 2316 1348 2046 1664 2101 1432 2103 1663 2319 1663 2319 1432 2103 1433 2320 1663 2319 1433 2320 1434 2321 1663 2319 1434 2321 1662 2322 1662 2322 1434 2321 1435 2323 1662 2322 1435 2323 1436 2324 1436 2324 1437 2325 1662 2322 1662 2322 1437 2325 1661 2326 1661 2326 1437 2325 1438 2327 1661 2326 1438 2327 1439 2328 1661 2326 1439 2328 1660 2329 1660 2329 1439 2328 1440 2330 1660 2329 1440 2330 1441 2331 1441 2331 1442 2332 1660 2329 1660 2329 1442 2332 1659 2121 1659 2121 1442 2332 1443 2333 1659 2121 1443 2333 1444 2119 1640 2164 1462 2166 1639 2334 1639 2334 1462 2166 1463 2335 1639 2334 1463 2335 1464 2336 1639 2334 1464 2336 1638 2337 1638 2337 1464 2336 1465 2338 1638 2337 1465 2338 1466 2339 1466 2339 1467 2340 1638 2337 1638 2337 1467 2340 1637 2341 1637 2341 1467 2340 1468 2342 1637 2341 1468 2342 1469 2343 1469 2343 1470 2344 1637 2341 1637 2341 1470 2344 1471 2345 1637 2341 1471 2345 1636 2346 1636 2346 1471 2345 1472 2186 1636 2346 1472 2186 1635 2347 1635 2347 1472 2186 1634 2348 1634 2348 1472 2186 1633 2349 1633 2349 1472 2186 1632 2188 1527 2071 1504 2350 1674 2351 1674 2351 1504 2350 1505 2352 1674 2351 1505 2352 1506 2353 1674 2351 1506 2353 1673 2354 1673 2354 1506 2353 1507 2355 1673 2354 1507 2355 1508 2356 1673 2354 1508 2356 1672 2357 1672 2357 1508 2356 1509 2358 1672 2357 1509 2358 1510 2359 1510 2359 1511 2360 1672 2357 1672 2357 1511 2360 1671 2090 1671 2090 1511 2360 1512 2361 1671 2090 1512 2361 1513 2088 1675 2069 1527 2071 1674 2351 1537 2200 1538 2362 765 2198 765 2198 1538 2362 766 2363 766 2363 1538 2362 1539 2364 766 2363 1539 2364 1540 2365 766 2363 1540 2365 767 2366 767 2366 1540 2365 1541 2367 767 2366 1541 2367 768 2368 768 2368 1541 2367 1542 2369 768 2368 1542 2369 1543 2370 768 2368 1543 2370 769 2371 769 2371 1543 2370 1544 2372 769 2371 1544 2372 1545 2373 769 2371 1545 2373 770 2374 770 2374 1545 2373 1546 2375 770 2374 1546 2375 1547 2376 770 2374 1547 2376 771 2220 771 2220 1547 2376 1548 2218 1652 2132 1555 2134 1651 2377 1651 2377 1555 2134 1556 2378 1651 2377 1556 2378 1557 2379 1651 2377 1557 2379 1650 2380 1650 2380 1557 2379 1558 2381 1650 2380 1558 2381 1559 2382 1559 2382 1560 2383 1650 2380 1650 2380 1560 2383 1649 2384 1649 2384 1560 2383 1561 2385 1649 2384 1561 2385 1562 2386 1649 2384 1562 2386 1648 2387 1648 2387 1562 2386 1563 2388 1648 2387 1563 2388 1564 2389 1564 2389 1565 2390 1648 2387 1648 2387 1565 2390 1647 2153 1647 2153 1565 2390 1566 2391 1647 2153 1566 2391 1567 2151 1599 2392 1576 2393 1327 2394 1327 2394 1576 2393 1577 2395 1327 2394 1577 2395 1684 2396 1684 2396 1577 2395 1578 2397 1684 2396 1578 2397 1579 2398 1579 2398 1580 2399 1684 2396 1684 2396 1580 2399 1683 2400 1683 2400 1580 2399 1581 2401 1683 2400 1581 2401 1582 2055 1583 2056 1584 2050 1350 2049 1586 2052 1587 2045 1349 2044 1595 2311 1596 2402 804 2309 804 2309 1596 2402 1321 2403 804 2309 1321 2403 1320 2404 1597 2405 1326 2406 1596 2402 1596 2402 1326 2406 1325 2407 1596 2402 1325 2407 1324 2408 1326 2406 1597 2405 1327 2394 1327 2394 1597 2405 1598 2409 1327 2394 1598 2409 1599 2392 725 2229 1613 2231 726 2410 726 2410 1613 2231 1614 2411 726 2410 1614 2411 727 2412 727 2412 1614 2411 1615 2413 727 2412 1615 2413 728 2414 728 2414 1615 2413 1616 2415 728 2414 1616 2415 729 2416 729 2416 1616 2415 1617 2417 729 2416 1617 2417 1184 2418 1184 2418 1617 2417 1185 2419 1185 2419 1617 2417 1618 2420 1185 2419 1618 2420 1279 2421 1279 2421 1618 2420 1619 2422 1279 2421 1619 2422 717 2423 717 2423 1619 2422 690 2424 690 2424 1619 2422 1620 2425 690 2424 1620 2425 691 2426 691 2426 1620 2425 1621 2427 691 2426 1621 2427 692 2428 692 2428 1621 2427 1622 2429 692 2428 1622 2429 693 2253 693 2253 1622 2429 1623 2251 1324 2408 1323 2430 1596 2402 1596 2402 1323 2430 1322 2431 1596 2402 1322 2431 1321 2403 1320 2404 1319 2432 804 2309 804 2309 1319 2432 805 2433 805 2433 1319 2432 1318 2434 805 2433 1318 2434 1317 2435 1317 2435 1316 2436 805 2433 805 2433 1316 2436 806 2437 806 2437 1316 2436 807 2438 807 2438 1316 2436 808 2439 808 2439 1316 2436 809 2440 809 2440 1316 2436 810 2441 810 2441 1316 2436 811 2442 811 2442 1316 2436 1218 2443 1218 2443 1316 2436 1624 2444 1218 2443 1624 2444 1219 2445 1219 2445 1624 2444 1220 2446 1220 2446 1624 2444 1221 2447 1221 2447 1624 2444 1222 2448 1222 2448 1624 2444 1223 2449 1223 2449 1624 2444 1224 2450 1224 2450 1624 2444 1225 2451 1225 2451 1624 2444 1226 2452 1226 2452 1624 2444 1227 2453 1227 2453 1624 2444 1262 2454 1262 2454 1624 2444 1625 2455 1262 2454 1625 2455 1193 2456 1193 2456 1625 2455 1132 2457 1132 2457 1625 2455 1133 2458 1133 2458 1625 2455 1134 2459 1134 2459 1625 2455 1135 2460 1135 2460 1625 2455 1136 2461 1136 2461 1625 2455 1137 2462 1137 2462 1625 2455 1138 2463 1138 2463 1625 2455 1139 2464 1139 2464 1625 2455 1140 2465 1140 2465 1625 2455 1131 2466 1131 2466 1625 2455 1626 2467 1131 2466 1626 2467 989 2468 989 2468 1626 2467 990 2469 990 2469 1626 2467 991 2470 991 2470 1626 2467 992 2471 992 2471 1626 2467 993 2472 993 2472 1626 2467 994 2473 994 2473 1626 2467 995 2474 995 2474 1626 2467 1627 2475 995 2474 1627 2475 1628 2476 1628 2476 1629 2477 995 2474 995 2474 1629 2477 996 2185 996 2185 1629 2477 1630 2478 996 2185 1630 2478 1631 2187 1682 2054 1683 2400 1582 2055 1262 2454 1193 2456 1272 2479 1272 2479 1193 2456 1192 2480 1272 2479 1192 2480 1273 2481 1273 2481 1192 2480 1191 2482 1273 2481 1191 2482 1274 2483 1274 2483 1191 2482 1190 2484 1274 2483 1190 2484 1275 2485 1275 2485 1190 2484 1189 2486 1275 2485 1189 2486 1276 2487 1276 2487 1189 2486 1188 2488 1276 2487 1188 2488 1277 2489 1277 2489 1188 2488 1187 2490 1277 2489 1187 2490 1278 2491 1278 2491 1187 2490 1186 2492 1278 2491 1186 2492 1279 2421 1279 2421 1186 2492 1185 2419 1636 2493 1697 2494 1637 2495 1637 2495 1697 2494 1698 2496 1637 2495 1698 2496 1696 2497 1696 2497 1698 2496 1695 2498 1695 2498 1698 2496 1694 2499 1694 2499 1698 2496 1700 2500 1694 2499 1700 2500 1693 2501 1693 2501 1700 2500 1702 2502 1693 2501 1702 2502 1692 2503 1692 2503 1702 2502 1704 2504 1692 2503 1704 2504 1691 2505 1691 2505 1704 2504 1706 2506 1691 2505 1706 2506 1690 2507 1690 2507 1706 2506 1708 2508 1690 2507 1708 2508 1689 2509 1689 2509 1708 2508 1710 2510 1689 2509 1710 2510 1688 2511 1688 2511 1710 2510 1712 2512 1688 2511 1712 2512 1687 2513 1687 2513 1712 2512 1714 2514 1687 2513 1714 2514 1686 2515 1686 2515 1714 2514 1716 2516 1686 2515 1716 2516 1685 2517 1685 2517 1716 2516 1715 2518 1685 2517 1715 2518 1626 2519 1626 2519 1715 2518 1627 2520 1627 2520 1715 2518 1628 2521 1628 2521 1715 2518 1713 2522 1628 2521 1713 2522 1629 2523 1629 2523 1713 2522 1711 2524 1629 2523 1711 2524 1630 2525 1630 2525 1711 2524 1709 2526 1630 2525 1709 2526 1631 2527 1631 2527 1709 2526 1707 2528 1631 2527 1707 2528 1632 2529 1632 2529 1707 2528 1705 2530 1632 2529 1705 2530 1633 2531 1633 2531 1705 2530 1703 2532 1633 2531 1703 2532 1634 2533 1634 2533 1703 2532 1701 2534 1634 2533 1701 2534 1635 2535 1635 2535 1701 2534 1699 2536 1635 2535 1699 2536 1636 2493 1636 2493 1699 2536 1697 2494 1700 2500 1698 2496 1697 2494 1700 2500 1697 2494 1699 2536 1702 2502 1700 2500 1699 2536 1702 2502 1699 2536 1701 2534 1704 2504 1702 2502 1701 2534 1704 2504 1701 2534 1703 2532 1706 2506 1704 2504 1703 2532 1706 2506 1703 2532 1705 2530 1708 2508 1706 2506 1705 2530 1708 2508 1705 2530 1707 2528 1710 2510 1708 2508 1707 2528 1710 2510 1707 2528 1709 2526 1712 2512 1710 2510 1709 2526 1712 2512 1709 2526 1711 2524 1714 2514 1712 2512 1711 2524 1714 2514 1711 2524 1713 2522 1716 2516 1714 2514 1713 2522 1716 2516 1713 2522 1715 2518 1626 2519 1625 2537 1685 2517 1685 2517 1625 2537 1717 2538 811 1528 1218 1916 788 1486 788 1486 1218 1916 1237 1918 1149 1832 1174 1872 1132 1830 1132 1830 1174 1872 1193 1874 1764 2539 1304 2540 1765 2541 1765 2541 1304 2540 1327 2542 1765 2541 1327 2542 1684 2543 1765 2541 1684 2543 1766 2544 1766 2544 1684 2543 1683 2545 1766 2544 1683 2545 1767 2546 1767 2546 1683 2545 1682 2547 1767 2546 1682 2547 1768 2548 1768 2548 1682 2547 1681 2549 1768 2548 1681 2549 1769 2550 1769 2550 1681 2549 1680 2551 1769 2550 1680 2551 1770 2552 1770 2552 1680 2551 1679 2553 1770 2552 1679 2553 1771 2554 1771 2554 1679 2553 1678 2555 1771 2554 1678 2555 1772 2556 1772 2556 1678 2555 1677 2557 1772 2556 1677 2557 1773 2558 1773 2558 1677 2557 1676 2559 1773 2558 1676 2559 1774 2560 1774 2560 1676 2559 1675 2561 1774 2560 1675 2561 1775 2562 1775 2562 1675 2561 1674 2563 1775 2562 1674 2563 1776 2564 1776 2564 1674 2563 1673 2565 1776 2564 1673 2565 1777 2566 1777 2566 1673 2565 1672 2567 1777 2566 1672 2567 1778 2568 1778 2568 1672 2567 1671 2569 1778 2568 1671 2569 1779 2570 1779 2570 1671 2569 1670 2571 1779 2570 1670 2571 1780 2572 1780 2572 1670 2571 1669 2573 1780 2572 1669 2573 1781 2574 1781 2574 1669 2573 1668 2575 1781 2574 1668 2575 1782 2576 1782 2576 1668 2575 1667 2577 1782 2576 1667 2577 1783 2578 1783 2578 1667 2577 1666 2579 1783 2578 1666 2579 1784 2580 1784 2580 1666 2579 1665 2581 1784 2580 1665 2581 1785 2582 1785 2582 1665 2581 1664 2583 1785 2582 1664 2583 1786 2584 1786 2584 1664 2583 1663 2585 1786 2584 1663 2585 1787 2586 1787 2586 1663 2585 1662 2587 1787 2586 1662 2587 1788 2588 1788 2588 1662 2587 1661 2589 1788 2588 1661 2589 1789 2590 1789 2590 1661 2589 1660 2591 1789 2590 1660 2591 1790 2592 1790 2592 1660 2591 1659 2593 1790 2592 1659 2593 1791 2594 1791 2594 1659 2593 1658 2595 1791 2594 1658 2595 1792 2596 1792 2596 1658 2595 1657 2597 1792 2596 1657 2597 1793 2598 1793 2598 1657 2597 1656 2599 1793 2598 1656 2599 1794 2600 1794 2600 1656 2599 1655 2601 1794 2600 1655 2601 1795 2602 1795 2602 1655 2601 1654 2603 1795 2602 1654 2603 1796 2604 1796 2604 1654 2603 1653 2605 1796 2604 1653 2605 1797 2606 1797 2606 1653 2605 1652 2607 1797 2606 1652 2607 1798 2608 1798 2608 1652 2607 1651 2609 1798 2608 1651 2609 1799 2610 1799 2610 1651 2609 1650 2611 1799 2610 1650 2611 1800 2612 1800 2612 1650 2611 1649 2613 1800 2612 1649 2613 1801 2614 1801 2614 1649 2613 1648 2615 1801 2614 1648 2615 1802 2616 1802 2616 1648 2615 1647 2617 1802 2616 1647 2617 1803 2618 1803 2618 1647 2617 1646 2619 1803 2618 1646 2619 1804 2620 1804 2620 1646 2619 1645 2621 1804 2620 1645 2621 1805 2622 1805 2622 1645 2621 1644 2623 1805 2622 1644 2623 1806 2624 1806 2624 1644 2623 1643 2625 1806 2624 1643 2625 1807 2626 1807 2626 1643 2625 1642 2627 1807 2626 1642 2627 1808 2628 1808 2628 1642 2627 1641 2629 1808 2628 1641 2629 1809 2630 1809 2630 1641 2629 1640 2631 1809 2630 1640 2631 1810 2632 1810 2632 1640 2631 1639 2633 1810 2632 1639 2633 1811 2634 1811 2634 1639 2633 1638 2635 1811 2634 1638 2635 1637 2636 1637 2636 1696 2637 1811 2634 1811 2634 1696 2637 1718 2638 1811 2634 1718 2638 1810 2632 1810 2632 1718 2638 1719 2639 1810 2632 1719 2639 1809 2630 1809 2630 1719 2639 1720 2640 1809 2630 1720 2640 1808 2628 1808 2628 1720 2640 1721 2641 1808 2628 1721 2641 1807 2626 1807 2626 1721 2641 1722 2642 1807 2626 1722 2642 1806 2624 1806 2624 1722 2642 1723 2643 1806 2624 1723 2643 1805 2622 1805 2622 1723 2643 1724 2644 1805 2622 1724 2644 1804 2620 1804 2620 1724 2644 1725 2645 1804 2620 1725 2645 1803 2618 1803 2618 1725 2645 1726 2646 1803 2618 1726 2646 1802 2616 1802 2616 1726 2646 1727 2647 1802 2616 1727 2647 1801 2614 1801 2614 1727 2647 1728 2648 1801 2614 1728 2648 1800 2612 1800 2612 1728 2648 1729 2649 1800 2612 1729 2649 1799 2610 1799 2610 1729 2649 1730 2650 1799 2610 1730 2650 1798 2608 1798 2608 1730 2650 1731 2651 1798 2608 1731 2651 1797 2606 1797 2606 1731 2651 1732 2652 1797 2606 1732 2652 1796 2604 1796 2604 1732 2652 1733 2653 1796 2604 1733 2653 1795 2602 1795 2602 1733 2653 1734 2654 1795 2602 1734 2654 1794 2600 1794 2600 1734 2654 1735 2655 1794 2600 1735 2655 1793 2598 1793 2598 1735 2655 1736 2656 1793 2598 1736 2656 1792 2596 1792 2596 1736 2656 1737 2657 1792 2596 1737 2657 1791 2594 1791 2594 1737 2657 1738 2658 1791 2594 1738 2658 1790 2592 1790 2592 1738 2658 1739 2659 1790 2592 1739 2659 1789 2590 1789 2590 1739 2659 1740 2660 1789 2590 1740 2660 1788 2588 1788 2588 1740 2660 1741 2661 1788 2588 1741 2661 1787 2586 1787 2586 1741 2661 1742 2662 1787 2586 1742 2662 1786 2584 1786 2584 1742 2662 1743 2663 1786 2584 1743 2663 1785 2582 1785 2582 1743 2663 1744 2664 1785 2582 1744 2664 1784 2580 1784 2580 1744 2664 1745 2665 1784 2580 1745 2665 1783 2578 1783 2578 1745 2665 1746 2666 1783 2578 1746 2666 1782 2576 1782 2576 1746 2666 1747 2667 1782 2576 1747 2667 1781 2574 1781 2574 1747 2667 1748 2668 1781 2574 1748 2668 1780 2572 1780 2572 1748 2668 1749 2669 1780 2572 1749 2669 1779 2570 1779 2570 1749 2669 1750 2670 1779 2570 1750 2670 1778 2568 1778 2568 1750 2670 1751 2671 1778 2568 1751 2671 1777 2566 1777 2566 1751 2671 1752 2672 1777 2566 1752 2672 1776 2564 1776 2564 1752 2672 1753 2673 1776 2564 1753 2673 1775 2562 1775 2562 1753 2673 1754 2674 1775 2562 1754 2674 1774 2560 1774 2560 1754 2674 1755 2675 1774 2560 1755 2675 1773 2558 1773 2558 1755 2675 1756 2676 1773 2558 1756 2676 1772 2556 1772 2556 1756 2676 1757 2677 1772 2556 1757 2677 1771 2554 1771 2554 1757 2677 1758 2678 1771 2554 1758 2678 1770 2552 1770 2552 1758 2678 1759 2679 1770 2552 1759 2679 1769 2550 1769 2550 1759 2679 1760 2680 1769 2550 1760 2680 1768 2548 1768 2548 1760 2680 1761 2681 1768 2548 1761 2681 1767 2546 1767 2546 1761 2681 1762 2682 1767 2546 1762 2682 1766 2544 1766 2544 1762 2682 1763 2683 1766 2544 1763 2683 1765 2541 1765 2541 1763 2683 1764 2539 1813 2684 2001 2685 1812 2686 1812 2686 2001 2685 2000 2687 1812 2686 2000 2687 1905 2688 1905 2688 2000 2687 2093 2689 1905 2688 2093 2689 1904 2690 1904 2690 2093 2689 2092 2691 1904 2690 2092 2691 1903 2692 1903 2692 2092 2691 2091 2693 1903 2692 2091 2693 1902 2694 1902 2694 2091 2693 2090 2695 1902 2694 2090 2695 1901 2696 1901 2696 2090 2695 2089 2697 1901 2696 2089 2697 1900 2698 1900 2698 2089 2697 2088 2699 1900 2698 2088 2699 1899 2700 1899 2700 2088 2699 2087 2701 1899 2700 2087 2701 1898 2702 1898 2702 2087 2701 2086 2703 1898 2702 2086 2703 1897 2704 1897 2704 2086 2703 2085 2705 1897 2704 2085 2705 1896 2706 1896 2706 2085 2705 2084 2707 1896 2706 2084 2707 1895 2708 1895 2708 2084 2707 2083 2709 1895 2708 2083 2709 1894 2710 1894 2710 2083 2709 2082 2711 1894 2710 2082 2711 1893 2712 1893 2712 2082 2711 2081 2713 1893 2712 2081 2713 1892 2714 1892 2714 2081 2713 2080 2715 1892 2714 2080 2715 1891 2716 1891 2716 2080 2715 2079 2717 1891 2716 2079 2717 1890 2718 1890 2718 2079 2717 2078 2719 1890 2718 2078 2719 1889 2720 1889 2720 2078 2719 2077 2721 1889 2720 2077 2721 1888 2722 1888 2722 2077 2721 2076 2723 1888 2722 2076 2723 1887 2724 1887 2724 2076 2723 2075 2725 1887 2724 2075 2725 1886 2726 1886 2726 2075 2725 2074 2727 1886 2726 2074 2727 1885 2728 1885 2728 2074 2727 2073 2729 1885 2728 2073 2729 1884 2730 1884 2730 2073 2729 2072 2731 1884 2730 2072 2731 1883 2732 1883 2732 2072 2731 2071 2733 1883 2732 2071 2733 1882 2734 1882 2734 2071 2733 2070 2735 1882 2734 2070 2735 1881 2736 1881 2736 2070 2735 2069 2737 1881 2736 2069 2737 1880 2738 1880 2738 2069 2737 2068 2739 1880 2738 2068 2739 1879 2740 1879 2740 2068 2739 2067 2741 1879 2740 2067 2741 1878 2742 1878 2742 2067 2741 2066 2743 1878 2742 2066 2743 1877 2744 1877 2744 2066 2743 2065 2745 1877 2744 2065 2745 1876 2746 1876 2746 2065 2745 2064 2747 1876 2746 2064 2747 1875 2748 1875 2748 2064 2747 2063 2749 1875 2748 2063 2749 1874 2750 1874 2750 2063 2749 2062 2751 1874 2750 2062 2751 1873 2752 1873 2752 2062 2751 2061 2753 1873 2752 2061 2753 1872 2754 1872 2754 2061 2753 2060 2755 1872 2754 2060 2755 1871 2756 1871 2756 2060 2755 2059 2757 1871 2756 2059 2757 1870 2758 1870 2758 2059 2757 2058 2759 1870 2758 2058 2759 1869 2760 1869 2760 2058 2759 2057 2761 1869 2760 2057 2761 1868 2762 1868 2762 2057 2761 2056 2763 1868 2762 2056 2763 1867 2764 1867 2764 2056 2763 2055 2765 1867 2764 2055 2765 1866 2766 1866 2766 2055 2765 2054 2767 1866 2766 2054 2767 1865 2768 1865 2768 2054 2767 2053 2769 1865 2768 2053 2769 1864 2770 1864 2770 2053 2769 2052 2771 1864 2770 2052 2771 1863 2772 1863 2772 2052 2771 2051 2773 1863 2772 2051 2773 1862 2774 1862 2774 2051 2773 2050 2775 1862 2774 2050 2775 1861 2776 1861 2776 2050 2775 2049 2777 1861 2776 2049 2777 1860 2778 1860 2778 2049 2777 2048 2779 1860 2778 2048 2779 1859 2780 1859 2780 2048 2779 2047 2781 1859 2780 2047 2781 1858 2782 1858 2782 2047 2781 2046 2783 1858 2782 2046 2783 1857 2784 1857 2784 2046 2783 2045 2785 1857 2784 2045 2785 1856 2786 1856 2786 2045 2785 2044 2787 1856 2786 2044 2787 1855 2788 1855 2788 2044 2787 2043 2789 1855 2788 2043 2789 1854 2790 1854 2790 2043 2789 2042 2791 1854 2790 2042 2791 1853 2792 1853 2792 2042 2791 2041 2793 1853 2792 2041 2793 1852 2794 1852 2794 2041 2793 2040 2795 1852 2794 2040 2795 1851 2796 1851 2796 2040 2795 2039 2797 1851 2796 2039 2797 1850 2798 1850 2798 2039 2797 2038 2799 1850 2798 2038 2799 1849 2800 1849 2800 2038 2799 2037 2801 1849 2800 2037 2801 1848 2802 1848 2802 2037 2801 2036 2803 1848 2802 2036 2803 1847 2804 1847 2804 2036 2803 2035 2805 1847 2804 2035 2805 1846 2806 1846 2806 2035 2805 2034 2807 1846 2806 2034 2807 1845 2808 1845 2808 2034 2807 2033 2809 1845 2808 2033 2809 1844 2810 1844 2810 2033 2809 2032 2811 1844 2810 2032 2811 1843 2812 1843 2812 2032 2811 2031 2813 1843 2812 2031 2813 1842 2814 1842 2814 2031 2813 2030 2815 1842 2814 2030 2815 1841 2816 1841 2816 2030 2815 2029 2817 1841 2816 2029 2817 1840 2818 1840 2818 2029 2817 2028 2819 1840 2818 2028 2819 1839 2820 1839 2820 2028 2819 2027 2821 1839 2820 2027 2821 1838 2822 1838 2822 2027 2821 2026 2823 1838 2822 2026 2823 1837 2824 1837 2824 2026 2823 2025 2825 1837 2824 2025 2825 1836 2826 1836 2826 2025 2825 2024 2827 1836 2826 2024 2827 1835 2828 1835 2828 2024 2827 2023 2829 1835 2828 2023 2829 1834 2830 1834 2830 2023 2829 2022 2831 1834 2830 2022 2831 1833 2832 1833 2832 2022 2831 2021 2833 1833 2832 2021 2833 1832 2834 1832 2834 2021 2833 2020 2835 1832 2834 2020 2835 1831 2836 1831 2836 2020 2835 2019 2837 1831 2836 2019 2837 1830 2838 1830 2838 2019 2837 2018 2839 1830 2838 2018 2839 1829 2840 1829 2840 2018 2839 2017 2841 1829 2840 2017 2841 1828 2842 1828 2842 2017 2841 2016 2843 1828 2842 2016 2843 1827 2844 1827 2844 2016 2843 2015 2845 1827 2844 2015 2845 1826 2846 1826 2846 2015 2845 2014 2847 1826 2846 2014 2847 1825 2848 1825 2848 2014 2847 2013 2849 1825 2848 2013 2849 1824 2850 1824 2850 2013 2849 2012 2851 1824 2850 2012 2851 1823 2852 1823 2852 2012 2851 2011 2853 1823 2852 2011 2853 1822 2854 1822 2854 2011 2853 2010 2855 1822 2854 2010 2855 1821 2856 1821 2856 2010 2855 2009 2857 1821 2856 2009 2857 1820 2858 1820 2858 2009 2857 2008 2859 1820 2858 2008 2859 1819 2860 1819 2860 2008 2859 2007 2861 1819 2860 2007 2861 1818 2862 1818 2862 2007 2861 2006 2863 1818 2862 2006 2863 1817 2864 1817 2864 2006 2863 2005 2865 1817 2864 2005 2865 1816 2866 1816 2866 2005 2865 2004 2867 1816 2866 2004 2867 1815 2868 1815 2868 2004 2867 2003 2869 1815 2868 2003 2869 1814 2870 1814 2870 2003 2869 2002 2871 1814 2870 2002 2871 1813 2684 1813 2684 2002 2871 2001 2685 1907 2872 2093 2689 1906 2873 1906 2873 2093 2689 2000 2687 1906 2873 2000 2687 1999 2874 1999 2874 2000 2687 2001 2685 1999 2874 2001 2685 1998 2875 1998 2875 2001 2685 2002 2871 1998 2875 2002 2871 1997 2876 1997 2876 2002 2871 2003 2869 1997 2876 2003 2869 1996 2877 1996 2877 2003 2869 2004 2867 1996 2877 2004 2867 1995 2878 1995 2878 2004 2867 2005 2865 1995 2878 2005 2865 1994 2879 1994 2879 2005 2865 2006 2863 1994 2879 2006 2863 1993 2880 1993 2880 2006 2863 2007 2861 1993 2880 2007 2861 1992 2881 1992 2881 2007 2861 2008 2859 1992 2881 2008 2859 1991 2882 1991 2882 2008 2859 2009 2857 1991 2882 2009 2857 1990 2883 1990 2883 2009 2857 2010 2855 1990 2883 2010 2855 1989 2884 1989 2884 2010 2855 2011 2853 1989 2884 2011 2853 1988 2885 1988 2885 2011 2853 2012 2851 1988 2885 2012 2851 1987 2886 1987 2886 2012 2851 2013 2849 1987 2886 2013 2849 1986 2887 1986 2887 2013 2849 2014 2847 1986 2887 2014 2847 1985 2888 1985 2888 2014 2847 2015 2845 1985 2888 2015 2845 1984 2889 1984 2889 2015 2845 2016 2843 1984 2889 2016 2843 1983 2890 1983 2890 2016 2843 2017 2841 1983 2890 2017 2841 1982 2891 1982 2891 2017 2841 2018 2839 1982 2891 2018 2839 1981 2892 1981 2892 2018 2839 2019 2837 1981 2892 2019 2837 1980 2893 1980 2893 2019 2837 2020 2835 1980 2893 2020 2835 1979 2894 1979 2894 2020 2835 2021 2833 1979 2894 2021 2833 1978 2895 1978 2895 2021 2833 2022 2831 1978 2895 2022 2831 1977 2896 1977 2896 2022 2831 2023 2829 1977 2896 2023 2829 1976 2897 1976 2897 2023 2829 2024 2827 1976 2897 2024 2827 1975 2898 1975 2898 2024 2827 2025 2825 1975 2898 2025 2825 1974 2899 1974 2899 2025 2825 2026 2823 1974 2899 2026 2823 1973 2900 1973 2900 2026 2823 2027 2821 1973 2900 2027 2821 1972 2901 1972 2901 2027 2821 2028 2819 1972 2901 2028 2819 1971 2902 1971 2902 2028 2819 2029 2817 1971 2902 2029 2817 1970 2903 1970 2903 2029 2817 2030 2815 1970 2903 2030 2815 1969 2904 1969 2904 2030 2815 2031 2813 1969 2904 2031 2813 1968 2905 1968 2905 2031 2813 2032 2811 1968 2905 2032 2811 1967 2906 1967 2906 2032 2811 2033 2809 1967 2906 2033 2809 1966 2907 1966 2907 2033 2809 2034 2807 1966 2907 2034 2807 1965 2908 1965 2908 2034 2807 2035 2805 1965 2908 2035 2805 1964 2909 1964 2909 2035 2805 2036 2803 1964 2909 2036 2803 1963 2910 1963 2910 2036 2803 2037 2801 1963 2910 2037 2801 1962 2911 1962 2911 2037 2801 2038 2799 1962 2911 2038 2799 1961 2912 1961 2912 2038 2799 2039 2797 1961 2912 2039 2797 1960 2913 1960 2913 2039 2797 2040 2795 1960 2913 2040 2795 1959 2914 1959 2914 2040 2795 2041 2793 1959 2914 2041 2793 1958 2915 1958 2915 2041 2793 2042 2791 1958 2915 2042 2791 1957 2916 1957 2916 2042 2791 2043 2789 1957 2916 2043 2789 1956 2917 1956 2917 2043 2789 2044 2787 1956 2917 2044 2787 1955 2918 1955 2918 2044 2787 2045 2785 1955 2918 2045 2785 1954 2919 1954 2919 2045 2785 2046 2783 1954 2919 2046 2783 1953 2920 1953 2920 2046 2783 2047 2781 1953 2920 2047 2781 1952 2921 1952 2921 2047 2781 2048 2779 1952 2921 2048 2779 1951 2922 1951 2922 2048 2779 2049 2777 1951 2922 2049 2777 1950 2923 1950 2923 2049 2777 2050 2775 1950 2923 2050 2775 1949 2924 1949 2924 2050 2775 2051 2773 1949 2924 2051 2773 1948 2925 1948 2925 2051 2773 2052 2771 1948 2925 2052 2771 1947 2926 1947 2926 2052 2771 2053 2769 1947 2926 2053 2769 1946 2927 1946 2927 2053 2769 2054 2767 1946 2927 2054 2767 1945 2928 1945 2928 2054 2767 2055 2765 1945 2928 2055 2765 1944 2929 1944 2929 2055 2765 2056 2763 1944 2929 2056 2763 1943 2930 1943 2930 2056 2763 2057 2761 1943 2930 2057 2761 1942 2931 1942 2931 2057 2761 2058 2759 1942 2931 2058 2759 1941 2932 1941 2932 2058 2759 2059 2757 1941 2932 2059 2757 1940 2933 1940 2933 2059 2757 2060 2755 1940 2933 2060 2755 1939 2934 1939 2934 2060 2755 2061 2753 1939 2934 2061 2753 1938 2935 1938 2935 2061 2753 2062 2751 1938 2935 2062 2751 1937 2936 1937 2936 2062 2751 2063 2749 1937 2936 2063 2749 1936 2937 1936 2937 2063 2749 2064 2747 1936 2937 2064 2747 1935 2938 1935 2938 2064 2747 2065 2745 1935 2938 2065 2745 1934 2939 1934 2939 2065 2745 2066 2743 1934 2939 2066 2743 1933 2940 1933 2940 2066 2743 2067 2741 1933 2940 2067 2741 1932 2941 1932 2941 2067 2741 2068 2739 1932 2941 2068 2739 1931 2942 1931 2942 2068 2739 2069 2737 1931 2942 2069 2737 1930 2943 1930 2943 2069 2737 2070 2735 1930 2943 2070 2735 1929 2944 1929 2944 2070 2735 2071 2733 1929 2944 2071 2733 1928 2945 1928 2945 2071 2733 2072 2731 1928 2945 2072 2731 1927 2946 1927 2946 2072 2731 2073 2729 1927 2946 2073 2729 1926 2947 1926 2947 2073 2729 2074 2727 1926 2947 2074 2727 1925 2948 1925 2948 2074 2727 2075 2725 1925 2948 2075 2725 1924 2949 1924 2949 2075 2725 2076 2723 1924 2949 2076 2723 1923 2950 1923 2950 2076 2723 2077 2721 1923 2950 2077 2721 1922 2951 1922 2951 2077 2721 2078 2719 1922 2951 2078 2719 1921 2952 1921 2952 2078 2719 2079 2717 1921 2952 2079 2717 1920 2953 1920 2953 2079 2717 2080 2715 1920 2953 2080 2715 1919 2954 1919 2954 2080 2715 2081 2713 1919 2954 2081 2713 1918 2955 1918 2955 2081 2713 2082 2711 1918 2955 2082 2711 1917 2956 1917 2956 2082 2711 2083 2709 1917 2956 2083 2709 1916 2957 1916 2957 2083 2709 2084 2707 1916 2957 2084 2707 1915 2958 1915 2958 2084 2707 2085 2705 1915 2958 2085 2705 1914 2959 1914 2959 2085 2705 2086 2703 1914 2959 2086 2703 1913 2960 1913 2960 2086 2703 2087 2701 1913 2960 2087 2701 1912 2961 1912 2961 2087 2701 2088 2699 1912 2961 2088 2699 1911 2962 1911 2962 2088 2699 2089 2697 1911 2962 2089 2697 1910 2963 1910 2963 2089 2697 2090 2695 1910 2963 2090 2695 1909 2964 1909 2964 2090 2695 2091 2693 1909 2964 2091 2693 1908 2965 1908 2965 2091 2693 2092 2691 1908 2965 2092 2691 1907 2872 1907 2872 2092 2691 2093 2689 1314 2966 1902 2967 1315 2968 1315 2968 1902 2967 793 2969 1315 2968 793 2969 792 2970 1902 2967 1314 2966 1903 2971 1903 2971 1314 2966 1313 2972 1903 2971 1313 2972 1312 2973 1312 2973 1311 2974 1903 2971 1903 2971 1311 2974 1310 2975 1903 2971 1310 2975 1904 2976 1904 2976 1310 2975 1309 2977 1904 2976 1309 2977 1308 2978 1308 2978 1307 2979 1904 2976 1904 2976 1307 2979 1306 2980 1904 2976 1306 2980 1905 2981 1905 2981 1306 2980 1305 2982 1905 2981 1305 2982 1304 2983 1905 2981 1304 2983 1812 2984 1812 2984 1304 2983 1764 2985 1812 2984 1764 2985 1813 2986 1813 2986 1764 2985 1763 2987 1813 2986 1763 2987 1814 2988 1814 2988 1763 2987 1762 2989 1814 2988 1762 2989 1815 2990 1815 2990 1762 2989 1761 2991 1815 2990 1761 2991 1816 2992 1816 2992 1761 2991 1760 2993 1816 2992 1760 2993 1817 2994 1817 2994 1760 2993 1759 2995 1817 2994 1759 2995 1818 2996 1818 2996 1759 2995 1758 2997 1818 2996 1758 2997 1819 2998 1819 2998 1758 2997 1757 2999 1819 2998 1757 2999 1820 3000 1820 3000 1757 2999 1756 3001 1820 3000 1756 3001 1821 3002 1821 3002 1756 3001 1755 3003 1821 3002 1755 3003 1822 3004 1822 3004 1755 3003 1754 3005 1822 3004 1754 3005 1823 3006 1823 3006 1754 3005 1753 3007 1823 3006 1753 3007 1824 3008 1824 3008 1753 3007 1752 3009 1824 3008 1752 3009 1825 3010 1825 3010 1752 3009 1751 3011 1825 3010 1751 3011 1826 3012 1826 3012 1751 3011 1750 3013 1826 3012 1750 3013 1827 3014 1827 3014 1750 3013 1749 3015 1827 3014 1749 3015 1828 3016 1828 3016 1749 3015 1748 3017 1828 3016 1748 3017 1829 3018 1829 3018 1748 3017 1747 3019 1829 3018 1747 3019 1830 3020 1830 3020 1747 3019 1746 3021 1830 3020 1746 3021 1831 3022 1831 3022 1746 3021 1745 3023 1831 3022 1745 3023 1832 3024 1832 3024 1745 3023 1744 3025 1832 3024 1744 3025 1833 3026 1833 3026 1744 3025 1743 3027 1833 3026 1743 3027 1834 3028 1834 3028 1743 3027 1742 3029 1834 3028 1742 3029 1835 3030 1835 3030 1742 3029 1741 3031 1835 3030 1741 3031 1836 3032 1836 3032 1741 3031 1740 3033 1836 3032 1740 3033 1837 3034 1837 3034 1740 3033 1739 3035 1837 3034 1739 3035 1838 3036 1838 3036 1739 3035 1738 3037 1838 3036 1738 3037 1839 3038 1839 3038 1738 3037 1737 3039 1839 3038 1737 3039 1840 3040 1840 3040 1737 3039 1736 3041 1840 3040 1736 3041 1841 3042 1841 3042 1736 3041 1735 3043 1841 3042 1735 3043 1842 3044 1842 3044 1735 3043 1734 3045 1842 3044 1734 3045 1843 3046 1843 3046 1734 3045 1733 3047 1843 3046 1733 3047 1844 3048 1844 3048 1733 3047 1732 3049 1844 3048 1732 3049 1845 3050 1845 3050 1732 3049 1731 3051 1845 3050 1731 3051 1846 3052 1846 3052 1731 3051 1730 3053 1846 3052 1730 3053 1847 3054 1847 3054 1730 3053 1729 3055 1847 3054 1729 3055 1848 3056 1848 3056 1729 3055 1728 3057 1848 3056 1728 3057 1849 3058 1849 3058 1728 3057 1727 3059 1849 3058 1727 3059 1850 3060 1850 3060 1727 3059 1726 3061 1850 3060 1726 3061 1851 3062 1851 3062 1726 3061 1725 3063 1851 3062 1725 3063 1852 3064 1852 3064 1725 3063 1724 3065 1852 3064 1724 3065 1853 3066 1853 3066 1724 3065 1723 3067 1853 3066 1723 3067 1854 3068 1854 3068 1723 3067 1722 3069 1854 3068 1722 3069 1855 3070 1855 3070 1722 3069 1721 3071 1855 3070 1721 3071 1856 3072 1856 3072 1721 3071 1720 3073 1856 3072 1720 3073 1857 3074 1857 3074 1720 3073 1719 3075 1857 3074 1719 3075 1858 3076 1858 3076 1719 3075 1718 3077 1858 3076 1718 3077 1859 3078 1859 3078 1718 3077 1696 3079 1859 3078 1696 3079 1860 3080 1860 3080 1696 3079 1695 3081 1860 3080 1695 3081 1694 3082 1860 3080 1694 3082 1861 3083 1861 3083 1694 3082 1693 3084 1861 3083 1693 3084 1692 3085 1692 3085 1691 3086 1861 3083 1861 3083 1691 3086 1690 3087 1861 3083 1690 3087 1862 3088 1862 3088 1690 3087 1689 3089 1862 3088 1689 3089 1688 3090 1688 3090 1687 3091 1862 3088 1862 3088 1687 3091 1686 3092 1862 3088 1686 3092 1863 3093 1863 3093 1686 3092 1685 3094 1863 3093 1685 3094 983 3095 983 3095 1685 3094 984 3096 984 3096 1685 3094 985 3097 985 3097 1685 3094 986 3098 986 3098 1685 3094 987 3099 987 3099 1685 3094 988 3100 988 3100 1685 3094 1130 3101 1130 3101 1685 3094 1717 3102 1130 3101 1717 3102 1141 3103 1141 3103 1717 3102 1142 3104 1142 3104 1717 3102 1143 3105 1143 3105 1717 3102 1144 3106 1144 3106 1717 3102 1145 3107 1145 3107 1717 3102 1146 3108 1146 3108 1717 3102 1147 3109 1147 3109 1717 3102 1148 3110 1148 3110 1717 3102 1149 3111 1149 3111 1717 3102 1174 3112 1174 3112 1717 3102 2094 3113 1174 3112 2094 3113 1263 3114 1263 3114 2094 3113 1228 3115 1228 3115 2094 3113 1229 3116 1229 3116 2094 3113 1230 3117 1230 3117 2094 3113 1231 3118 1231 3118 2094 3113 1232 3119 1232 3119 2094 3113 1233 3120 1233 3120 2094 3113 1234 3121 1234 3121 2094 3113 1235 3122 1235 3122 2094 3113 1236 3123 1236 3123 2094 3113 1237 3124 1237 3124 2094 3113 1315 2968 1237 3124 1315 2968 788 3125 788 3125 1315 2968 789 3126 789 3126 1315 2968 790 3127 790 3127 1315 2968 791 3128 791 3128 1315 2968 792 2970 1174 3112 1263 3114 1175 3129 1175 3129 1263 3114 1271 3130 1175 3129 1271 3130 1176 3131 1176 3131 1271 3130 1270 3132 1176 3131 1270 3132 1177 3133 1177 3133 1270 3132 1269 3134 1177 3133 1269 3134 1178 3135 1178 3135 1269 3134 1268 3136 1178 3135 1268 3136 1179 3137 1179 3137 1268 3136 1267 3138 1179 3137 1267 3138 1180 3139 1180 3139 1267 3138 1266 3140 1180 3139 1266 3140 1181 3141 1181 3141 1266 3140 1265 3142 1181 3141 1265 3142 1882 3143 1882 3143 1265 3142 1883 3144 1883 3144 1265 3142 1264 3145 1883 3144 1264 3145 1884 3146 1884 3146 1264 3145 716 3147 1884 3146 716 3147 689 3148 1884 3146 689 3148 1885 3149 1885 3149 689 3148 688 3150 1885 3149 688 3150 687 3151 1885 3149 687 3151 1886 3152 1886 3152 687 3151 686 3153 1886 3152 686 3153 685 3154 1886 3152 685 3154 1887 3155 1887 3155 685 3154 684 3156 1887 3155 684 3156 1888 3157 1888 3157 684 3156 965 3158 1888 3157 965 3158 1889 3159 1889 3159 965 3158 964 3160 1889 3159 964 3160 963 3161 1889 3159 963 3161 1890 3162 1890 3162 963 3161 962 3163 1890 3162 962 3163 1891 3164 1891 3164 962 3163 961 3165 1891 3164 961 3165 1892 3166 1892 3166 961 3165 960 3167 1892 3166 960 3167 1893 3168 1893 3168 960 3167 959 3169 1893 3168 959 3169 1894 3170 1894 3170 959 3169 958 3171 1894 3170 958 3171 1895 3172 1895 3172 958 3171 957 3173 1895 3172 957 3173 1896 3174 1896 3174 957 3173 956 3175 1896 3174 956 3175 1897 3176 1897 3176 956 3175 955 3177 1897 3176 955 3177 1898 3178 1898 3178 955 3177 954 3179 1898 3178 954 3179 1899 3180 1899 3180 954 3179 799 3181 1899 3180 799 3181 798 3182 1899 3180 798 3182 1900 3183 1900 3183 798 3182 797 3184 1900 3183 797 3184 796 3185 796 3185 795 3186 1900 3183 1900 3183 795 3186 1901 3187 1901 3187 795 3186 794 3188 1901 3187 794 3188 793 2969 1863 3093 983 3095 1864 3189 1864 3189 983 3095 982 3190 1864 3189 982 3190 981 3191 1864 3189 981 3191 1865 3192 1865 3192 981 3191 980 3193 1865 3192 980 3193 979 3194 979 3194 978 3195 1865 3192 1865 3192 978 3195 1866 3196 1866 3196 978 3195 762 3197 1866 3196 762 3197 761 3198 1866 3196 761 3198 1867 3199 1867 3199 761 3198 760 3200 1867 3199 760 3200 1868 3201 1868 3201 760 3200 759 3202 1868 3201 759 3202 1869 3203 1869 3203 759 3202 758 3204 1869 3203 758 3204 1870 3205 1870 3205 758 3204 757 3206 1870 3205 757 3206 1871 3207 1871 3207 757 3206 756 3208 1871 3207 756 3208 1872 3209 1872 3209 756 3208 755 3210 1872 3209 755 3210 1873 3211 1873 3211 755 3210 754 3212 1873 3211 754 3212 1874 3213 1874 3213 754 3212 753 3214 1874 3213 753 3214 1875 3215 1875 3215 753 3214 752 3216 1875 3215 752 3216 1876 3217 1876 3217 752 3216 751 3218 1876 3217 751 3218 750 3219 1876 3217 750 3219 1877 3220 1877 3220 750 3219 723 3221 1877 3220 723 3221 1878 3222 1878 3222 723 3221 722 3223 1878 3222 722 3223 1879 3224 1879 3224 722 3223 721 3225 1879 3224 721 3225 720 3226 1879 3224 720 3226 1880 3227 1880 3227 720 3226 719 3228 1880 3227 719 3228 718 3229 1880 3227 718 3229 1881 3230 1881 3230 718 3229 1183 3231 1881 3230 1183 3231 1182 3232 1881 3230 1182 3232 1882 3143 1882 3143 1182 3232 1181 3141 1902 2967 1901 3187 793 2969 1999 3233 2345 3234 1906 3235 1906 3235 2345 3234 2346 3236 1906 3235 2346 3236 2323 3237 1998 3238 2342 3239 1999 3233 1999 3233 2342 3239 2343 3240 1999 3233 2343 3240 2344 3241 1997 3242 2177 3243 1998 3238 1998 3238 2177 3243 2340 3244 1998 3238 2340 3244 2341 3245 2177 3243 1997 3242 2176 3246 2176 3246 1997 3242 1996 3247 2176 3246 1996 3247 2175 3248 2175 3248 1996 3247 1995 3249 2175 3248 1995 3249 2174 3250 2174 3250 1995 3249 1994 3251 2174 3250 1994 3251 2173 3252 2173 3252 1994 3251 1993 3253 2173 3252 1993 3253 2172 3254 2172 3254 1993 3253 1992 3255 2172 3254 1992 3255 2171 3256 2171 3256 1992 3255 1991 3257 2171 3256 1991 3257 2255 3258 2255 3258 1991 3257 2254 3259 2254 3259 1991 3257 1990 3260 2254 3259 1990 3260 2253 3261 2253 3261 1990 3260 2252 3262 2252 3262 1990 3260 1989 3263 2252 3262 1989 3263 2251 3264 2251 3264 1989 3263 2274 3265 2274 3265 1989 3263 2273 3266 2273 3266 1989 3263 1988 3267 2273 3266 1988 3267 2272 3268 2272 3268 1988 3267 2271 3269 2271 3269 1988 3267 2270 3270 2270 3270 1988 3267 1987 3271 2270 3270 1987 3271 2269 3272 2269 3272 1987 3271 2268 3273 2268 3273 1987 3271 2267 3274 2267 3274 1987 3271 1986 3275 2267 3274 1986 3275 2266 3276 2266 3276 1986 3275 2265 3277 2265 3277 1986 3275 2167 3278 2265 3277 2167 3278 2264 3279 2264 3279 2167 3278 2263 3280 2263 3280 2167 3278 2168 3281 2263 3280 2168 3281 2262 3282 2262 3282 2168 3281 2261 3283 2261 3283 2168 3281 2260 3284 2260 3284 2168 3281 2169 3285 2260 3284 2169 3285 2259 3286 2259 3286 2169 3285 2258 3287 2258 3287 2169 3285 2257 3288 2257 3288 2169 3285 2170 3289 2257 3288 2170 3289 2256 3290 2256 3290 2170 3289 2255 3258 2255 3258 2170 3289 2171 3256 2167 3278 1986 3275 2166 3291 2166 3291 1986 3275 1985 3292 2166 3291 1985 3292 2165 3293 2165 3293 1985 3292 1984 3294 2165 3293 1984 3294 2164 3295 2164 3295 1984 3294 1983 3296 2164 3295 1983 3296 2163 3297 2163 3297 1983 3296 1982 3298 2163 3297 1982 3298 2162 3299 2162 3299 1982 3298 1981 3300 2162 3299 1981 3300 1980 3301 2162 3299 1980 3301 2161 3302 2161 3302 1980 3301 1979 3303 2161 3302 1979 3303 2160 3304 2160 3304 1979 3303 2180 3305 2160 3304 2180 3305 2181 3306 2180 3305 1979 3303 2179 3307 2179 3307 1979 3303 1978 3308 2179 3307 1978 3308 2202 3309 2202 3309 1978 3308 2201 3310 2201 3310 1978 3308 2200 3311 2200 3311 1978 3308 1977 3312 2200 3311 1977 3312 2199 3313 2199 3313 1977 3312 2198 3314 2198 3314 1977 3312 2197 3315 2197 3315 1977 3312 1976 3316 2197 3315 1976 3316 2196 3317 2196 3317 1976 3316 2195 3318 2195 3318 1976 3316 2194 3319 2194 3319 1976 3316 1975 3320 2194 3319 1975 3320 2193 3321 2193 3321 1975 3320 2192 3322 2192 3322 1975 3320 2191 3323 2191 3323 1975 3320 1974 3324 2191 3323 1974 3324 2190 3325 2190 3325 1974 3324 2156 3326 2190 3325 2156 3326 2189 3327 2189 3327 2156 3326 2157 3328 2189 3327 2157 3328 2188 3329 2188 3329 2157 3328 2187 3330 2187 3330 2157 3328 2186 3331 2186 3331 2157 3328 2158 3332 2186 3331 2158 3332 2185 3333 2185 3333 2158 3332 2184 3334 2184 3334 2158 3332 2159 3335 2184 3334 2159 3335 2183 3336 2183 3336 2159 3335 2182 3337 2182 3337 2159 3335 2181 3306 2181 3306 2159 3335 2160 3304 2156 3326 1974 3324 2155 3338 2155 3338 1974 3324 1973 3339 2155 3338 1973 3339 2154 3340 2154 3340 1973 3339 1972 3341 2154 3340 1972 3341 1971 3342 2154 3340 1971 3342 2153 3343 2153 3343 1971 3342 1970 3344 2153 3343 1970 3344 2152 3345 2152 3345 1970 3344 1969 3346 2152 3345 1969 3346 2151 3347 2151 3347 1969 3346 1968 3348 2151 3347 1968 3348 2150 3349 2150 3349 1968 3348 1967 3350 2150 3349 1967 3350 2149 3351 2149 3351 1967 3350 2321 3352 2149 3351 2321 3352 2322 3353 1966 3354 2319 3355 1967 3350 1967 3350 2319 3355 2320 3356 1967 3350 2320 3356 2321 3352 1965 3357 2316 3358 1966 3354 1966 3354 2316 3358 2317 3359 1966 3354 2317 3359 2318 3360 1964 3361 2313 3362 1965 3357 1965 3357 2313 3362 2314 3363 1965 3357 2314 3363 2315 3364 1963 3365 2310 3366 1964 3361 1964 3361 2310 3366 2311 3367 1964 3361 2311 3367 2312 3368 1962 3369 2308 3370 1963 3365 1963 3365 2308 3370 2309 3371 1963 3365 2309 3371 2310 3366 1961 3372 2145 3373 1962 3369 1962 3369 2145 3373 2307 3374 1962 3369 2307 3374 2308 3370 2145 3373 1961 3372 2144 3375 2144 3375 1961 3372 1960 3376 2144 3375 1960 3376 2143 3377 2143 3377 1960 3376 1959 3378 2143 3377 1959 3378 2142 3379 2142 3379 1959 3378 1958 3380 2142 3379 1958 3380 2141 3381 2141 3381 1958 3380 1957 3382 2141 3381 1957 3382 2140 3383 2140 3383 1957 3382 1956 3384 2140 3383 1956 3384 2139 3385 2139 3385 1956 3384 1955 3386 2139 3385 1955 3386 2222 3387 2222 3387 1955 3386 2221 3388 2221 3388 1955 3386 2220 3389 2220 3389 1955 3386 1954 3390 2220 3389 1954 3390 2219 3391 2219 3391 1954 3390 2218 3392 2218 3392 1954 3390 2217 3393 2217 3393 1954 3390 1953 3394 2217 3393 1953 3394 2216 3395 2216 3395 1953 3394 2215 3396 2215 3396 1953 3394 2214 3397 2214 3397 1953 3394 2213 3398 2213 3398 1953 3394 1952 3399 2213 3398 1952 3399 2212 3400 2212 3400 1952 3399 2211 3401 2211 3401 1952 3399 2210 3402 2210 3402 1952 3399 1951 3403 2210 3402 1951 3403 2209 3404 2209 3404 1951 3403 2208 3405 2208 3405 1951 3403 2135 3406 2208 3405 2135 3406 2207 3407 2207 3407 2135 3406 2136 3408 2207 3407 2136 3408 2206 3409 2206 3409 2136 3408 2205 3410 2205 3410 2136 3408 2204 3411 2204 3411 2136 3408 2137 3412 2204 3411 2137 3412 2203 3413 2203 3413 2137 3412 2226 3414 2226 3414 2137 3412 2138 3415 2226 3414 2138 3415 2225 3416 2225 3416 2138 3415 2224 3417 2224 3417 2138 3415 2223 3418 2223 3418 2138 3415 2139 3385 2223 3418 2139 3385 2222 3387 1951 3403 1950 3419 2135 3406 2135 3406 1950 3419 2134 3420 2134 3420 1950 3419 1949 3421 2134 3420 1949 3421 2133 3422 2133 3422 1949 3421 1948 3423 2133 3422 1948 3423 2132 3424 2132 3424 1948 3423 1947 3425 2132 3424 1947 3425 2131 3426 2131 3426 1947 3425 1946 3427 2131 3426 1946 3427 2130 3428 2130 3428 1946 3427 1945 3429 2130 3428 1945 3429 2129 3430 2129 3430 1945 3429 1944 3431 2129 3430 1944 3431 1943 3432 1942 3433 2288 3434 1943 3432 1943 3432 2288 3434 2289 3435 1943 3432 2289 3435 2290 3436 1941 3437 2285 3438 1942 3433 1942 3433 2285 3438 2286 3439 1942 3433 2286 3439 2287 3440 1940 3441 2282 3442 1941 3437 1941 3437 2282 3442 2283 3443 1941 3437 2283 3443 2284 3444 1939 3445 2279 3446 1940 3441 1940 3441 2279 3446 2280 3447 1940 3441 2280 3447 2281 3448 1938 3449 2124 3450 1939 3445 1939 3445 2124 3450 2125 3451 1939 3445 2125 3451 2277 3452 2277 3452 2125 3451 2276 3453 2276 3453 2125 3451 2275 3454 2275 3454 2125 3451 2126 3455 2275 3454 2126 3455 2298 3456 2298 3456 2126 3455 2297 3457 2297 3457 2126 3455 2296 3458 2296 3458 2126 3455 2127 3459 2296 3458 2127 3459 2295 3460 2295 3460 2127 3459 2294 3461 2294 3461 2127 3459 2293 3462 2293 3462 2127 3459 2128 3463 2293 3462 2128 3463 2292 3464 2292 3464 2128 3463 2291 3465 2291 3465 2128 3463 2129 3430 2291 3465 2129 3430 1943 3432 2124 3450 1938 3449 2123 3466 2123 3466 1938 3449 1937 3467 2123 3466 1937 3467 2122 3468 2122 3468 1937 3467 1936 3469 2122 3468 1936 3469 2121 3470 2121 3470 1936 3469 1935 3471 2121 3470 1935 3471 2120 3472 2120 3472 1935 3471 1934 3473 2120 3472 1934 3473 1933 3474 2120 3472 1933 3474 2119 3475 2119 3475 1933 3474 1932 3476 2119 3475 1932 3476 2118 3477 2118 3477 1932 3476 2360 3478 2118 3477 2360 3478 2361 3479 2360 3478 1932 3476 2359 3480 2359 3480 1932 3476 1931 3481 2359 3480 1931 3481 2358 3482 2358 3482 1931 3481 2357 3483 2357 3483 1931 3481 2356 3484 2356 3484 1931 3481 1930 3485 2356 3484 1930 3485 2355 3486 2355 3486 1930 3485 2354 3487 2354 3487 1930 3485 2353 3488 2353 3488 1930 3485 1929 3489 2353 3488 1929 3489 2352 3490 2352 3490 1929 3489 2351 3491 2351 3491 1929 3489 2350 3492 2350 3492 1929 3489 1928 3493 2350 3492 1928 3493 2349 3494 2349 3494 1928 3493 2348 3495 2348 3495 1928 3493 2347 3496 2347 3496 1928 3493 1927 3497 2347 3496 1927 3497 2370 3498 2370 3498 1927 3497 2114 3499 2370 3498 2114 3499 2369 3500 2369 3500 2114 3499 2115 3501 2369 3500 2115 3501 2368 3502 2368 3502 2115 3501 2367 3503 2367 3503 2115 3501 2366 3504 2366 3504 2115 3501 2116 3505 2366 3504 2116 3505 2365 3506 2365 3506 2116 3505 2364 3507 2364 3507 2116 3505 2117 3508 2364 3507 2117 3508 2363 3509 2363 3509 2117 3508 2362 3510 2362 3510 2117 3508 2361 3479 2361 3479 2117 3508 2118 3477 2114 3499 1927 3497 2113 3511 2113 3511 1927 3497 1926 3512 2113 3511 1926 3512 2112 3513 2112 3513 1926 3512 1925 3514 2112 3513 1925 3514 1924 3515 2112 3513 1924 3515 2111 3516 2111 3516 1924 3515 1923 3517 2111 3516 1923 3517 2110 3518 2110 3518 1923 3517 1922 3519 2110 3518 1922 3519 2109 3520 2109 3520 1922 3519 1921 3521 2109 3520 1921 3521 2108 3522 2108 3522 1921 3521 1920 3523 2108 3522 1920 3523 2107 3524 2107 3524 1920 3523 2237 3525 2107 3524 2237 3525 2238 3526 1919 3527 2235 3528 1920 3523 1920 3523 2235 3528 2236 3529 1920 3523 2236 3529 2237 3525 1918 3530 2232 3531 1919 3527 1919 3527 2232 3531 2233 3532 1919 3527 2233 3532 2234 3533 1917 3534 2229 3535 1918 3530 1918 3530 2229 3535 2230 3536 1918 3530 2230 3536 2231 3537 1916 3538 2250 3539 1917 3534 1917 3534 2250 3539 2227 3540 1917 3534 2227 3540 2228 3541 1915 3542 2103 3543 1916 3538 1916 3538 2103 3543 2247 3544 1916 3538 2247 3544 2248 3545 1915 3542 1914 3546 2103 3543 2103 3543 1914 3546 2102 3547 2102 3547 1914 3546 1913 3548 2102 3547 1913 3548 2101 3549 2101 3549 1913 3548 1912 3550 2101 3549 1912 3550 2100 3551 2100 3551 1912 3550 1911 3552 2100 3551 1911 3552 2099 3553 2099 3553 1911 3552 1910 3554 2099 3553 1910 3554 2098 3555 2098 3555 1910 3554 1909 3556 2098 3555 1909 3556 2097 3557 2097 3557 1909 3556 1908 3558 2097 3557 1908 3558 2330 3559 2330 3559 1908 3558 2329 3560 2329 3560 1908 3558 2328 3561 2328 3561 1908 3558 1907 3562 2328 3561 1907 3562 2327 3563 2327 3563 1907 3562 2326 3564 2326 3564 1907 3562 2325 3565 2325 3565 1907 3562 1906 3235 2325 3565 1906 3235 2324 3566 2324 3566 1906 3235 2323 3237 2096 3567 2334 3568 2095 3569 2095 3569 2334 3568 2335 3570 2095 3569 2335 3570 2336 3571 2097 3557 2331 3572 2096 3567 2096 3567 2331 3572 2332 3573 2096 3567 2332 3573 2333 3574 2103 3543 2104 3575 2247 3544 2247 3544 2104 3575 2246 3576 2246 3576 2104 3575 2245 3577 2245 3577 2104 3575 2105 3578 2245 3577 2105 3578 2244 3579 2244 3579 2105 3578 2243 3580 2243 3580 2105 3578 2242 3581 2242 3581 2105 3578 2106 3582 2242 3581 2106 3582 2241 3583 2241 3583 2106 3582 2240 3584 2240 3584 2106 3582 2239 3585 2239 3585 2106 3582 2107 3524 2239 3585 2107 3524 2238 3526 2145 3373 2146 3586 2307 3374 2307 3374 2146 3586 2306 3587 2306 3587 2146 3586 2305 3588 2305 3588 2146 3586 2147 3589 2305 3588 2147 3589 2304 3590 2304 3590 2147 3589 2303 3591 2303 3591 2147 3589 2302 3592 2302 3592 2147 3589 2148 3593 2302 3592 2148 3593 2301 3594 2301 3594 2148 3593 2300 3595 2300 3595 2148 3593 2299 3596 2299 3596 2148 3593 2149 3351 2299 3596 2149 3351 2322 3353 2340 3244 2177 3243 2339 3597 2339 3597 2177 3243 2178 3598 2339 3597 2178 3598 2338 3599 2338 3599 2178 3598 2337 3600 2337 3600 2178 3598 2336 3571 2336 3571 2178 3598 2095 3569 2228 3541 2229 3535 1917 3534 2231 3537 2232 3531 1918 3530 2234 3533 2235 3528 1919 3527 2248 3545 2249 3601 1916 3538 1916 3538 2249 3601 2250 3539 2277 3452 2278 3602 1939 3445 1939 3445 2278 3602 2279 3446 2281 3448 2282 3442 1940 3441 2284 3444 2285 3438 1941 3437 2287 3440 2288 3434 1942 3433 2290 3436 2291 3465 1943 3432 2312 3368 2313 3362 1964 3361 2315 3364 2316 3358 1965 3357 2318 3360 2319 3355 1966 3354 2330 3559 2331 3572 2097 3557 2333 3574 2334 3568 2096 3567 2341 3245 2342 3239 1998 3238 2344 3241 2345 3234 1999 3233 1623 3603 2348 3604 1600 3605 1600 3605 2348 3604 2347 3606 1600 3605 2347 3606 1601 3607 1601 3607 2347 3606 2370 3608 1601 3607 2370 3608 1602 3609 1602 3609 2370 3608 2369 3610 1602 3609 2369 3610 1603 3611 1603 3611 2369 3610 2368 3612 1603 3611 2368 3612 1604 3613 1604 3613 2368 3612 2367 3614 1604 3613 2367 3614 1605 3615 1605 3615 2367 3614 2366 3616 1605 3615 2366 3616 1606 3617 1606 3617 2366 3616 2365 3618 1606 3617 2365 3618 1607 3619 1607 3619 2365 3618 2364 3620 1607 3619 2364 3620 1608 3621 1608 3621 2364 3620 2363 3622 1608 3621 2363 3622 1609 3623 1609 3623 2363 3622 2362 3624 1609 3623 2362 3624 1610 3625 1610 3625 2362 3624 2361 3626 1610 3625 2361 3626 1611 3627 1611 3627 2361 3626 2360 3628 1611 3627 2360 3628 1612 3629 1612 3629 2360 3628 2359 3630 1612 3629 2359 3630 1613 3631 1613 3631 2359 3630 2358 3632 1613 3631 2358 3632 1614 3633 1614 3633 2358 3632 2357 3634 1614 3633 2357 3634 1615 3635 1615 3635 2357 3634 2356 3636 1615 3635 2356 3636 1616 3637 1616 3637 2356 3636 2355 3638 1616 3637 2355 3638 1617 3639 1617 3639 2355 3638 2354 3640 1617 3639 2354 3640 1618 3641 1618 3641 2354 3640 2353 3642 1618 3641 2353 3642 1619 3643 1619 3643 2353 3642 2352 3644 1619 3643 2352 3644 1620 3645 1620 3645 2352 3644 2351 3646 1620 3645 2351 3646 1621 3647 1621 3647 2351 3646 2350 3648 1621 3647 2350 3648 1622 3649 1622 3649 2350 3648 2349 3650 1622 3649 2349 3650 1623 3603 1623 3603 2349 3650 2348 3604 1599 3651 2324 3652 1576 3653 1576 3653 2324 3652 2323 3654 1576 3653 2323 3654 1577 3655 1577 3655 2323 3654 2346 3656 1577 3655 2346 3656 1578 3657 1578 3657 2346 3656 2345 3658 1578 3657 2345 3658 1579 3659 1579 3659 2345 3658 2344 3660 1579 3659 2344 3660 1580 3661 1580 3661 2344 3660 2343 3662 1580 3661 2343 3662 1581 3663 1581 3663 2343 3662 2342 3664 1581 3663 2342 3664 1582 3665 1582 3665 2342 3664 2341 3666 1582 3665 2341 3666 1583 3667 1583 3667 2341 3666 2340 3668 1583 3667 2340 3668 1584 3669 1584 3669 2340 3668 2339 3670 1584 3669 2339 3670 1585 3671 1585 3671 2339 3670 2338 3672 1585 3671 2338 3672 1586 3673 1586 3673 2338 3672 2337 3674 1586 3673 2337 3674 1587 3675 1587 3675 2337 3674 2336 3676 1587 3675 2336 3676 1588 3677 1588 3677 2336 3676 2335 3678 1588 3677 2335 3678 1589 3679 1589 3679 2335 3678 2334 3680 1589 3679 2334 3680 1590 3681 1590 3681 2334 3680 2333 3682 1590 3681 2333 3682 1591 3683 1591 3683 2333 3682 2332 3684 1591 3683 2332 3684 1592 3685 1592 3685 2332 3684 2331 3686 1592 3685 2331 3686 1593 3687 1593 3687 2331 3686 2330 3688 1593 3687 2330 3688 1594 3689 1594 3689 2330 3688 2329 3690 1594 3689 2329 3690 1595 3691 1595 3691 2329 3690 2328 3692 1595 3691 2328 3692 1596 3693 1596 3693 2328 3692 2327 3694 1596 3693 2327 3694 1597 3695 1597 3695 2327 3694 2326 3696 1597 3695 2326 3696 1598 3697 1598 3697 2326 3696 2325 3698 1598 3697 2325 3698 1599 3651 1599 3651 2325 3698 2324 3652 1575 3699 2300 3700 1552 3701 1552 3701 2300 3700 2299 3702 1552 3701 2299 3702 1553 3703 1553 3703 2299 3702 2322 3704 1553 3703 2322 3704 1554 3705 1554 3705 2322 3704 2321 3706 1554 3705 2321 3706 1555 3707 1555 3707 2321 3706 2320 3708 1555 3707 2320 3708 1556 3709 1556 3709 2320 3708 2319 3710 1556 3709 2319 3710 1557 3711 1557 3711 2319 3710 2318 3712 1557 3711 2318 3712 1558 3713 1558 3713 2318 3712 2317 3714 1558 3713 2317 3714 1559 3715 1559 3715 2317 3714 2316 3716 1559 3715 2316 3716 1560 3717 1560 3717 2316 3716 2315 3718 1560 3717 2315 3718 1561 3719 1561 3719 2315 3718 2314 3720 1561 3719 2314 3720 1562 3721 1562 3721 2314 3720 2313 3722 1562 3721 2313 3722 1563 3723 1563 3723 2313 3722 2312 3724 1563 3723 2312 3724 1564 3725 1564 3725 2312 3724 2311 3726 1564 3725 2311 3726 1565 3727 1565 3727 2311 3726 2310 3728 1565 3727 2310 3728 1566 3729 1566 3729 2310 3728 2309 3730 1566 3729 2309 3730 1567 3731 1567 3731 2309 3730 2308 3732 1567 3731 2308 3732 1568 3733 1568 3733 2308 3732 2307 3734 1568 3733 2307 3734 1569 3735 1569 3735 2307 3734 2306 3736 1569 3735 2306 3736 1570 3737 1570 3737 2306 3736 2305 3738 1570 3737 2305 3738 1571 3739 1571 3739 2305 3738 2304 3740 1571 3739 2304 3740 1572 3741 1572 3741 2304 3740 2303 3742 1572 3741 2303 3742 1573 3743 1573 3743 2303 3742 2302 3744 1573 3743 2302 3744 1574 3745 1574 3745 2302 3744 2301 3746 1574 3745 2301 3746 1575 3699 1575 3699 2301 3746 2300 3700 1551 3747 2276 3748 1528 3749 1528 3749 2276 3748 2275 3750 1528 3749 2275 3750 1529 3751 1529 3751 2275 3750 2298 3752 1529 3751 2298 3752 1530 3753 1530 3753 2298 3752 2297 3754 1530 3753 2297 3754 1531 3755 1531 3755 2297 3754 2296 3756 1531 3755 2296 3756 1532 3757 1532 3757 2296 3756 2295 3758 1532 3757 2295 3758 1533 3759 1533 3759 2295 3758 2294 3760 1533 3759 2294 3760 1534 3761 1534 3761 2294 3760 2293 3762 1534 3761 2293 3762 1535 3763 1535 3763 2293 3762 2292 3764 1535 3763 2292 3764 1536 3765 1536 3765 2292 3764 2291 3766 1536 3765 2291 3766 1537 3767 1537 3767 2291 3766 2290 3768 1537 3767 2290 3768 1538 3769 1538 3769 2290 3768 2289 3770 1538 3769 2289 3770 1539 3771 1539 3771 2289 3770 2288 3772 1539 3771 2288 3772 1540 3773 1540 3773 2288 3772 2287 3774 1540 3773 2287 3774 1541 3775 1541 3775 2287 3774 2286 3776 1541 3775 2286 3776 1542 3777 1542 3777 2286 3776 2285 3778 1542 3777 2285 3778 1543 3779 1543 3779 2285 3778 2284 3780 1543 3779 2284 3780 1544 3781 1544 3781 2284 3780 2283 3782 1544 3781 2283 3782 1545 3783 1545 3783 2283 3782 2282 3784 1545 3783 2282 3784 1546 3785 1546 3785 2282 3784 2281 3786 1546 3785 2281 3786 1547 3787 1547 3787 2281 3786 2280 3788 1547 3787 2280 3788 1548 3789 1548 3789 2280 3788 2279 3790 1548 3789 2279 3790 1549 3791 1549 3791 2279 3790 2278 3792 1549 3791 2278 3792 1550 3793 1550 3793 2278 3792 2277 3794 1550 3793 2277 3794 1551 3747 1551 3747 2277 3794 2276 3748 1527 3795 2252 3796 1504 3797 1504 3797 2252 3796 2251 3798 1504 3797 2251 3798 1505 3799 1505 3799 2251 3798 2274 3800 1505 3799 2274 3800 1506 3801 1506 3801 2274 3800 2273 3802 1506 3801 2273 3802 1507 3803 1507 3803 2273 3802 2272 3804 1507 3803 2272 3804 1508 3805 1508 3805 2272 3804 2271 3806 1508 3805 2271 3806 1509 3807 1509 3807 2271 3806 2270 3808 1509 3807 2270 3808 1510 3809 1510 3809 2270 3808 2269 3810 1510 3809 2269 3810 1511 3811 1511 3811 2269 3810 2268 3812 1511 3811 2268 3812 1512 3813 1512 3813 2268 3812 2267 3814 1512 3813 2267 3814 1513 3815 1513 3815 2267 3814 2266 3816 1513 3815 2266 3816 1514 3817 1514 3817 2266 3816 2265 3818 1514 3817 2265 3818 1515 3819 1515 3819 2265 3818 2264 3820 1515 3819 2264 3820 1516 3821 1516 3821 2264 3820 2263 3822 1516 3821 2263 3822 1517 3823 1517 3823 2263 3822 2262 3824 1517 3823 2262 3824 1518 3825 1518 3825 2262 3824 2261 3826 1518 3825 2261 3826 1519 3827 1519 3827 2261 3826 2260 3828 1519 3827 2260 3828 1520 3829 1520 3829 2260 3828 2259 3830 1520 3829 2259 3830 1521 3831 1521 3831 2259 3830 2258 3832 1521 3831 2258 3832 1522 3833 1522 3833 2258 3832 2257 3834 1522 3833 2257 3834 1523 3835 1523 3835 2257 3834 2256 3836 1523 3835 2256 3836 1524 3837 1524 3837 2256 3836 2255 3838 1524 3837 2255 3838 1525 3839 1525 3839 2255 3838 2254 3840 1525 3839 2254 3840 1526 3841 1526 3841 2254 3840 2253 3842 1526 3841 2253 3842 1527 3795 1527 3795 2253 3842 2252 3796 1503 3843 2228 3844 1480 3845 1480 3845 2228 3844 2227 3846 1480 3845 2227 3846 1481 3847 1481 3847 2227 3846 2250 3848 1481 3847 2250 3848 1482 3849 1482 3849 2250 3848 2249 3850 1482 3849 2249 3850 1483 3851 1483 3851 2249 3850 2248 3852 1483 3851 2248 3852 1484 3853 1484 3853 2248 3852 2247 3854 1484 3853 2247 3854 1485 3855 1485 3855 2247 3854 2246 3856 1485 3855 2246 3856 1486 3857 1486 3857 2246 3856 2245 3858 1486 3857 2245 3858 1487 3859 1487 3859 2245 3858 2244 3860 1487 3859 2244 3860 1488 3861 1488 3861 2244 3860 2243 3862 1488 3861 2243 3862 1489 3863 1489 3863 2243 3862 2242 3864 1489 3863 2242 3864 1490 3865 1490 3865 2242 3864 2241 3866 1490 3865 2241 3866 1491 3867 1491 3867 2241 3866 2240 3868 1491 3867 2240 3868 1492 3869 1492 3869 2240 3868 2239 3870 1492 3869 2239 3870 1493 3871 1493 3871 2239 3870 2238 3872 1493 3871 2238 3872 1494 3873 1494 3873 2238 3872 2237 3874 1494 3873 2237 3874 1495 3875 1495 3875 2237 3874 2236 3876 1495 3875 2236 3876 1496 3877 1496 3877 2236 3876 2235 3878 1496 3877 2235 3878 1497 3879 1497 3879 2235 3878 2234 3880 1497 3879 2234 3880 1498 3881 1498 3881 2234 3880 2233 3882 1498 3881 2233 3882 1499 3883 1499 3883 2233 3882 2232 3884 1499 3883 2232 3884 1500 3885 1500 3885 2232 3884 2231 3886 1500 3885 2231 3886 1501 3887 1501 3887 2231 3886 2230 3888 1501 3887 2230 3888 1502 3889 1502 3889 2230 3888 2229 3890 1502 3889 2229 3890 1503 3843 1503 3843 2229 3890 2228 3844 1479 3891 2204 3892 1456 3893 1456 3893 2204 3892 2203 3894 1456 3893 2203 3894 1457 3895 1457 3895 2203 3894 2226 3896 1457 3895 2226 3896 1458 3897 1458 3897 2226 3896 2225 3898 1458 3897 2225 3898 1459 3899 1459 3899 2225 3898 2224 3900 1459 3899 2224 3900 1460 3901 1460 3901 2224 3900 2223 3902 1460 3901 2223 3902 1461 3903 1461 3903 2223 3902 2222 3904 1461 3903 2222 3904 1462 3905 1462 3905 2222 3904 2221 3906 1462 3905 2221 3906 1463 3907 1463 3907 2221 3906 2220 3908 1463 3907 2220 3908 1464 3909 1464 3909 2220 3908 2219 3910 1464 3909 2219 3910 1465 3911 1465 3911 2219 3910 2218 3912 1465 3911 2218 3912 1466 3913 1466 3913 2218 3912 2217 3914 1466 3913 2217 3914 1467 3915 1467 3915 2217 3914 2216 3916 1467 3915 2216 3916 1468 3917 1468 3917 2216 3916 2215 3918 1468 3917 2215 3918 1469 3919 1469 3919 2215 3918 2214 3920 1469 3919 2214 3920 1470 3921 1470 3921 2214 3920 2213 3922 1470 3921 2213 3922 1471 3923 1471 3923 2213 3922 2212 3924 1471 3923 2212 3924 1472 3925 1472 3925 2212 3924 2211 3926 1472 3925 2211 3926 1473 3927 1473 3927 2211 3926 2210 3928 1473 3927 2210 3928 1474 3929 1474 3929 2210 3928 2209 3930 1474 3929 2209 3930 1475 3931 1475 3931 2209 3930 2208 3932 1475 3931 2208 3932 1476 3933 1476 3933 2208 3932 2207 3934 1476 3933 2207 3934 1477 3935 1477 3935 2207 3934 2206 3936 1477 3935 2206 3936 1478 3937 1478 3937 2206 3936 2205 3938 1478 3937 2205 3938 1479 3891 1479 3891 2205 3938 2204 3892 1455 3939 2180 3940 1432 3941 1432 3941 2180 3940 2179 3942 1432 3941 2179 3942 1433 3943 1433 3943 2179 3942 2202 3944 1433 3943 2202 3944 1434 3945 1434 3945 2202 3944 2201 3946 1434 3945 2201 3946 1435 3947 1435 3947 2201 3946 2200 3948 1435 3947 2200 3948 1436 3949 1436 3949 2200 3948 2199 3950 1436 3949 2199 3950 1437 3951 1437 3951 2199 3950 2198 3952 1437 3951 2198 3952 1438 3953 1438 3953 2198 3952 2197 3954 1438 3953 2197 3954 1439 3955 1439 3955 2197 3954 2196 3956 1439 3955 2196 3956 1440 3957 1440 3957 2196 3956 2195 3958 1440 3957 2195 3958 1441 3959 1441 3959 2195 3958 2194 3960 1441 3959 2194 3960 1442 3961 1442 3961 2194 3960 2193 3962 1442 3961 2193 3962 1443 3963 1443 3963 2193 3962 2192 3964 1443 3963 2192 3964 1444 3965 1444 3965 2192 3964 2191 3966 1444 3965 2191 3966 1445 3967 1445 3967 2191 3966 2190 3968 1445 3967 2190 3968 1446 3969 1446 3969 2190 3968 2189 3970 1446 3969 2189 3970 1447 3971 1447 3971 2189 3970 2188 3972 1447 3971 2188 3972 1448 3973 1448 3973 2188 3972 2187 3974 1448 3973 2187 3974 1449 3975 1449 3975 2187 3974 2186 3976 1449 3975 2186 3976 1450 3977 1450 3977 2186 3976 2185 3978 1450 3977 2185 3978 1451 3979 1451 3979 2185 3978 2184 3980 1451 3979 2184 3980 1452 3981 1452 3981 2184 3980 2183 3982 1452 3981 2183 3982 1453 3983 1453 3983 2183 3982 2182 3984 1453 3983 2182 3984 1454 3985 1454 3985 2182 3984 2181 3986 1454 3985 2181 3986 1455 3939 1455 3939 2181 3986 2180 3940 1431 3987 2096 3988 1348 3989 1348 3989 2096 3988 2095 3990 1348 3989 2095 3990 1349 3991 1349 3991 2095 3990 2178 3992 1349 3991 2178 3992 1350 3993 1350 3993 2178 3992 2177 3994 1350 3993 2177 3994 1351 3995 1351 3995 2177 3994 2176 3996 1351 3995 2176 3996 1352 3997 1352 3997 2176 3996 2175 3998 1352 3997 2175 3998 1353 3999 1353 3999 2175 3998 2174 4000 1353 3999 2174 4000 1354 4001 1354 4001 2174 4000 2173 4002 1354 4001 2173 4002 1355 4003 1355 4003 2173 4002 2172 4004 1355 4003 2172 4004 1356 4005 1356 4005 2172 4004 2171 4006 1356 4005 2171 4006 1357 4007 1357 4007 2171 4006 2170 4008 1357 4007 2170 4008 1358 4009 1358 4009 2170 4008 2169 4010 1358 4009 2169 4010 1359 4011 1359 4011 2169 4010 2168 4012 1359 4011 2168 4012 1360 4013 1360 4013 2168 4012 2167 4014 1360 4013 2167 4014 1361 4015 1361 4015 2167 4014 2166 4016 1361 4015 2166 4016 1362 4017 1362 4017 2166 4016 2165 4018 1362 4017 2165 4018 1363 4019 1363 4019 2165 4018 2164 4020 1363 4019 2164 4020 1364 4021 1364 4021 2164 4020 2163 4022 1364 4021 2163 4022 1365 4023 1365 4023 2163 4022 2162 4024 1365 4023 2162 4024 1366 4025 1366 4025 2162 4024 2161 4026 1366 4025 2161 4026 1367 4027 1367 4027 2161 4026 2160 4028 1367 4027 2160 4028 1368 4029 1368 4029 2160 4028 2159 4030 1368 4029 2159 4030 1369 4031 1369 4031 2159 4030 2158 4032 1369 4031 2158 4032 1370 4033 1370 4033 2158 4032 2157 4034 1370 4033 2157 4034 1371 4035 1371 4035 2157 4034 2156 4036 1371 4035 2156 4036 1372 4037 1372 4037 2156 4036 2155 4038 1372 4037 2155 4038 1373 4039 1373 4039 2155 4038 2154 4040 1373 4039 2154 4040 1374 4041 1374 4041 2154 4040 2153 4042 1374 4041 2153 4042 1375 4043 1375 4043 2153 4042 2152 4044 1375 4043 2152 4044 1376 4045 1376 4045 2152 4044 2151 4046 1376 4045 2151 4046 1377 4047 1377 4047 2151 4046 2150 4048 1377 4047 2150 4048 1378 4049 1378 4049 2150 4048 2149 4050 1378 4049 2149 4050 1379 4051 1379 4051 2149 4050 2148 4052 1379 4051 2148 4052 1380 4053 1380 4053 2148 4052 2147 4054 1380 4053 2147 4054 1381 4055 1381 4055 2147 4054 2146 4056 1381 4055 2146 4056 1382 4057 1382 4057 2146 4056 2145 4058 1382 4057 2145 4058 1383 4059 1383 4059 2145 4058 2144 4060 1383 4059 2144 4060 1384 4061 1384 4061 2144 4060 2143 4062 1384 4061 2143 4062 1385 4063 1385 4063 2143 4062 2142 4064 1385 4063 2142 4064 1386 4065 1386 4065 2142 4064 2141 4066 1386 4065 2141 4066 1387 4067 1387 4067 2141 4066 2140 4068 1387 4067 2140 4068 1388 4069 1388 4069 2140 4068 2139 4070 1388 4069 2139 4070 1389 4071 1389 4071 2139 4070 2138 4072 1389 4071 2138 4072 1390 4073 1390 4073 2138 4072 2137 4074 1390 4073 2137 4074 1391 4075 1391 4075 2137 4074 2136 4076 1391 4075 2136 4076 1392 4077 1392 4077 2136 4076 2135 4078 1392 4077 2135 4078 1393 4079 1393 4079 2135 4078 2134 4080 1393 4079 2134 4080 1394 4081 1394 4081 2134 4080 2133 4082 1394 4081 2133 4082 1395 4083 1395 4083 2133 4082 2132 4084 1395 4083 2132 4084 1396 4085 1396 4085 2132 4084 2131 4086 1396 4085 2131 4086 1397 4087 1397 4087 2131 4086 2130 4088 1397 4087 2130 4088 1398 4089 1398 4089 2130 4088 2129 4090 1398 4089 2129 4090 1399 4091 1399 4091 2129 4090 2128 4092 1399 4091 2128 4092 1400 4093 1400 4093 2128 4092 2127 4094 1400 4093 2127 4094 1401 4095 1401 4095 2127 4094 2126 4096 1401 4095 2126 4096 1402 4097 1402 4097 2126 4096 2125 4098 1402 4097 2125 4098 1403 4099 1403 4099 2125 4098 2124 4100 1403 4099 2124 4100 1404 4101 1404 4101 2124 4100 2123 4102 1404 4101 2123 4102 1405 4103 1405 4103 2123 4102 2122 4104 1405 4103 2122 4104 1406 4105 1406 4105 2122 4104 2121 4106 1406 4105 2121 4106 1407 4107 1407 4107 2121 4106 2120 4108 1407 4107 2120 4108 1408 4109 1408 4109 2120 4108 2119 4110 1408 4109 2119 4110 1409 4111 1409 4111 2119 4110 2118 4112 1409 4111 2118 4112 1410 4113 1410 4113 2118 4112 2117 4114 1410 4113 2117 4114 1411 4115 1411 4115 2117 4114 2116 4116 1411 4115 2116 4116 1412 4117 1412 4117 2116 4116 2115 4118 1412 4117 2115 4118 1413 4119 1413 4119 2115 4118 2114 4120 1413 4119 2114 4120 1414 4121 1414 4121 2114 4120 2113 4122 1414 4121 2113 4122 1415 4123 1415 4123 2113 4122 2112 4124 1415 4123 2112 4124 1416 4125 1416 4125 2112 4124 2111 4126 1416 4125 2111 4126 1417 4127 1417 4127 2111 4126 2110 4128 1417 4127 2110 4128 1418 4129 1418 4129 2110 4128 2109 4130 1418 4129 2109 4130 1419 4131 1419 4131 2109 4130 2108 4132 1419 4131 2108 4132 1420 4133 1420 4133 2108 4132 2107 4134 1420 4133 2107 4134 1421 4135 1421 4135 2107 4134 2106 4136 1421 4135 2106 4136 1422 4137 1422 4137 2106 4136 2105 4138 1422 4137 2105 4138 1423 4139 1423 4139 2105 4138 2104 4140 1423 4139 2104 4140 1424 4141 1424 4141 2104 4140 2103 4142 1424 4141 2103 4142 1425 4143 1425 4143 2103 4142 2102 4144 1425 4143 2102 4144 1426 4145 1426 4145 2102 4144 2101 4146 1426 4145 2101 4146 1427 4147 1427 4147 2101 4146 2100 4148 1427 4147 2100 4148 1428 4149 1428 4149 2100 4148 2099 4150 1428 4149 2099 4150 1429 4151 1429 4151 2099 4150 2098 4152 1429 4151 2098 4152 1430 4153 1430 4153 2098 4152 2097 4154 1430 4153 2097 4154 1431 3987 1431 3987 2097 4154 2096 3988 1315 2026 2094 4155 1316 2024 1316 2024 2094 4155 1624 4156 2094 4157 1717 4158 1624 4159 1624 4159 1717 4158 1625 4160</p>
        </triangles>
        <triangles material="L70IE_Finger__Opaque_0_115_115_" count="5890">
          <input semantic="VERTEX" source="#L70IE_Finger-mesh-vertices" offset="0"/>
          <input semantic="NORMAL" source="#L70IE_Finger-mesh-normals" offset="1"/>
          <p>2372 4161 2569 4162 2371 4163 2371 4163 2569 4162 2568 4164 2371 4163 2568 4164 2468 4165 2468 4165 2568 4164 2663 4166 2468 4165 2663 4166 2467 4167 2467 4167 2663 4166 2662 4168 2467 4167 2662 4168 2466 4169 2466 4169 2662 4168 2661 4170 2466 4169 2661 4170 2465 4171 2465 4171 2661 4170 2660 4172 2465 4171 2660 4172 2464 4173 2464 4173 2660 4172 2659 4174 2464 4173 2659 4174 2463 4175 2463 4175 2659 4174 2658 4176 2463 4175 2658 4176 2462 4177 2462 4177 2658 4176 2657 4178 2462 4177 2657 4178 2461 4179 2461 4179 2657 4178 2656 4180 2461 4179 2656 4180 2460 4181 2460 4181 2656 4180 2655 4182 2460 4181 2655 4182 2459 4183 2459 4183 2655 4182 2654 4184 2459 4183 2654 4184 2458 4185 2458 4185 2654 4184 2653 4186 2458 4185 2653 4186 2457 4187 2457 4187 2653 4186 2652 4188 2457 4187 2652 4188 2456 4189 2456 4189 2652 4188 2651 4190 2456 4189 2651 4190 2455 4191 2455 4191 2651 4190 2650 4192 2455 4191 2650 4192 2454 4193 2454 4193 2650 4192 2649 4194 2454 4193 2649 4194 2453 4195 2453 4195 2649 4194 2648 4196 2453 4195 2648 4196 2452 4197 2452 4197 2648 4196 2647 4198 2452 4197 2647 4198 2451 4199 2451 4199 2647 4198 2646 4200 2451 4199 2646 4200 2450 4201 2450 4201 2646 4200 2645 4202 2450 4201 2645 4202 2449 4203 2449 4203 2645 4202 2644 4204 2449 4203 2644 4204 2448 4205 2448 4205 2644 4204 2643 4206 2448 4205 2643 4206 2447 4207 2447 4207 2643 4206 2642 4208 2447 4207 2642 4208 2446 4209 2446 4209 2642 4208 2641 4210 2446 4209 2641 4210 2445 4211 2445 4211 2641 4210 2640 4212 2445 4211 2640 4212 2444 4213 2444 4213 2640 4212 2639 4214 2444 4213 2639 4214 2443 4215 2443 4215 2639 4214 2638 4216 2443 4215 2638 4216 2442 4217 2442 4217 2638 4216 2637 4218 2442 4217 2637 4218 2441 4219 2441 4219 2637 4218 2636 4220 2441 4219 2636 4220 2440 4221 2440 4221 2636 4220 2635 4222 2440 4221 2635 4222 2439 4223 2439 4223 2635 4222 2634 4224 2439 4223 2634 4224 2438 4225 2438 4225 2634 4224 2633 4226 2438 4225 2633 4226 2437 4227 2437 4227 2633 4226 2632 4228 2437 4227 2632 4228 2436 4229 2436 4229 2632 4228 2631 4230 2436 4229 2631 4230 2435 4231 2435 4231 2631 4230 2630 4232 2435 4231 2630 4232 2434 4233 2434 4233 2630 4232 2629 4234 2434 4233 2629 4234 2433 4235 2433 4235 2629 4234 2628 4236 2433 4235 2628 4236 2432 4237 2432 4237 2628 4236 2627 4238 2432 4237 2627 4238 2431 4239 2431 4239 2627 4238 2626 4240 2431 4239 2626 4240 2430 4241 2430 4241 2626 4240 2625 4242 2430 4241 2625 4242 2429 4243 2429 4243 2625 4242 2624 4244 2429 4243 2624 4244 2428 4245 2428 4245 2624 4244 2623 4246 2428 4245 2623 4246 2427 4247 2427 4247 2623 4246 2622 4248 2427 4247 2622 4248 2426 4249 2426 4249 2622 4248 2621 4250 2426 4249 2621 4250 2425 4251 2425 4251 2621 4250 2620 4252 2425 4251 2620 4252 2424 4253 2424 4253 2620 4252 2619 4254 2424 4253 2619 4254 2423 4255 2423 4255 2619 4254 2618 4256 2423 4255 2618 4256 2422 4257 2422 4257 2618 4256 2617 4258 2422 4257 2617 4258 2421 4259 2421 4259 2617 4258 2567 4260 2421 4259 2567 4260 2420 4261 2420 4261 2567 4260 2419 4262 2419 4262 2567 4260 2616 4263 2419 4262 2616 4263 2418 4264 2418 4264 2616 4263 2615 4265 2418 4264 2615 4265 2417 4266 2417 4266 2615 4265 2614 4267 2417 4266 2614 4267 2416 4268 2416 4268 2614 4267 2613 4269 2416 4268 2613 4269 2415 4270 2415 4270 2613 4269 2612 4271 2415 4270 2612 4271 2414 4272 2414 4272 2612 4271 2611 4273 2414 4272 2611 4273 2413 4274 2413 4274 2611 4273 2610 4275 2413 4274 2610 4275 2412 4276 2412 4276 2610 4275 2609 4277 2412 4276 2609 4277 2411 4278 2411 4278 2609 4277 2608 4279 2411 4278 2608 4279 2410 4280 2410 4280 2608 4279 2607 4281 2410 4280 2607 4281 2409 4282 2409 4282 2607 4281 2606 4283 2409 4282 2606 4283 2408 4284 2408 4284 2606 4283 2605 4285 2408 4284 2605 4285 2407 4286 2407 4286 2605 4285 2604 4287 2407 4286 2604 4287 2406 4288 2406 4288 2604 4287 2603 4289 2406 4288 2603 4289 2405 4290 2405 4290 2603 4289 2602 4291 2405 4290 2602 4291 2404 4292 2404 4292 2602 4291 2601 4293 2404 4292 2601 4293 2403 4294 2403 4294 2601 4293 2600 4295 2403 4294 2600 4295 2402 4296 2402 4296 2600 4295 2599 4297 2402 4296 2599 4297 2401 4298 2401 4298 2599 4297 2598 4299 2401 4298 2598 4299 2400 4300 2400 4300 2598 4299 2597 4301 2400 4300 2597 4301 2399 4302 2399 4302 2597 4301 2596 4303 2399 4302 2596 4303 2398 4304 2398 4304 2596 4303 2595 4305 2398 4304 2595 4305 2397 4306 2397 4306 2595 4305 2594 4307 2397 4306 2594 4307 2396 4308 2396 4308 2594 4307 2593 4309 2396 4308 2593 4309 2395 4310 2395 4310 2593 4309 2592 4311 2395 4310 2592 4311 2394 4312 2394 4312 2592 4311 2591 4313 2394 4312 2591 4313 2393 4314 2393 4314 2591 4313 2590 4315 2393 4314 2590 4315 2392 4316 2392 4316 2590 4315 2589 4317 2392 4316 2589 4317 2391 4318 2391 4318 2589 4317 2588 4319 2391 4318 2588 4319 2390 4320 2390 4320 2588 4319 2587 4321 2390 4320 2587 4321 2389 4322 2389 4322 2587 4321 2586 4323 2389 4322 2586 4323 2388 4324 2388 4324 2586 4323 2585 4325 2388 4324 2585 4325 2387 4326 2387 4326 2585 4325 2584 4327 2387 4326 2584 4327 2386 4328 2386 4328 2584 4327 2583 4329 2386 4328 2583 4329 2385 4330 2385 4330 2583 4329 2582 4331 2385 4330 2582 4331 2384 4332 2384 4332 2582 4331 2581 4333 2384 4332 2581 4333 2383 4334 2383 4334 2581 4333 2580 4335 2383 4334 2580 4335 2382 4336 2382 4336 2580 4335 2579 4337 2382 4336 2579 4337 2381 4338 2381 4338 2579 4337 2578 4339 2381 4338 2578 4339 2380 4340 2380 4340 2578 4339 2577 4341 2380 4340 2577 4341 2379 4342 2379 4342 2577 4341 2576 4343 2379 4342 2576 4343 2378 4344 2378 4344 2576 4343 2575 4345 2378 4344 2575 4345 2377 4346 2377 4346 2575 4345 2574 4347 2377 4346 2574 4347 2376 4348 2376 4348 2574 4347 2573 4349 2376 4348 2573 4349 2375 4350 2375 4350 2573 4349 2572 4351 2375 4350 2572 4351 2374 4352 2374 4352 2572 4351 2571 4353 2374 4352 2571 4353 2373 4354 2373 4354 2571 4353 2570 4355 2373 4354 2570 4355 2372 4161 2372 4161 2570 4355 2569 4162 2470 4356 2592 4311 2469 4357 2469 4357 2592 4311 2593 4309 2469 4357 2593 4309 2566 4358 2566 4358 2593 4309 2594 4307 2566 4358 2594 4307 2565 4359 2565 4359 2594 4307 2595 4305 2565 4359 2595 4305 2564 4360 2564 4360 2595 4305 2596 4303 2564 4360 2596 4303 2563 4361 2563 4361 2596 4303 2597 4301 2563 4361 2597 4301 2562 4362 2562 4362 2597 4301 2598 4299 2562 4362 2598 4299 2561 4363 2561 4363 2598 4299 2599 4297 2561 4363 2599 4297 2560 4364 2560 4364 2599 4297 2600 4295 2560 4364 2600 4295 2559 4365 2559 4365 2600 4295 2601 4293 2559 4365 2601 4293 2558 4366 2558 4366 2601 4293 2602 4291 2558 4366 2602 4291 2557 4367 2557 4367 2602 4291 2603 4289 2557 4367 2603 4289 2556 4368 2556 4368 2603 4289 2604 4287 2556 4368 2604 4287 2555 4369 2555 4369 2604 4287 2605 4285 2555 4369 2605 4285 2554 4370 2554 4370 2605 4285 2606 4283 2554 4370 2606 4283 2553 4371 2553 4371 2606 4283 2607 4281 2553 4371 2607 4281 2552 4372 2552 4372 2607 4281 2608 4279 2552 4372 2608 4279 2551 4373 2551 4373 2608 4279 2609 4277 2551 4373 2609 4277 2550 4374 2550 4374 2609 4277 2610 4275 2550 4374 2610 4275 2549 4375 2549 4375 2610 4275 2611 4273 2549 4375 2611 4273 2548 4376 2548 4376 2611 4273 2612 4271 2548 4376 2612 4271 2547 4377 2547 4377 2612 4271 2613 4269 2547 4377 2613 4269 2546 4378 2546 4378 2613 4269 2614 4267 2546 4378 2614 4267 2545 4379 2545 4379 2614 4267 2615 4265 2545 4379 2615 4265 2544 4380 2544 4380 2615 4265 2616 4263 2544 4380 2616 4263 2543 4381 2543 4381 2616 4263 2567 4260 2543 4381 2567 4260 2542 4382 2542 4382 2567 4260 2617 4258 2542 4382 2617 4258 2541 4383 2541 4383 2617 4258 2618 4256 2541 4383 2618 4256 2540 4384 2540 4384 2618 4256 2619 4254 2540 4384 2619 4254 2539 4385 2539 4385 2619 4254 2620 4252 2539 4385 2620 4252 2538 4386 2538 4386 2620 4252 2621 4250 2538 4386 2621 4250 2537 4387 2537 4387 2621 4250 2622 4248 2537 4387 2622 4248 2536 4388 2536 4388 2622 4248 2623 4246 2536 4388 2623 4246 2535 4389 2535 4389 2623 4246 2624 4244 2535 4389 2624 4244 2534 4390 2534 4390 2624 4244 2625 4242 2534 4390 2625 4242 2533 4391 2533 4391 2625 4242 2626 4240 2533 4391 2626 4240 2532 4392 2532 4392 2626 4240 2627 4238 2532 4392 2627 4238 2531 4393 2531 4393 2627 4238 2628 4236 2531 4393 2628 4236 2530 4394 2530 4394 2628 4236 2629 4234 2530 4394 2629 4234 2529 4395 2529 4395 2629 4234 2630 4232 2529 4395 2630 4232 2528 4396 2528 4396 2630 4232 2631 4230 2528 4396 2631 4230 2527 4397 2527 4397 2631 4230 2632 4228 2527 4397 2632 4228 2526 4398 2526 4398 2632 4228 2633 4226 2526 4398 2633 4226 2525 4399 2525 4399 2633 4226 2634 4224 2525 4399 2634 4224 2524 4400 2524 4400 2634 4224 2635 4222 2524 4400 2635 4222 2523 4401 2523 4401 2635 4222 2636 4220 2523 4401 2636 4220 2522 4402 2522 4402 2636 4220 2637 4218 2522 4402 2637 4218 2521 4403 2521 4403 2637 4218 2638 4216 2521 4403 2638 4216 2520 4404 2520 4404 2638 4216 2639 4214 2520 4404 2639 4214 2519 4405 2519 4405 2639 4214 2640 4212 2519 4405 2640 4212 2518 4406 2518 4406 2640 4212 2641 4210 2518 4406 2641 4210 2517 4407 2517 4407 2641 4210 2642 4208 2517 4407 2642 4208 2516 4408 2516 4408 2642 4208 2643 4206 2516 4408 2643 4206 2515 4409 2515 4409 2643 4206 2644 4204 2515 4409 2644 4204 2514 4410 2514 4410 2644 4204 2645 4202 2514 4410 2645 4202 2513 4411 2513 4411 2645 4202 2646 4200 2513 4411 2646 4200 2512 4412 2512 4412 2646 4200 2647 4198 2512 4412 2647 4198 2511 4413 2511 4413 2647 4198 2648 4196 2511 4413 2648 4196 2510 4414 2510 4414 2648 4196 2649 4194 2510 4414 2649 4194 2509 4415 2509 4415 2649 4194 2650 4192 2509 4415 2650 4192 2508 4416 2508 4416 2650 4192 2651 4190 2508 4416 2651 4190 2507 4417 2507 4417 2651 4190 2652 4188 2507 4417 2652 4188 2506 4418 2506 4418 2652 4188 2653 4186 2506 4418 2653 4186 2505 4419 2505 4419 2653 4186 2654 4184 2505 4419 2654 4184 2504 4420 2504 4420 2654 4184 2655 4182 2504 4420 2655 4182 2503 4421 2503 4421 2655 4182 2656 4180 2503 4421 2656 4180 2502 4422 2502 4422 2656 4180 2657 4178 2502 4422 2657 4178 2501 4423 2501 4423 2657 4178 2658 4176 2501 4423 2658 4176 2500 4424 2500 4424 2658 4176 2659 4174 2500 4424 2659 4174 2499 4425 2499 4425 2659 4174 2660 4172 2499 4425 2660 4172 2498 4426 2498 4426 2660 4172 2661 4170 2498 4426 2661 4170 2497 4427 2497 4427 2661 4170 2662 4168 2497 4427 2662 4168 2496 4428 2496 4428 2662 4168 2663 4166 2496 4428 2663 4166 2495 4429 2495 4429 2663 4166 2568 4164 2495 4429 2568 4164 2494 4430 2494 4430 2568 4164 2493 4431 2493 4431 2568 4164 2569 4162 2493 4431 2569 4162 2492 4432 2492 4432 2569 4162 2570 4355 2492 4432 2570 4355 2491 4433 2491 4433 2570 4355 2571 4353 2491 4433 2571 4353 2490 4434 2490 4434 2571 4353 2572 4351 2490 4434 2572 4351 2489 4435 2489 4435 2572 4351 2573 4349 2489 4435 2573 4349 2488 4436 2488 4436 2573 4349 2574 4347 2488 4436 2574 4347 2487 4437 2487 4437 2574 4347 2575 4345 2487 4437 2575 4345 2486 4438 2486 4438 2575 4345 2576 4343 2486 4438 2576 4343 2485 4439 2485 4439 2576 4343 2577 4341 2485 4439 2577 4341 2484 4440 2484 4440 2577 4341 2578 4339 2484 4440 2578 4339 2483 4441 2483 4441 2578 4339 2579 4337 2483 4441 2579 4337 2482 4442 2482 4442 2579 4337 2580 4335 2482 4442 2580 4335 2481 4443 2481 4443 2580 4335 2581 4333 2481 4443 2581 4333 2480 4444 2480 4444 2581 4333 2582 4331 2480 4444 2582 4331 2479 4445 2479 4445 2582 4331 2583 4329 2479 4445 2583 4329 2478 4446 2478 4446 2583 4329 2584 4327 2478 4446 2584 4327 2477 4447 2477 4447 2584 4327 2585 4325 2477 4447 2585 4325 2476 4448 2476 4448 2585 4325 2586 4323 2476 4448 2586 4323 2475 4449 2475 4449 2586 4323 2587 4321 2475 4449 2587 4321 2474 4450 2474 4450 2587 4321 2588 4319 2474 4450 2588 4319 2473 4451 2473 4451 2588 4319 2589 4317 2473 4451 2589 4317 2472 4452 2472 4452 2589 4317 2590 4315 2472 4452 2590 4315 2471 4453 2471 4453 2590 4315 2591 4313 2471 4453 2591 4313 2470 4356 2470 4356 2591 4313 2592 4311 2665 4454 2891 4455 2664 4456 2664 4456 2891 4455 2892 4457 2664 4456 2892 4457 2893 4458 2666 4459 2888 4460 2665 4454 2665 4454 2888 4460 2889 4461 2665 4454 2889 4461 2890 4462 2667 4463 2886 4464 2666 4459 2666 4459 2886 4464 2887 4465 2666 4459 2887 4465 2888 4460 2668 4466 2991 4467 2667 4463 2667 4463 2991 4467 2992 4468 2667 4463 2992 4468 2885 4469 2885 4469 2992 4468 2884 4470 2884 4470 2992 4468 2993 4471 2884 4470 2993 4471 2883 4472 2883 4472 2993 4471 2882 4473 2882 4473 2993 4471 2994 4474 2882 4473 2994 4474 2881 4475 2881 4475 2994 4474 2904 4476 2904 4476 2994 4474 2995 4477 2904 4476 2995 4477 2903 4478 2903 4478 2995 4477 2902 4479 2902 4479 2995 4477 2996 4480 2902 4479 2996 4480 2901 4481 2901 4481 2996 4480 2758 4482 2901 4481 2758 4482 2900 4483 2900 4483 2758 4482 2759 4484 2900 4483 2759 4484 2899 4485 2899 4485 2759 4484 2898 4486 2898 4486 2759 4484 2760 4487 2898 4486 2760 4487 2897 4488 2897 4488 2760 4487 2896 4489 2896 4489 2760 4487 2895 4490 2895 4490 2760 4487 2664 4456 2895 4490 2664 4456 2894 4491 2894 4491 2664 4456 2893 4458 2991 4467 2668 4466 2990 4492 2990 4492 2668 4466 2669 4493 2990 4492 2669 4493 2989 4494 2989 4494 2669 4493 2670 4495 2989 4494 2670 4495 2671 4496 2989 4494 2671 4496 2988 4497 2988 4497 2671 4496 2672 4498 2988 4497 2672 4498 2987 4499 2987 4499 2672 4498 2673 4500 2987 4499 2673 4500 2986 4501 2986 4501 2673 4500 2874 4502 2986 4501 2874 4502 2875 4503 2874 4502 2673 4500 2873 4504 2873 4504 2673 4500 2674 4505 2873 4504 2674 4505 2872 4506 2872 4506 2674 4505 2871 4507 2871 4507 2674 4505 2675 4508 2871 4507 2675 4508 2870 4509 2870 4509 2675 4508 2869 4510 2869 4510 2675 4508 2868 4511 2868 4511 2675 4508 2676 4512 2868 4511 2676 4512 2867 4513 2867 4513 2676 4512 2866 4514 2866 4514 2676 4512 2865 4515 2865 4515 2676 4512 2677 4516 2865 4515 2677 4516 2864 4517 2864 4517 2677 4516 2863 4518 2863 4518 2677 4516 2862 4519 2862 4519 2677 4516 2861 4520 2861 4520 2677 4516 2678 4521 2861 4520 2678 4521 2860 4522 2860 4522 2678 4521 2859 4523 2859 4523 2678 4521 2679 4524 2859 4523 2679 4524 2858 4525 2858 4525 2679 4524 2981 4526 2858 4525 2981 4526 2982 4527 2679 4524 2680 4528 2981 4526 2981 4526 2680 4528 2980 4529 2980 4529 2680 4528 2681 4530 2980 4529 2681 4530 2979 4531 2979 4531 2681 4530 2682 4532 2979 4531 2682 4532 2978 4533 2978 4533 2682 4532 2683 4534 2978 4533 2683 4534 2684 4535 2978 4533 2684 4535 2977 4536 2977 4536 2684 4535 2685 4537 2977 4536 2685 4537 2976 4538 2976 4538 2685 4537 2847 4539 2976 4538 2847 4539 2848 4540 2847 4539 2685 4537 2846 4541 2846 4541 2685 4537 2686 4542 2846 4541 2686 4542 2845 4543 2845 4543 2686 4542 2687 4544 2845 4543 2687 4544 2844 4545 2844 4545 2687 4544 2843 4546 2843 4546 2687 4544 2842 4547 2842 4547 2687 4544 2688 4548 2842 4547 2688 4548 2841 4549 2841 4549 2688 4548 2840 4550 2840 4550 2688 4548 2839 4551 2839 4551 2688 4548 2838 4552 2838 4552 2688 4548 2689 4553 2838 4552 2689 4553 2837 4554 2837 4554 2689 4553 2836 4555 2836 4555 2689 4553 2835 4556 2835 4556 2689 4553 2690 4557 2835 4556 2690 4557 2834 4558 2834 4558 2690 4557 2833 4559 2833 4559 2690 4557 2856 4560 2856 4560 2690 4557 2691 4561 2856 4560 2691 4561 2855 4562 2855 4562 2691 4561 2971 4563 2855 4562 2971 4563 2854 4564 2854 4564 2971 4563 2972 4565 2854 4564 2972 4565 2853 4566 2853 4566 2972 4565 2973 4567 2853 4566 2973 4567 2852 4568 2852 4568 2973 4567 2851 4569 2851 4569 2973 4567 2974 4570 2851 4569 2974 4570 2850 4571 2850 4571 2974 4570 2849 4572 2849 4572 2974 4570 2975 4573 2849 4572 2975 4573 2848 4540 2848 4540 2975 4573 2976 4538 2691 4561 2692 4574 2971 4563 2971 4563 2692 4574 2970 4575 2970 4575 2692 4574 2693 4576 2970 4575 2693 4576 2969 4577 2969 4577 2693 4576 2694 4578 2969 4577 2694 4578 2968 4579 2968 4579 2694 4578 2695 4580 2968 4579 2695 4580 2967 4581 2967 4581 2695 4580 2696 4582 2967 4581 2696 4582 2697 4583 2967 4581 2697 4583 2966 4584 2966 4584 2697 4583 2698 4585 2966 4584 2698 4585 2820 4586 2820 4586 2698 4585 2819 4587 2819 4587 2698 4585 2818 4588 2818 4588 2698 4585 2699 4589 2818 4588 2699 4589 2817 4590 2817 4590 2699 4589 2816 4591 2816 4591 2699 4589 2815 4592 2815 4592 2699 4589 2700 4593 2815 4592 2700 4593 2814 4594 2814 4594 2700 4593 2813 4595 2813 4595 2700 4593 2812 4596 2812 4596 2700 4593 2701 4597 2812 4596 2701 4597 2811 4598 2811 4598 2701 4597 2810 4599 2810 4599 2701 4597 2809 4600 2809 4600 2701 4597 2832 4601 2832 4601 2701 4597 2702 4602 2832 4601 2702 4602 2831 4603 2831 4603 2702 4602 2830 4604 2830 4604 2702 4602 2703 4605 2830 4604 2703 4605 2829 4606 2829 4606 2703 4605 2828 4607 2828 4607 2703 4605 2961 4608 2828 4607 2961 4608 2827 4609 2827 4609 2961 4608 2962 4610 2827 4609 2962 4610 2826 4611 2826 4611 2962 4610 2825 4612 2825 4612 2962 4610 2963 4613 2825 4612 2963 4613 2824 4614 2824 4614 2963 4613 2964 4615 2824 4614 2964 4615 2823 4616 2823 4616 2964 4615 2822 4617 2822 4617 2964 4615 2965 4618 2822 4617 2965 4618 2821 4619 2821 4619 2965 4618 2820 4586 2820 4586 2965 4618 2966 4584 2703 4605 2704 4620 2961 4608 2961 4608 2704 4620 2960 4621 2960 4621 2704 4620 2705 4622 2960 4621 2705 4622 2959 4623 2959 4623 2705 4622 2706 4624 2959 4623 2706 4624 2958 4625 2958 4625 2706 4624 2707 4626 2958 4625 2707 4626 2957 4627 2957 4627 2707 4626 2708 4628 2957 4627 2708 4628 2956 4629 2956 4629 2708 4628 2709 4630 2956 4629 2709 4630 2710 4631 2711 4632 2791 4633 2710 4631 2710 4631 2791 4633 2792 4634 2710 4631 2792 4634 2793 4635 2712 4636 2788 4637 2711 4632 2711 4632 2788 4637 2789 4638 2711 4632 2789 4638 2790 4639 2713 4640 2785 4641 2712 4636 2712 4636 2785 4641 2786 4642 2712 4636 2786 4642 2787 4643 2714 4644 2806 4645 2713 4640 2713 4640 2806 4645 2807 4646 2713 4640 2807 4646 2808 4647 2715 4648 2803 4649 2714 4644 2714 4644 2803 4649 2804 4650 2714 4644 2804 4650 2805 4651 2716 4652 3032 4653 2715 4648 2715 4648 3032 4653 3033 4654 2715 4648 3033 4654 2801 4655 2801 4655 3033 4654 2800 4656 2800 4656 3033 4654 3034 4657 2800 4656 3034 4657 2799 4658 2799 4658 3034 4657 2798 4659 2798 4659 3034 4657 2953 4660 2798 4659 2953 4660 2797 4661 2797 4661 2953 4660 2796 4662 2796 4662 2953 4660 2954 4663 2796 4662 2954 4663 2795 4664 2795 4664 2954 4663 2794 4665 2794 4665 2954 4663 2955 4666 2794 4665 2955 4666 2793 4635 2793 4635 2955 4666 2710 4631 2716 4652 2717 4667 3032 4653 3032 4653 2717 4667 3031 4668 3031 4668 2717 4667 2718 4669 3031 4668 2718 4669 3030 4670 3030 4670 2718 4669 2719 4671 3030 4670 2719 4671 3029 4672 3029 4672 2719 4671 2720 4673 3029 4672 2720 4673 3028 4674 3028 4674 2720 4673 2721 4675 3028 4674 2721 4675 3027 4676 3027 4676 2721 4675 2722 4677 3027 4676 2722 4677 2766 4678 2766 4678 2722 4677 2765 4679 2765 4679 2722 4677 2764 4680 2764 4680 2722 4677 2723 4681 2764 4680 2723 4681 2763 4682 2763 4682 2723 4681 2762 4683 2762 4683 2723 4681 2724 4684 2762 4683 2724 4684 2761 4685 2761 4685 2724 4684 2784 4686 2784 4686 2724 4684 2783 4687 2783 4687 2724 4684 2782 4688 2782 4688 2724 4684 2725 4689 2782 4688 2725 4689 2781 4690 2781 4690 2725 4689 2780 4691 2780 4691 2725 4689 2779 4692 2779 4692 2725 4689 2726 4693 2779 4692 2726 4693 2778 4694 2778 4694 2726 4693 2777 4695 2777 4695 2726 4693 2776 4696 2776 4696 2726 4693 2727 4697 2776 4696 2727 4697 2775 4698 2775 4698 2727 4697 2774 4699 2774 4699 2727 4697 3022 4700 2774 4699 3022 4700 3023 4701 2727 4697 2728 4702 3022 4700 3022 4700 2728 4702 3021 4703 3021 4703 2728 4702 2729 4704 3021 4703 2729 4704 2730 4705 3021 4703 2730 4705 3020 4706 3020 4706 2730 4705 2731 4707 3020 4706 2731 4707 3019 4708 3019 4708 2731 4707 2732 4709 3019 4708 2732 4709 3018 4710 3018 4710 2732 4709 2733 4711 3018 4710 2733 4711 3017 4712 3017 4712 2733 4711 2734 4713 3017 4712 2734 4713 2931 4714 2931 4714 2734 4713 2930 4715 2930 4715 2734 4713 2735 4716 2930 4715 2735 4716 2929 4717 2929 4717 2735 4716 2952 4718 2952 4718 2735 4716 2951 4719 2951 4719 2735 4716 2736 4720 2951 4719 2736 4720 2950 4721 2950 4721 2736 4720 2949 4722 2949 4722 2736 4720 2948 4723 2948 4723 2736 4720 2737 4724 2948 4723 2737 4724 2947 4725 2947 4725 2737 4724 2946 4726 2946 4726 2737 4724 2945 4727 2945 4727 2737 4724 2944 4728 2944 4728 2737 4724 2738 4729 2944 4728 2738 4729 2943 4730 2943 4730 2738 4729 2942 4731 2942 4731 2738 4729 2941 4732 2941 4732 2738 4729 2739 4733 2941 4732 2739 4733 2940 4734 2940 4734 2739 4733 2740 4735 2940 4734 2740 4735 2939 4736 2939 4736 2740 4735 3012 4737 2939 4736 3012 4737 2938 4738 2938 4738 3012 4737 3013 4739 2938 4738 3013 4739 2937 4740 2937 4740 3013 4739 3014 4741 2937 4740 3014 4741 2936 4742 2936 4742 3014 4741 2935 4743 2935 4743 3014 4741 3015 4744 2935 4743 3015 4744 2934 4745 2934 4745 3015 4744 2933 4746 2933 4746 3015 4744 3016 4747 2933 4746 3016 4747 2932 4748 2932 4748 3016 4747 3017 4712 2932 4748 3017 4712 2931 4714 3012 4737 2740 4735 3011 4749 3011 4749 2740 4735 2741 4750 3011 4749 2741 4750 3010 4751 3010 4751 2741 4750 2742 4752 3010 4751 2742 4752 2743 4753 3010 4751 2743 4753 3009 4754 3009 4754 2743 4753 2744 4755 3009 4754 2744 4755 3008 4756 3008 4756 2744 4755 2745 4757 3008 4756 2745 4757 3007 4758 3007 4758 2745 4757 2746 4759 3007 4758 2746 4759 2928 4760 2928 4760 2746 4759 2927 4761 2927 4761 2746 4759 2747 4762 2927 4761 2747 4762 2926 4763 2926 4763 2747 4762 2925 4764 2925 4764 2747 4762 2748 4765 2925 4764 2748 4765 2924 4766 2924 4766 2748 4765 2923 4767 2923 4767 2748 4765 2922 4768 2922 4768 2748 4765 2921 4769 2921 4769 2748 4765 2749 4770 2921 4769 2749 4770 2920 4771 2920 4771 2749 4770 2919 4772 2919 4772 2749 4770 2918 4773 2918 4773 2749 4770 2750 4774 2918 4773 2750 4774 2917 4775 2917 4775 2750 4774 2916 4776 2916 4776 2750 4774 2915 4777 2915 4777 2750 4774 2751 4778 2915 4777 2751 4778 2914 4779 2914 4779 2751 4778 2913 4780 2913 4780 2751 4778 2752 4781 2913 4780 2752 4781 2912 4782 2912 4782 2752 4781 3002 4783 2912 4782 3002 4783 2911 4784 2911 4784 3002 4783 3003 4785 2911 4784 3003 4785 2910 4786 2910 4786 3003 4785 2909 4787 2909 4787 3003 4785 3004 4788 2909 4787 3004 4788 2908 4789 2908 4789 3004 4788 3005 4790 2908 4789 3005 4790 2907 4791 2907 4791 3005 4790 2906 4792 2906 4792 3005 4790 3006 4793 2906 4792 3006 4793 2905 4794 2905 4794 3006 4793 2928 4760 2928 4760 3006 4793 3007 4758 3002 4783 2752 4781 3001 4795 3001 4795 2752 4781 2753 4796 3001 4795 2753 4796 3000 4797 3000 4797 2753 4796 2754 4798 3000 4797 2754 4798 2999 4799 2999 4799 2754 4798 2755 4800 2999 4799 2755 4800 2756 4801 2999 4799 2756 4801 2998 4802 2998 4802 2756 4801 2757 4803 2998 4802 2757 4803 2997 4804 2997 4804 2757 4803 2758 4482 2997 4804 2758 4482 2996 4480 2766 4678 2767 4805 3027 4676 3027 4676 2767 4805 3026 4806 3026 4806 2767 4805 2768 4807 3026 4806 2768 4807 2769 4808 3026 4806 2769 4808 3025 4809 3025 4809 2769 4808 2770 4810 3025 4809 2770 4810 3024 4811 3024 4811 2770 4810 2771 4812 3024 4811 2771 4812 2772 4813 3024 4811 2772 4813 3023 4701 3023 4701 2772 4813 2773 4814 3023 4701 2773 4814 2774 4699 2787 4643 2788 4637 2712 4636 2790 4639 2791 4633 2711 4632 2801 4655 2802 4815 2715 4648 2715 4648 2802 4815 2803 4649 2805 4651 2806 4645 2714 4644 2808 4647 2785 4641 2713 4640 2880 4816 2857 4817 2982 4527 2982 4527 2857 4817 2858 4525 2986 4501 2875 4503 2985 4818 2985 4818 2875 4503 2876 4819 2985 4818 2876 4819 2877 4820 2985 4818 2877 4820 2984 4821 2984 4821 2877 4820 2878 4822 2984 4821 2878 4822 2983 4823 2983 4823 2878 4822 2879 4824 2983 4823 2879 4824 2880 4816 2983 4823 2880 4816 2982 4527 2885 4469 2886 4464 2667 4463 2890 4462 2891 4455 2665 4454 2955 4666 2956 4629 2710 4631 2470 4825 2469 4826 3116 4827 3116 4827 2469 4826 2566 4828 3116 4827 2566 4828 2565 4829 2565 4829 2564 4830 3116 4827 3116 4827 2564 4830 2563 4831 3116 4827 2563 4831 2562 4832 2562 4832 2561 4833 3116 4827 3116 4827 2561 4833 2560 4834 3116 4827 2560 4834 2559 4835 2559 4835 2558 4836 3116 4827 3116 4827 2558 4836 2557 4837 3116 4827 2557 4837 2556 4838 2556 4838 2555 4839 3116 4827 3116 4827 2555 4839 2554 4840 3116 4827 2554 4840 2553 4841 2553 4841 2552 4842 3116 4827 3116 4827 2552 4842 2551 4843 3116 4827 2551 4843 2550 4844 2550 4844 2549 4845 3116 4827 3116 4827 2549 4845 2548 4846 3116 4827 2548 4846 2547 4847 2546 4848 3106 4849 2547 4847 2547 4847 3106 4849 3107 4850 2547 4847 3107 4850 3108 4851 3106 4849 2546 4848 3105 4852 3105 4852 2546 4848 2545 4853 3105 4852 2545 4853 2544 4854 3105 4852 2544 4854 3104 4855 3104 4855 2544 4854 2543 4856 3104 4855 2543 4856 2542 4857 3104 4855 2542 4857 3103 4858 3103 4858 2542 4857 2541 4859 3103 4858 2541 4859 3102 4860 3102 4860 2541 4859 2540 4861 3102 4860 2540 4861 2539 4862 3102 4860 2539 4862 3101 4863 3101 4863 2539 4862 2538 4864 3101 4863 2538 4864 2537 4865 3101 4863 2537 4865 3100 4866 3100 4866 2537 4865 2536 4867 3100 4866 2536 4867 2535 4868 3100 4866 2535 4868 3099 4869 3099 4869 2535 4868 2534 4870 3099 4869 2534 4870 2533 4871 3099 4869 2533 4871 3098 4872 3098 4872 2533 4871 2532 4873 3098 4872 2532 4873 2531 4874 3098 4872 2531 4874 3097 4875 3097 4875 2531 4874 2530 4876 3097 4875 2530 4876 2529 4877 3097 4875 2529 4877 3087 4878 3087 4878 2529 4877 2528 4879 3087 4878 2528 4879 2527 4880 3087 4878 2527 4880 3086 4881 3086 4881 2527 4880 2526 4882 3086 4881 2526 4882 3085 4883 3085 4883 2526 4882 2525 4884 3085 4883 2525 4884 3084 4885 3084 4885 2525 4884 2524 4886 3084 4885 2524 4886 2523 4887 2523 4887 2522 4888 3084 4885 3084 4885 2522 4888 3083 4889 3083 4889 2522 4888 3082 4890 3082 4890 2522 4888 2521 4891 3082 4890 2521 4891 3081 4892 3081 4892 2521 4891 3080 4893 3080 4893 2521 4891 3079 4894 3079 4894 2521 4891 3078 4895 3078 4895 2521 4891 3077 4896 3077 4896 2521 4891 2520 4897 3077 4896 2520 4897 2519 4898 2519 4898 2518 4899 3077 4896 3077 4896 2518 4899 3076 4900 3076 4900 2518 4899 2517 4901 3076 4900 2517 4901 2516 4902 3076 4900 2516 4902 3075 4903 3075 4903 2516 4902 2515 4904 3075 4903 2515 4904 3074 4905 3074 4905 2515 4904 3073 4906 3073 4906 2515 4904 3072 4907 3072 4907 2515 4904 3071 4908 3071 4908 2515 4904 2514 4909 3071 4908 2514 4909 3070 4910 3070 4910 2514 4909 3035 4911 3070 4910 3035 4911 3069 4912 3069 4912 3035 4911 3036 4913 3069 4912 3036 4913 3068 4914 3068 4914 3036 4913 3037 4915 3068 4914 3037 4915 3067 4916 3067 4916 3037 4915 3066 4917 3066 4917 3037 4915 3065 4918 3065 4918 3037 4915 3064 4919 3064 4919 3037 4915 3063 4920 3063 4920 3037 4915 3038 4921 3063 4920 3038 4921 3039 4922 3035 4911 2514 4909 3062 4923 3062 4923 2514 4909 2513 4924 3062 4923 2513 4924 3061 4925 3061 4925 2513 4924 3060 4926 3060 4926 2513 4924 3059 4927 3059 4927 2513 4924 3058 4928 3058 4928 2513 4924 2512 4929 3058 4928 2512 4929 3057 4930 3057 4930 2512 4929 3056 4931 3056 4931 2512 4929 2511 4932 3056 4931 2511 4932 2510 4933 3056 4931 2510 4933 3055 4934 3055 4934 2510 4933 2509 4935 3055 4934 2509 4935 2508 4936 2508 4936 2507 4937 3055 4934 3055 4934 2507 4937 3054 4938 3054 4938 2507 4937 3053 4939 3053 4939 2507 4937 3052 4940 3052 4940 2507 4937 3051 4941 3051 4941 2507 4937 3050 4942 3050 4942 2507 4937 2506 4943 3050 4942 2506 4943 3049 4944 3049 4944 2506 4943 3048 4945 3048 4945 2506 4943 2505 4946 3048 4945 2505 4946 2504 4947 2504 4947 2503 4948 3048 4945 3048 4945 2503 4948 3047 4949 3047 4949 2503 4948 3046 4950 3046 4950 2503 4948 3045 4951 3045 4951 2503 4948 3044 4952 3044 4952 2503 4948 2502 4953 3044 4952 2502 4953 2501 4954 2501 4954 2500 4955 3044 4952 3044 4952 2500 4955 2499 4956 3044 4952 2499 4956 2498 4957 2497 4958 3137 4959 2498 4957 2498 4957 3137 4959 3138 4960 2498 4957 3138 4960 3139 4961 2496 4962 3134 4963 2497 4958 2497 4958 3134 4963 3135 4964 2497 4958 3135 4964 3136 4965 2495 4966 3132 4967 2496 4962 2496 4962 3132 4967 3133 4968 2496 4962 3133 4968 3134 4963 2494 4969 3130 4970 2495 4966 2495 4966 3130 4970 3131 4971 2495 4966 3131 4971 3132 4967 2493 4972 3128 4973 2494 4969 2494 4969 3128 4973 3129 4974 2494 4969 3129 4974 3130 4970 2492 4975 3126 4976 2493 4972 2493 4972 3126 4976 3127 4977 2493 4972 3127 4977 3128 4973 3126 4976 2492 4975 3125 4978 3125 4978 2492 4975 2491 4979 3125 4978 2491 4979 2490 4980 2490 4980 2489 4981 3125 4978 3125 4978 2489 4981 2488 4982 3125 4978 2488 4982 2487 4983 3125 4978 2487 4983 3124 4984 3124 4984 2487 4983 2486 4985 3124 4984 2486 4985 2485 4986 2485 4986 2484 4987 3124 4984 3124 4984 2484 4987 3123 4988 3123 4988 2484 4987 2483 4989 3123 4988 2483 4989 2482 4990 3123 4988 2482 4990 3122 4991 3122 4991 2482 4990 2481 4992 3122 4991 2481 4992 2480 4993 3122 4991 2480 4993 3121 4994 3121 4994 2480 4993 2479 4995 3121 4994 2479 4995 2478 4996 3121 4994 2478 4996 3120 4997 3120 4997 2478 4996 2477 4998 3120 4997 2477 4998 2476 4999 3120 4997 2476 4999 3119 5000 3119 5000 2476 4999 2475 5001 3119 5000 2475 5001 2474 5002 3119 5000 2474 5002 3118 5003 3118 5003 2474 5002 2473 5004 3118 5003 2473 5004 2472 5005 3118 5003 2472 5005 3117 5006 3117 5006 2472 5005 2471 5007 3117 5006 2471 5007 2470 4825 3117 5006 2470 4825 3116 4827 3039 4922 3040 5008 3063 4920 3063 4920 3040 5008 3041 5009 3063 4920 3041 5009 3091 5010 3091 5010 3041 5009 3042 5011 3091 5010 3042 5011 3043 5012 3043 5012 3044 4952 3091 5010 3091 5010 3044 4952 2498 4957 3091 5010 2498 4957 3140 5013 3140 5013 2498 4957 3139 4961 3097 4875 3087 4878 3096 5014 3096 5014 3087 4878 3088 5015 3096 5014 3088 5015 3095 5016 3095 5016 3088 5015 3089 5017 3095 5016 3089 5017 3094 5018 3094 5018 3089 5017 3090 5019 3094 5018 3090 5019 3093 5020 3093 5020 3090 5019 3092 5021 3092 5021 3090 5019 3091 5010 3091 5010 3090 5019 3063 4920 3108 4851 3109 5022 2547 4847 2547 4847 3109 5022 3110 5023 2547 4847 3110 5023 3111 5024 3111 5024 3112 5025 2547 4847 2547 4847 3112 5025 3113 5026 2547 4847 3113 5026 3114 5027 3114 5027 3115 5028 2547 4847 2547 4847 3115 5028 3116 4827 3136 4965 3137 4959 2497 4958 3142 5029 2954 5030 3141 5031 3141 5031 2954 5030 2953 5032 3141 5031 2953 5032 3222 5033 3222 5033 2953 5032 3034 5034 3222 5033 3034 5034 3221 5035 3221 5035 3034 5034 3033 5036 3221 5035 3033 5036 3220 5037 3220 5037 3033 5036 3032 5038 3220 5037 3032 5038 3219 5039 3219 5039 3032 5038 3031 5040 3219 5039 3031 5040 3218 5041 3218 5041 3031 5040 3030 5042 3218 5041 3030 5042 3217 5043 3217 5043 3030 5042 3029 5044 3217 5043 3029 5044 3216 5045 3216 5045 3029 5044 3028 5046 3216 5045 3028 5046 3215 5047 3215 5047 3028 5046 3027 5048 3215 5047 3027 5048 3214 5049 3214 5049 3027 5048 3026 5050 3214 5049 3026 5050 3213 5051 3213 5051 3026 5050 3025 5052 3213 5051 3025 5052 3212 5053 3212 5053 3025 5052 3024 5054 3212 5053 3024 5054 3211 5055 3211 5055 3024 5054 3023 5056 3211 5055 3023 5056 3210 5057 3210 5057 3023 5056 3022 5058 3210 5057 3022 5058 3209 5059 3209 5059 3022 5058 3021 5060 3209 5059 3021 5060 3208 5061 3208 5061 3021 5060 3020 5062 3208 5061 3020 5062 3207 5063 3207 5063 3020 5062 3019 5064 3207 5063 3019 5064 3206 5065 3206 5065 3019 5064 3018 5066 3206 5065 3018 5066 3205 5067 3205 5067 3018 5066 3017 5068 3205 5067 3017 5068 3204 5069 3204 5069 3017 5068 3016 5070 3204 5069 3016 5070 3203 5071 3203 5071 3016 5070 3015 5072 3203 5071 3015 5072 3202 5073 3202 5073 3015 5072 3014 5074 3202 5073 3014 5074 3201 5075 3201 5075 3014 5074 3013 5076 3201 5075 3013 5076 3200 5077 3200 5077 3013 5076 3012 5078 3200 5077 3012 5078 3199 5079 3199 5079 3012 5078 3011 5080 3199 5079 3011 5080 3198 5081 3198 5081 3011 5080 3010 5082 3198 5081 3010 5082 3197 5083 3197 5083 3010 5082 3009 5084 3197 5083 3009 5084 3196 5085 3196 5085 3009 5084 3008 5086 3196 5085 3008 5086 3195 5087 3195 5087 3008 5086 3007 5088 3195 5087 3007 5088 3194 5089 3194 5089 3007 5088 3006 5090 3194 5089 3006 5090 3193 5091 3193 5091 3006 5090 3005 5092 3193 5091 3005 5092 3192 5093 3192 5093 3005 5092 3004 5094 3192 5093 3004 5094 3191 5095 3191 5095 3004 5094 3003 5096 3191 5095 3003 5096 3190 5097 3190 5097 3003 5096 3002 5098 3190 5097 3002 5098 3189 5099 3189 5099 3002 5098 3001 5100 3189 5099 3001 5100 3188 5101 3188 5101 3001 5100 3000 5102 3188 5101 3000 5102 3187 5103 3187 5103 3000 5102 2999 5104 3187 5103 2999 5104 3186 5105 3186 5105 2999 5104 2998 5106 3186 5105 2998 5106 3185 5107 3185 5107 2998 5106 2997 5108 3185 5107 2997 5108 3184 5109 3184 5109 2997 5108 2996 5110 3184 5109 2996 5110 3183 5111 3183 5111 2996 5110 2995 5112 3183 5111 2995 5112 3182 5113 3182 5113 2995 5112 2994 5114 3182 5113 2994 5114 3181 5115 3181 5115 2994 5114 2993 5116 3181 5115 2993 5116 3180 5117 3180 5117 2993 5116 2992 5118 3180 5117 2992 5118 3179 5119 3179 5119 2992 5118 2991 5120 3179 5119 2991 5120 3178 5121 3178 5121 2991 5120 2990 5122 3178 5121 2990 5122 3177 5123 3177 5123 2990 5122 2989 5124 3177 5123 2989 5124 3176 5125 3176 5125 2989 5124 2988 5126 3176 5125 2988 5126 3175 5127 3175 5127 2988 5126 2987 5128 3175 5127 2987 5128 3174 5129 3174 5129 2987 5128 2986 5130 3174 5129 2986 5130 3173 5131 3173 5131 2986 5130 2985 5132 3173 5131 2985 5132 3172 5133 3172 5133 2985 5132 2984 5134 3172 5133 2984 5134 3171 5135 3171 5135 2984 5134 2983 5136 3171 5135 2983 5136 3170 5137 3170 5137 2983 5136 2982 5138 3170 5137 2982 5138 3169 5139 3169 5139 2982 5138 2981 5140 3169 5139 2981 5140 3168 5141 3168 5141 2981 5140 2980 5142 3168 5141 2980 5142 3167 5143 3167 5143 2980 5142 2979 5144 3167 5143 2979 5144 3166 5145 3166 5145 2979 5144 2978 5146 3166 5145 2978 5146 3165 5147 3165 5147 2978 5146 2977 5148 3165 5147 2977 5148 3164 5149 3164 5149 2977 5148 2976 5150 3164 5149 2976 5150 3163 5151 3163 5151 2976 5150 2975 5152 3163 5151 2975 5152 3162 5153 3162 5153 2975 5152 2974 5154 3162 5153 2974 5154 3161 5155 3161 5155 2974 5154 2973 5156 3161 5155 2973 5156 3160 5157 3160 5157 2973 5156 2972 5158 3160 5157 2972 5158 3159 5159 3159 5159 2972 5158 2971 5160 3159 5159 2971 5160 3158 5161 3158 5161 2971 5160 2970 5162 3158 5161 2970 5162 3157 5163 3157 5163 2970 5162 2969 5164 3157 5163 2969 5164 3156 5165 3156 5165 2969 5164 2968 5166 3156 5165 2968 5166 3155 5167 3155 5167 2968 5166 2967 5168 3155 5167 2967 5168 3154 5169 3154 5169 2967 5168 2966 5170 3154 5169 2966 5170 3153 5171 3153 5171 2966 5170 2965 5172 3153 5171 2965 5172 3152 5173 3152 5173 2965 5172 2964 5174 3152 5173 2964 5174 3151 5175 3151 5175 2964 5174 2963 5176 3151 5175 2963 5176 3150 5177 3150 5177 2963 5176 2962 5178 3150 5177 2962 5178 3149 5179 3149 5179 2962 5178 2961 5180 3149 5179 2961 5180 3148 5181 3148 5181 2961 5180 2960 5182 3148 5181 2960 5182 3147 5183 3147 5183 2960 5182 2959 5184 3147 5183 2959 5184 3146 5185 3146 5185 2959 5184 2958 5186 3146 5185 2958 5186 3145 5187 3145 5187 2958 5186 2957 5188 3145 5187 2957 5188 3144 5189 3144 5189 2957 5188 2956 5190 3144 5189 2956 5190 3143 5191 3143 5191 2956 5190 2955 5192 3143 5191 2955 5192 3142 5029 3142 5029 2955 5192 2954 5030 3224 5193 3330 5194 3223 5195 3223 5195 3330 5194 3331 5196 3223 5195 3331 5196 3308 5197 3308 5197 3331 5196 3332 5198 3308 5197 3332 5198 3307 5199 3307 5199 3332 5198 3333 5200 3307 5199 3333 5200 3306 5201 3306 5201 3333 5200 3334 5202 3306 5201 3334 5202 3305 5203 3305 5203 3334 5202 3335 5204 3305 5203 3335 5204 3304 5205 3304 5205 3335 5204 3336 5206 3304 5205 3336 5206 3303 5207 3303 5207 3336 5206 3337 5208 3303 5207 3337 5208 3302 5209 3302 5209 3337 5208 3338 5210 3302 5209 3338 5210 3301 5211 3301 5211 3338 5210 3339 5212 3301 5211 3339 5212 3300 5213 3300 5213 3339 5212 3340 5214 3300 5213 3340 5214 3299 5215 3299 5215 3340 5214 3341 5216 3299 5215 3341 5216 3298 5217 3298 5217 3341 5216 3342 5218 3298 5217 3342 5218 3297 5219 3297 5219 3342 5218 3343 5220 3297 5219 3343 5220 3296 5221 3296 5221 3343 5220 3344 5222 3296 5221 3344 5222 3295 5223 3295 5223 3344 5222 3345 5224 3295 5223 3345 5224 3294 5225 3294 5225 3345 5224 3346 5226 3294 5225 3346 5226 3293 5227 3293 5227 3346 5226 3347 5228 3293 5227 3347 5228 3292 5229 3292 5229 3347 5228 3348 5230 3292 5229 3348 5230 3291 5231 3291 5231 3348 5230 3349 5232 3291 5231 3349 5232 3290 5233 3290 5233 3349 5232 3350 5234 3290 5233 3350 5234 3289 5235 3289 5235 3350 5234 3351 5236 3289 5235 3351 5236 3288 5237 3288 5237 3351 5236 3352 5238 3288 5237 3352 5238 3287 5239 3287 5239 3352 5238 3353 5240 3287 5239 3353 5240 3286 5241 3286 5241 3353 5240 3354 5242 3286 5241 3354 5242 3285 5243 3285 5243 3354 5242 3355 5244 3285 5243 3355 5244 3284 5245 3284 5245 3355 5244 3356 5246 3284 5245 3356 5246 3283 5247 3283 5247 3356 5246 3357 5248 3283 5247 3357 5248 3282 5249 3282 5249 3357 5248 3358 5250 3282 5249 3358 5250 3281 5251 3281 5251 3358 5250 3359 5252 3281 5251 3359 5252 3280 5253 3280 5253 3359 5252 3360 5254 3280 5253 3360 5254 3279 5255 3279 5255 3360 5254 3361 5256 3279 5255 3361 5256 3278 5257 3278 5257 3361 5256 3362 5258 3278 5257 3362 5258 3277 5259 3277 5259 3362 5258 3363 5260 3277 5259 3363 5260 3276 5261 3276 5261 3363 5260 3364 5262 3276 5261 3364 5262 3275 5263 3275 5263 3364 5262 3365 5264 3275 5263 3365 5264 3274 5265 3274 5265 3365 5264 3366 5266 3274 5265 3366 5266 3273 5267 3273 5267 3366 5266 3367 5268 3273 5267 3367 5268 3272 5269 3272 5269 3367 5268 3368 5270 3272 5269 3368 5270 3271 5271 3271 5271 3368 5270 3369 5272 3271 5271 3369 5272 3270 5273 3270 5273 3369 5272 3370 5274 3270 5273 3370 5274 3269 5275 3269 5275 3370 5274 3371 5276 3269 5275 3371 5276 3268 5277 3268 5277 3371 5276 3372 5278 3268 5277 3372 5278 3267 5279 3267 5279 3372 5278 3373 5280 3267 5279 3373 5280 3266 5281 3266 5281 3373 5280 3374 5282 3266 5281 3374 5282 3265 5283 3265 5283 3374 5282 3375 5284 3265 5283 3375 5284 3264 5285 3264 5285 3375 5284 3376 5286 3264 5285 3376 5286 3263 5287 3263 5287 3376 5286 3377 5288 3263 5287 3377 5288 3262 5289 3262 5289 3377 5288 3378 5290 3262 5289 3378 5290 3261 5291 3261 5291 3378 5290 3379 5292 3261 5291 3379 5292 3260 5293 3260 5293 3379 5292 3380 5294 3260 5293 3380 5294 3259 5295 3259 5295 3380 5294 3381 5296 3259 5295 3381 5296 3258 5297 3258 5297 3381 5296 3382 5298 3258 5297 3382 5298 3257 5299 3257 5299 3382 5298 3383 5300 3257 5299 3383 5300 3256 5301 3256 5301 3383 5300 3384 5302 3256 5301 3384 5302 3255 5303 3255 5303 3384 5302 3385 5304 3255 5303 3385 5304 3254 5305 3254 5305 3385 5304 3386 5306 3254 5305 3386 5306 3253 5307 3253 5307 3386 5306 3387 5308 3253 5307 3387 5308 3252 5309 3252 5309 3387 5308 3388 5310 3252 5309 3388 5310 3251 5311 3251 5311 3388 5310 3389 5312 3251 5311 3389 5312 3250 5313 3250 5313 3389 5312 3390 5314 3250 5313 3390 5314 3249 5315 3249 5315 3390 5314 3391 5316 3249 5315 3391 5316 3248 5317 3248 5317 3391 5316 3392 5318 3248 5317 3392 5318 3247 5319 3247 5319 3392 5318 3393 5320 3247 5319 3393 5320 3246 5321 3246 5321 3393 5320 3394 5322 3246 5321 3394 5322 3245 5323 3245 5323 3394 5322 3309 5324 3245 5323 3309 5324 3244 5325 3244 5325 3309 5324 3310 5326 3244 5325 3310 5326 3243 5327 3243 5327 3310 5326 3311 5328 3243 5327 3311 5328 3242 5329 3242 5329 3311 5328 3312 5330 3242 5329 3312 5330 3241 5331 3241 5331 3312 5330 3313 5332 3241 5331 3313 5332 3240 5333 3240 5333 3313 5332 3314 5334 3240 5333 3314 5334 3239 5335 3239 5335 3314 5334 3315 5336 3239 5335 3315 5336 3238 5337 3238 5337 3315 5336 3316 5338 3238 5337 3316 5338 3237 5339 3237 5339 3316 5338 3317 5340 3237 5339 3317 5340 3236 5341 3236 5341 3317 5340 3318 5342 3236 5341 3318 5342 3235 5343 3235 5343 3318 5342 3319 5344 3235 5343 3319 5344 3234 5345 3234 5345 3319 5344 3320 5346 3234 5345 3320 5346 3233 5347 3233 5347 3320 5346 3321 5348 3233 5347 3321 5348 3232 5349 3232 5349 3321 5348 3322 5350 3232 5349 3322 5350 3231 5351 3231 5351 3322 5350 3323 5352 3231 5351 3323 5352 3230 5353 3230 5353 3323 5352 3324 5354 3230 5353 3324 5354 3229 5355 3229 5355 3324 5354 3325 5356 3229 5355 3325 5356 3228 5357 3228 5357 3325 5356 3326 5358 3228 5357 3326 5358 3227 5359 3227 5359 3326 5358 3327 5360 3227 5359 3327 5360 3226 5361 3226 5361 3327 5360 3328 5362 3226 5361 3328 5362 3225 5363 3225 5363 3328 5362 3329 5364 3225 5363 3329 5364 3224 5193 3224 5193 3329 5364 3330 5194 3479 5365 3395 5366 3480 5367 3480 5367 3395 5366 3396 5368 3480 5367 3396 5368 3530 5369 3530 5369 3396 5368 3397 5370 3530 5369 3397 5370 3553 5371 3553 5371 3397 5370 3398 5372 3553 5371 3398 5372 3552 5373 3552 5373 3398 5372 3399 5374 3552 5373 3399 5374 3551 5375 3551 5375 3399 5374 3400 5376 3551 5375 3400 5376 3550 5377 3550 5377 3400 5376 3549 5378 3549 5378 3400 5376 3401 5379 3549 5378 3401 5379 3548 5380 3548 5380 3401 5379 3547 5381 3547 5381 3401 5379 3402 5382 3547 5381 3402 5382 3546 5383 3546 5383 3402 5382 3545 5384 3545 5384 3402 5382 3403 5385 3545 5384 3403 5385 3544 5386 3544 5386 3403 5385 3543 5387 3543 5387 3403 5385 3404 5388 3543 5387 3404 5388 3542 5389 3542 5389 3404 5388 3541 5390 3541 5390 3404 5388 3405 5391 3541 5390 3405 5391 3540 5392 3540 5392 3405 5391 3406 5393 3540 5392 3406 5393 3718 5394 3718 5394 3406 5393 3717 5395 3717 5395 3406 5393 3407 5396 3717 5395 3407 5396 3716 5397 3716 5397 3407 5396 3408 5398 3716 5397 3408 5398 3715 5399 3715 5399 3408 5398 3714 5400 3714 5400 3408 5398 3713 5401 3713 5401 3408 5398 3409 5402 3713 5401 3409 5402 3712 5403 3712 5403 3409 5402 3711 5404 3711 5404 3409 5402 3410 5405 3711 5404 3410 5405 3710 5406 3710 5406 3410 5405 3709 5407 3709 5407 3410 5405 3411 5408 3709 5407 3411 5408 3708 5409 3708 5409 3411 5408 3707 5410 3707 5410 3411 5408 3412 5411 3707 5410 3412 5411 3706 5412 3706 5412 3412 5411 3413 5413 3706 5412 3413 5413 3705 5414 3705 5414 3413 5413 3414 5415 3705 5414 3414 5415 3415 5416 3415 5416 3416 5417 3705 5414 3705 5414 3416 5417 3417 5418 3705 5414 3417 5418 3418 5419 3418 5419 3419 5420 3705 5414 3705 5414 3419 5420 3420 5421 3705 5414 3420 5421 3704 5422 3704 5422 3420 5421 3692 5423 3704 5422 3692 5423 3518 5424 3518 5424 3692 5423 3517 5425 3517 5425 3692 5423 3693 5426 3517 5425 3693 5426 3516 5427 3516 5427 3693 5426 3694 5428 3516 5427 3694 5428 3515 5429 3515 5429 3694 5428 3695 5430 3515 5429 3695 5430 3514 5431 3514 5431 3695 5430 3696 5432 3514 5431 3696 5432 3513 5433 3513 5433 3696 5432 3697 5434 3513 5433 3697 5434 3512 5435 3512 5435 3697 5434 3674 5436 3512 5435 3674 5436 3511 5437 3511 5437 3674 5436 3668 5438 3511 5437 3668 5438 3669 5439 3421 5440 3689 5441 3420 5421 3420 5421 3689 5441 3690 5442 3420 5421 3690 5442 3691 5443 3689 5441 3421 5440 3688 5444 3688 5444 3421 5440 3422 5445 3688 5444 3422 5445 3687 5446 3687 5446 3422 5445 3686 5447 3686 5447 3422 5445 3423 5448 3686 5447 3423 5448 3424 5449 3424 5449 3425 5450 3686 5447 3686 5447 3425 5450 3685 5451 3685 5451 3425 5450 3684 5452 3684 5452 3425 5450 3683 5453 3683 5453 3425 5450 3682 5454 3682 5454 3425 5450 3681 5455 3681 5455 3425 5450 3680 5456 3680 5456 3425 5450 3426 5457 3680 5456 3426 5457 3679 5458 3679 5458 3426 5457 3678 5459 3678 5459 3426 5457 3427 5460 3678 5459 3427 5460 3664 5461 3664 5461 3427 5460 3428 5462 3664 5461 3428 5462 3663 5463 3663 5463 3428 5462 3662 5464 3662 5464 3428 5462 3429 5465 3662 5464 3429 5465 3661 5466 3661 5466 3429 5465 3660 5467 3660 5467 3429 5465 3430 5468 3660 5467 3430 5468 3659 5469 3659 5469 3430 5468 3658 5470 3658 5470 3430 5468 3431 5471 3658 5470 3431 5471 3657 5472 3657 5472 3431 5471 3656 5473 3656 5473 3431 5471 3432 5474 3656 5473 3432 5474 3655 5475 3655 5475 3432 5474 3654 5476 3654 5476 3432 5474 3433 5477 3654 5476 3433 5477 3653 5478 3653 5478 3433 5477 3652 5479 3652 5479 3433 5477 3434 5480 3652 5479 3434 5480 3651 5481 3651 5481 3434 5480 3435 5482 3651 5481 3435 5482 3650 5483 3650 5483 3435 5482 3436 5484 3650 5483 3436 5484 3437 5485 3650 5483 3437 5485 3505 5486 3505 5486 3437 5485 3438 5487 3505 5486 3438 5487 3638 5488 3638 5488 3438 5487 3439 5489 3638 5488 3439 5489 3440 5490 3638 5488 3440 5490 3637 5491 3637 5491 3440 5490 3441 5492 3637 5491 3441 5492 3636 5493 3636 5493 3441 5492 3442 5494 3636 5493 3442 5494 3635 5495 3635 5495 3442 5494 3634 5496 3634 5496 3442 5494 3443 5497 3634 5496 3443 5497 3633 5498 3633 5498 3443 5497 3632 5499 3632 5499 3443 5497 3444 5500 3632 5499 3444 5500 3631 5501 3631 5501 3444 5500 3630 5502 3630 5502 3444 5500 3445 5503 3630 5502 3445 5503 3629 5504 3629 5504 3445 5503 3628 5505 3628 5505 3445 5503 3446 5506 3628 5505 3446 5506 3627 5507 3627 5507 3446 5506 3626 5508 3626 5508 3446 5506 3447 5509 3626 5508 3447 5509 3649 5510 3649 5510 3447 5509 3648 5511 3648 5511 3447 5509 3448 5512 3648 5511 3448 5512 3610 5513 3610 5513 3448 5512 3449 5514 3610 5513 3449 5514 3609 5515 3609 5515 3449 5514 3608 5516 3608 5516 3449 5514 3450 5517 3608 5516 3450 5517 3607 5518 3607 5518 3450 5517 3451 5519 3607 5518 3451 5519 3606 5520 3606 5520 3451 5519 3605 5521 3605 5521 3451 5519 3604 5522 3604 5522 3451 5519 3452 5523 3604 5522 3452 5523 3603 5524 3603 5524 3452 5523 3602 5525 3602 5525 3452 5523 3453 5526 3602 5525 3453 5526 3625 5527 3625 5527 3453 5526 3624 5528 3624 5528 3453 5526 3454 5529 3624 5528 3454 5529 3623 5530 3623 5530 3454 5529 3455 5531 3623 5530 3455 5531 3622 5532 3622 5532 3455 5531 3621 5533 3621 5533 3455 5531 3456 5534 3621 5533 3456 5534 3457 5535 3621 5533 3457 5535 3620 5536 3620 5536 3457 5535 3458 5537 3620 5536 3458 5537 3493 5538 3493 5538 3458 5537 3459 5539 3493 5538 3459 5539 3492 5540 3492 5540 3459 5539 3584 5541 3492 5540 3584 5541 3585 5542 3459 5539 3460 5543 3584 5541 3584 5541 3460 5543 3461 5544 3584 5541 3461 5544 3583 5545 3583 5545 3461 5544 3462 5546 3583 5545 3462 5546 3582 5547 3582 5547 3462 5546 3463 5548 3582 5547 3463 5548 3581 5549 3581 5549 3463 5548 3464 5550 3581 5549 3464 5550 3580 5551 3580 5551 3464 5550 3579 5552 3579 5552 3464 5550 3465 5553 3579 5552 3465 5553 3578 5554 3578 5554 3465 5553 3601 5555 3601 5555 3465 5553 3466 5556 3601 5555 3466 5556 3600 5557 3600 5557 3466 5556 3599 5558 3599 5558 3466 5556 3467 5559 3599 5558 3467 5559 3598 5560 3598 5560 3467 5559 3597 5561 3597 5561 3467 5559 3596 5562 3596 5562 3467 5559 3468 5563 3596 5562 3468 5563 3595 5564 3595 5564 3468 5563 3469 5565 3595 5564 3469 5565 3594 5566 3594 5566 3469 5565 3556 5567 3594 5566 3556 5567 3557 5568 3469 5565 3470 5569 3556 5567 3556 5567 3470 5569 3555 5570 3555 5570 3470 5569 3471 5571 3555 5570 3471 5571 3554 5572 3554 5572 3471 5571 3577 5573 3577 5573 3471 5571 3472 5574 3577 5573 3472 5574 3576 5575 3576 5575 3472 5574 3575 5576 3575 5576 3472 5574 3473 5577 3575 5576 3473 5577 3574 5578 3574 5578 3473 5577 3573 5579 3573 5579 3473 5577 3474 5580 3573 5579 3474 5580 3572 5581 3572 5581 3474 5580 3571 5582 3571 5582 3474 5580 3475 5583 3571 5582 3475 5583 3570 5584 3570 5584 3475 5583 3569 5585 3569 5585 3475 5583 3476 5586 3569 5585 3476 5586 3568 5587 3568 5587 3476 5586 3477 5588 3568 5587 3477 5588 3567 5589 3567 5589 3477 5588 3478 5590 3567 5589 3478 5590 3566 5591 3566 5591 3478 5590 3479 5365 3566 5591 3479 5365 3480 5367 3566 5591 3480 5367 3565 5592 3565 5592 3480 5367 3481 5593 3565 5592 3481 5593 3482 5594 3565 5592 3482 5594 3564 5595 3564 5595 3482 5594 3483 5596 3564 5595 3483 5596 3563 5597 3563 5597 3483 5596 3484 5598 3563 5597 3484 5598 3562 5599 3562 5599 3484 5598 3485 5600 3562 5599 3485 5600 3561 5601 3561 5601 3485 5600 3486 5602 3561 5601 3486 5602 3560 5603 3560 5603 3486 5602 3590 5604 3560 5603 3590 5604 3591 5605 3486 5602 3487 5606 3590 5604 3590 5604 3487 5606 3589 5607 3589 5607 3487 5606 3488 5608 3589 5607 3488 5608 3588 5609 3588 5609 3488 5608 3489 5610 3588 5609 3489 5610 3587 5611 3587 5611 3489 5610 3490 5612 3587 5611 3490 5612 3586 5613 3586 5613 3490 5612 3491 5614 3586 5613 3491 5614 3585 5542 3585 5542 3491 5614 3492 5540 3620 5536 3493 5538 3619 5615 3619 5615 3493 5538 3494 5616 3619 5615 3494 5616 3618 5617 3618 5617 3494 5616 3495 5618 3618 5617 3495 5618 3617 5619 3617 5619 3495 5618 3496 5620 3617 5619 3496 5620 3616 5621 3616 5621 3496 5620 3497 5622 3616 5621 3497 5622 3615 5623 3615 5623 3497 5622 3498 5624 3615 5623 3498 5624 3614 5625 3614 5625 3498 5624 3499 5626 3614 5625 3499 5626 3644 5627 3644 5627 3499 5626 3643 5628 3643 5628 3499 5626 3500 5629 3643 5628 3500 5629 3642 5630 3642 5630 3500 5629 3501 5631 3642 5630 3501 5631 3641 5632 3641 5632 3501 5631 3502 5633 3641 5632 3502 5633 3640 5634 3640 5634 3502 5633 3503 5635 3640 5634 3503 5635 3639 5636 3639 5636 3503 5635 3504 5637 3639 5636 3504 5637 3505 5486 3650 5483 3505 5486 3673 5638 3673 5638 3505 5486 3506 5639 3673 5638 3506 5639 3507 5640 3673 5638 3507 5640 3672 5641 3672 5641 3507 5640 3508 5642 3672 5641 3508 5642 3671 5643 3671 5643 3508 5642 3509 5644 3671 5643 3509 5644 3670 5645 3670 5645 3509 5644 3510 5646 3670 5645 3510 5646 3669 5439 3669 5439 3510 5646 3511 5437 3704 5422 3518 5424 3703 5647 3703 5647 3518 5424 3519 5648 3703 5647 3519 5648 3702 5649 3702 5649 3519 5648 3520 5650 3702 5649 3520 5650 3701 5651 3701 5651 3520 5650 3521 5652 3701 5651 3521 5652 3700 5653 3700 5653 3521 5652 3522 5654 3700 5653 3522 5654 3699 5655 3699 5655 3522 5654 3523 5656 3699 5655 3523 5656 3698 5657 3698 5657 3523 5656 3524 5658 3698 5657 3524 5658 3536 5659 3536 5659 3524 5658 3535 5660 3535 5660 3524 5658 3525 5661 3535 5660 3525 5661 3534 5662 3534 5662 3525 5661 3526 5663 3534 5662 3526 5663 3533 5664 3533 5664 3526 5663 3527 5665 3533 5664 3527 5665 3532 5666 3532 5666 3527 5665 3528 5667 3532 5666 3528 5667 3531 5668 3531 5668 3528 5667 3529 5669 3531 5668 3529 5669 3480 5367 3530 5369 3531 5668 3480 5367 3698 5657 3536 5659 3721 5670 3721 5670 3536 5659 3537 5671 3721 5670 3537 5671 3720 5672 3720 5672 3537 5671 3538 5673 3720 5672 3538 5673 3719 5674 3719 5674 3538 5673 3539 5675 3719 5674 3539 5675 3718 5394 3718 5394 3539 5675 3540 5392 3594 5566 3557 5568 3593 5676 3593 5676 3557 5568 3558 5677 3593 5676 3558 5677 3592 5678 3592 5678 3558 5677 3559 5679 3592 5678 3559 5679 3591 5605 3591 5605 3559 5679 3560 5603 3648 5511 3610 5513 3647 5680 3647 5680 3610 5513 3611 5681 3647 5680 3611 5681 3646 5682 3646 5682 3611 5681 3612 5683 3646 5682 3612 5683 3645 5684 3645 5684 3612 5683 3613 5685 3645 5684 3613 5685 3644 5627 3644 5627 3613 5685 3614 5625 3638 5488 3639 5636 3505 5486 3664 5461 3665 5686 3678 5459 3678 5459 3665 5686 3677 5687 3677 5687 3665 5686 3666 5688 3677 5687 3666 5688 3676 5689 3676 5689 3666 5688 3667 5690 3676 5689 3667 5690 3675 5691 3675 5691 3667 5690 3668 5438 3675 5691 3668 5438 3674 5436 3691 5443 3692 5423 3420 5421 3310 5692 3309 5693 3141 5694 3141 5694 3309 5693 3394 5695 3141 5694 3394 5695 3142 5696 3142 5696 3394 5695 3393 5697 3142 5696 3393 5697 3143 5698 3143 5698 3393 5697 3392 5699 3143 5698 3392 5699 3144 5700 3144 5700 3392 5699 3391 5701 3144 5700 3391 5701 3145 5702 3145 5702 3391 5701 3390 5703 3145 5702 3390 5703 3146 5704 3146 5704 3390 5703 3389 5705 3146 5704 3389 5705 3147 5706 3147 5706 3389 5705 3388 5707 3147 5706 3388 5707 3148 5708 3148 5708 3388 5707 3387 5709 3148 5708 3387 5709 3149 5710 3149 5710 3387 5709 3386 5711 3149 5710 3386 5711 3150 5712 3150 5712 3386 5711 3385 5713 3150 5712 3385 5713 3151 5714 3151 5714 3385 5713 3384 5715 3151 5714 3384 5715 3152 5716 3152 5716 3384 5715 3383 5717 3152 5716 3383 5717 3153 5718 3153 5718 3383 5717 3382 5719 3153 5718 3382 5719 3154 5720 3154 5720 3382 5719 3381 5721 3154 5720 3381 5721 3155 5722 3155 5722 3381 5721 3380 5723 3155 5722 3380 5723 3156 5724 3156 5724 3380 5723 3379 5725 3156 5724 3379 5725 3157 5726 3157 5726 3379 5725 3378 5727 3157 5726 3378 5727 3158 5728 3158 5728 3378 5727 3377 5729 3158 5728 3377 5729 3159 5730 3159 5730 3377 5729 3376 5731 3159 5730 3376 5731 3160 5732 3160 5732 3376 5731 3375 5733 3160 5732 3375 5733 3161 5734 3161 5734 3375 5733 3374 5735 3161 5734 3374 5735 3373 5736 3161 5734 3373 5736 3162 5737 3162 5737 3373 5736 3372 5738 3162 5737 3372 5738 3163 5739 3163 5739 3372 5738 3371 5740 3163 5739 3371 5740 3164 5741 3164 5741 3371 5740 3370 5742 3164 5741 3370 5742 3165 5743 3165 5743 3370 5742 3369 5744 3165 5743 3369 5744 3166 5745 3166 5745 3369 5744 3368 5746 3166 5745 3368 5746 3167 5747 3167 5747 3368 5746 3367 5748 3167 5747 3367 5748 3168 5749 3168 5749 3367 5748 3366 5750 3168 5749 3366 5750 3169 5751 3169 5751 3366 5750 3365 5752 3169 5751 3365 5752 3170 5753 3170 5753 3365 5752 3364 5754 3170 5753 3364 5754 3171 5755 3171 5755 3364 5754 3363 5756 3171 5755 3363 5756 3172 5757 3172 5757 3363 5756 3362 5758 3172 5757 3362 5758 3173 5759 3173 5759 3362 5758 3361 5760 3173 5759 3361 5760 3174 5761 3174 5761 3361 5760 3360 5762 3174 5761 3360 5762 3175 5763 3175 5763 3360 5762 3359 5764 3175 5763 3359 5764 3176 5765 3176 5765 3359 5764 3358 5766 3176 5765 3358 5766 3177 5767 3177 5767 3358 5766 3357 5768 3177 5767 3357 5768 3178 5769 3178 5769 3357 5768 3356 5770 3178 5769 3356 5770 3179 5771 3179 5771 3356 5770 3355 5772 3179 5771 3355 5772 3180 5773 3180 5773 3355 5772 3354 5774 3180 5773 3354 5774 3181 5775 3181 5775 3354 5774 3353 5776 3181 5775 3353 5776 3182 5777 3182 5777 3353 5776 3352 5778 3182 5777 3352 5778 3351 5779 3182 5777 3351 5779 3183 5780 3183 5780 3351 5779 3350 5781 3183 5780 3350 5781 3184 5782 3184 5782 3350 5781 3349 5783 3184 5782 3349 5783 3185 5784 3185 5784 3349 5783 3348 5785 3185 5784 3348 5785 3186 5786 3186 5786 3348 5785 3347 5787 3186 5786 3347 5787 3187 5788 3187 5788 3347 5787 3346 5789 3187 5788 3346 5789 3188 5790 3188 5790 3346 5789 3345 5791 3188 5790 3345 5791 3189 5792 3189 5792 3345 5791 3344 5793 3189 5792 3344 5793 3190 5794 3190 5794 3344 5793 3343 5795 3190 5794 3343 5795 3191 5796 3191 5796 3343 5795 3342 5797 3191 5796 3342 5797 3192 5798 3192 5798 3342 5797 3341 5799 3192 5798 3341 5799 3193 5800 3193 5800 3341 5799 3340 5801 3193 5800 3340 5801 3194 5802 3194 5802 3340 5801 3339 5803 3194 5802 3339 5803 3195 5804 3195 5804 3339 5803 3338 5805 3195 5804 3338 5805 3196 5806 3196 5806 3338 5805 3337 5807 3196 5806 3337 5807 3197 5808 3197 5808 3337 5807 3336 5809 3197 5808 3336 5809 3198 5810 3198 5810 3336 5809 3335 5811 3198 5810 3335 5811 3199 5812 3199 5812 3335 5811 3334 5813 3199 5812 3334 5813 3200 5814 3200 5814 3334 5813 3333 5815 3200 5814 3333 5815 3201 5816 3201 5816 3333 5815 3332 5817 3201 5816 3332 5817 3202 5818 3202 5818 3332 5817 3331 5819 3202 5818 3331 5819 3203 5820 3203 5820 3331 5819 3330 5821 3203 5820 3330 5821 3329 5822 3203 5820 3329 5822 3204 5823 3204 5823 3329 5822 3328 5824 3204 5823 3328 5824 3205 5825 3205 5825 3328 5824 3327 5826 3205 5825 3327 5826 3206 5827 3206 5827 3327 5826 3326 5828 3206 5827 3326 5828 3207 5829 3207 5829 3326 5828 3325 5830 3207 5829 3325 5830 3208 5831 3208 5831 3325 5830 3324 5832 3208 5831 3324 5832 3209 5833 3209 5833 3324 5832 3323 5834 3209 5833 3323 5834 3210 5835 3210 5835 3323 5834 3322 5836 3210 5835 3322 5836 3211 5837 3211 5837 3322 5836 3321 5838 3211 5837 3321 5838 3212 5839 3212 5839 3321 5838 3320 5840 3212 5839 3320 5840 3213 5841 3213 5841 3320 5840 3319 5842 3213 5841 3319 5842 3214 5843 3214 5843 3319 5842 3318 5844 3214 5843 3318 5844 3215 5845 3215 5845 3318 5844 3317 5846 3215 5845 3317 5846 3216 5847 3216 5847 3317 5846 3316 5848 3216 5847 3316 5848 3217 5849 3217 5849 3316 5848 3315 5850 3217 5849 3315 5850 3218 5851 3218 5851 3315 5850 3314 5852 3218 5851 3314 5852 3219 5853 3219 5853 3314 5852 3313 5854 3219 5853 3313 5854 3220 5855 3220 5855 3313 5854 3312 5856 3220 5855 3312 5856 3221 5857 3221 5857 3312 5856 3311 5858 3221 5857 3311 5858 3222 5859 3222 5859 3311 5858 3310 5692 3222 5859 3310 5692 3141 5694 3722 5860 3723 5861 3745 5862 3745 5862 3723 5861 3744 5863 3744 5863 3723 5861 3724 5864 3744 5863 3724 5864 3743 5865 3743 5865 3724 5864 3725 5866 3743 5865 3725 5866 3742 5867 3742 5867 3725 5866 3726 5868 3742 5867 3726 5868 3741 5869 3741 5869 3726 5868 3727 5870 3741 5869 3727 5870 3740 5871 3740 5871 3727 5870 3728 5872 3740 5871 3728 5872 3739 5873 3739 5873 3728 5872 3729 5874 3739 5873 3729 5874 3738 5875 3738 5875 3729 5874 3730 5876 3738 5875 3730 5876 3737 5877 3737 5877 3730 5876 3731 5878 3737 5877 3731 5878 3736 5879 3736 5879 3731 5878 3732 5880 3736 5879 3732 5880 3735 5881 3735 5881 3732 5880 3733 5882 3735 5881 3733 5882 3734 5883 3745 5884 3747 5885 3722 5886 3722 5886 3747 5885 3748 5887 3722 5886 3748 5887 3723 5888 3723 5888 3748 5887 3769 5889 3723 5888 3769 5889 3724 5890 3724 5890 3769 5889 3768 5891 3724 5890 3768 5891 3725 5892 3725 5892 3768 5891 3767 5893 3725 5892 3767 5893 3726 5894 3726 5894 3767 5893 3766 5895 3726 5894 3766 5895 3727 5896 3727 5896 3766 5895 3765 5897 3727 5896 3765 5897 3728 5898 3728 5898 3765 5897 3764 5899 3728 5898 3764 5899 3729 5900 3729 5900 3764 5899 3763 5901 3729 5900 3763 5901 3730 5902 3730 5902 3763 5901 3762 5903 3730 5902 3762 5903 3731 5904 3731 5904 3762 5903 3761 5905 3731 5904 3761 5905 3732 5906 3732 5906 3761 5905 3760 5907 3732 5906 3760 5907 3733 5908 3733 5908 3760 5907 3759 5909 3733 5908 3759 5909 3734 5910 3734 5910 3759 5909 3746 5911 3734 5910 3746 5911 3735 5912 3735 5912 3746 5911 3758 5913 3735 5912 3758 5913 3736 5914 3736 5914 3758 5913 3757 5915 3736 5914 3757 5915 3737 5916 3737 5916 3757 5915 3756 5917 3737 5916 3756 5917 3738 5918 3738 5918 3756 5917 3755 5919 3738 5918 3755 5919 3739 5920 3739 5920 3755 5919 3754 5921 3739 5920 3754 5921 3740 5922 3740 5922 3754 5921 3753 5923 3740 5922 3753 5923 3741 5924 3741 5924 3753 5923 3752 5925 3741 5924 3752 5925 3742 5926 3742 5926 3752 5925 3751 5927 3742 5926 3751 5927 3743 5928 3743 5928 3751 5927 3750 5929 3743 5928 3750 5929 3744 5930 3744 5930 3750 5929 3749 5931 3744 5930 3749 5931 3745 5884 3745 5884 3749 5931 3747 5885 2952 5932 3769 5889 2929 5933 2929 5933 3769 5889 3748 5887 2929 5933 3748 5887 2930 5934 2930 5934 3748 5887 3747 5885 2930 5934 3747 5885 2931 5935 2931 5935 3747 5885 3749 5931 2931 5935 3749 5931 2932 5936 2932 5936 3749 5931 3750 5929 2932 5936 3750 5929 2933 5937 2933 5937 3750 5929 3751 5927 2933 5937 3751 5927 2934 5938 2934 5938 3751 5927 3752 5925 2934 5938 3752 5925 2935 5939 2935 5939 3752 5925 3753 5923 2935 5939 3753 5923 2936 5940 2936 5940 3753 5923 3754 5921 2936 5940 3754 5921 2937 5941 2937 5941 3754 5921 3755 5919 2937 5941 3755 5919 2938 5942 2938 5942 3755 5919 3756 5917 2938 5942 3756 5917 2939 5943 2939 5943 3756 5917 3757 5915 2939 5943 3757 5915 2940 5944 2940 5944 3757 5915 3758 5913 2940 5944 3758 5913 2941 5945 2941 5945 3758 5913 3746 5911 2941 5945 3746 5911 2942 5946 2942 5946 3746 5911 3759 5909 2942 5946 3759 5909 2943 5947 2943 5947 3759 5909 3760 5907 2943 5947 3760 5907 2944 5948 2944 5948 3760 5907 3761 5905 2944 5948 3761 5905 2945 5949 2945 5949 3761 5905 3762 5903 2945 5949 3762 5903 2946 5950 2946 5950 3762 5903 3763 5901 2946 5950 3763 5901 2947 5951 2947 5951 3763 5901 3764 5899 2947 5951 3764 5899 2948 5952 2948 5952 3764 5899 3765 5897 2948 5952 3765 5897 2949 5953 2949 5953 3765 5897 3766 5895 2949 5953 3766 5895 2950 5954 2950 5954 3766 5895 3767 5893 2950 5954 3767 5893 2951 5955 2951 5955 3767 5893 3768 5891 2951 5955 3768 5891 2952 5932 2952 5932 3768 5891 3769 5889 3770 5956 3771 5957 3793 5958 3793 5958 3771 5957 3792 5959 3792 5959 3771 5957 3772 5960 3792 5959 3772 5960 3791 5961 3791 5961 3772 5960 3773 5962 3791 5961 3773 5962 3790 5963 3790 5963 3773 5962 3774 5964 3790 5963 3774 5964 3789 5965 3789 5965 3774 5964 3775 5966 3789 5965 3775 5966 3788 5967 3788 5967 3775 5966 3776 5968 3788 5967 3776 5968 3787 5969 3787 5969 3776 5968 3777 5970 3787 5969 3777 5970 3786 5971 3786 5971 3777 5970 3778 5972 3786 5971 3778 5972 3785 5973 3785 5973 3778 5972 3779 5974 3785 5973 3779 5974 3784 5975 3784 5975 3779 5974 3780 5976 3784 5975 3780 5976 3783 5977 3783 5977 3780 5976 3781 5978 3783 5977 3781 5978 3782 5979 3793 5980 3795 5981 3770 5982 3770 5982 3795 5981 3796 5983 3770 5982 3796 5983 3771 5984 3771 5984 3796 5983 3817 5985 3771 5984 3817 5985 3772 5986 3772 5986 3817 5985 3816 5987 3772 5986 3816 5987 3773 5988 3773 5988 3816 5987 3815 5989 3773 5988 3815 5989 3774 5990 3774 5990 3815 5989 3814 5991 3774 5990 3814 5991 3775 5992 3775 5992 3814 5991 3813 5993 3775 5992 3813 5993 3776 5994 3776 5994 3813 5993 3812 5995 3776 5994 3812 5995 3777 5996 3777 5996 3812 5995 3811 5997 3777 5996 3811 5997 3778 5998 3778 5998 3811 5997 3810 5999 3778 5998 3810 5999 3779 6000 3779 6000 3810 5999 3809 6001 3779 6000 3809 6001 3780 6002 3780 6002 3809 6001 3808 6003 3780 6002 3808 6003 3781 6004 3781 6004 3808 6003 3807 6005 3781 6004 3807 6005 3782 6006 3782 6006 3807 6005 3794 6007 3782 6006 3794 6007 3783 6008 3783 6008 3794 6007 3806 6009 3783 6008 3806 6009 3784 6010 3784 6010 3806 6009 3805 6011 3784 6010 3805 6011 3785 6012 3785 6012 3805 6011 3804 6013 3785 6012 3804 6013 3786 6014 3786 6014 3804 6013 3803 6015 3786 6014 3803 6015 3787 6016 3787 6016 3803 6015 3802 6017 3787 6016 3802 6017 3788 6018 3788 6018 3802 6017 3801 6019 3788 6018 3801 6019 3789 6020 3789 6020 3801 6019 3800 6021 3789 6020 3800 6021 3790 6022 3790 6022 3800 6021 3799 6023 3790 6022 3799 6023 3791 6024 3791 6024 3799 6023 3798 6025 3791 6024 3798 6025 3792 6026 3792 6026 3798 6025 3797 6027 3792 6026 3797 6027 3793 5980 3793 5980 3797 6027 3795 5981 2928 6028 3817 5985 2905 6029 2905 6029 3817 5985 3796 5983 2905 6029 3796 5983 2906 6030 2906 6030 3796 5983 3795 5981 2906 6030 3795 5981 2907 6031 2907 6031 3795 5981 3797 6027 2907 6031 3797 6027 2908 6032 2908 6032 3797 6027 3798 6025 2908 6032 3798 6025 2909 6033 2909 6033 3798 6025 3799 6023 2909 6033 3799 6023 2910 6034 2910 6034 3799 6023 3800 6021 2910 6034 3800 6021 2911 6035 2911 6035 3800 6021 3801 6019 2911 6035 3801 6019 2912 6036 2912 6036 3801 6019 3802 6017 2912 6036 3802 6017 2913 6037 2913 6037 3802 6017 3803 6015 2913 6037 3803 6015 2914 6038 2914 6038 3803 6015 3804 6013 2914 6038 3804 6013 2915 6039 2915 6039 3804 6013 3805 6011 2915 6039 3805 6011 2916 6040 2916 6040 3805 6011 3806 6009 2916 6040 3806 6009 2917 6041 2917 6041 3806 6009 3794 6007 2917 6041 3794 6007 2918 6042 2918 6042 3794 6007 3807 6005 2918 6042 3807 6005 2919 6043 2919 6043 3807 6005 3808 6003 2919 6043 3808 6003 2920 6044 2920 6044 3808 6003 3809 6001 2920 6044 3809 6001 2921 6045 2921 6045 3809 6001 3810 5999 2921 6045 3810 5999 2922 6046 2922 6046 3810 5999 3811 5997 2922 6046 3811 5997 2923 6047 2923 6047 3811 5997 3812 5995 2923 6047 3812 5995 2924 6048 2924 6048 3812 5995 3813 5993 2924 6048 3813 5993 2925 6049 2925 6049 3813 5993 3814 5991 2925 6049 3814 5991 2926 6050 2926 6050 3814 5991 3815 5989 2926 6050 3815 5989 2927 6051 2927 6051 3815 5989 3816 5987 2927 6051 3816 5987 2928 6028 2928 6028 3816 5987 3817 5985 3818 6052 3819 6053 3841 6054 3841 6054 3819 6053 3840 6055 3840 6055 3819 6053 3820 6056 3840 6055 3820 6056 3839 6057 3839 6057 3820 6056 3821 6058 3839 6057 3821 6058 3838 6059 3838 6059 3821 6058 3822 6060 3838 6059 3822 6060 3837 6061 3837 6061 3822 6060 3823 6062 3837 6061 3823 6062 3836 6063 3836 6063 3823 6062 3824 6064 3836 6063 3824 6064 3835 6065 3835 6065 3824 6064 3825 6066 3835 6065 3825 6066 3834 6067 3834 6067 3825 6066 3826 6068 3834 6067 3826 6068 3833 6069 3833 6069 3826 6068 3827 6070 3833 6069 3827 6070 3832 6071 3832 6071 3827 6070 3828 6072 3832 6071 3828 6072 3831 6073 3831 6073 3828 6072 3829 6074 3831 6073 3829 6074 3830 6075 3841 6076 3843 6077 3818 6078 3818 6078 3843 6077 3844 6079 3818 6078 3844 6079 3819 6080 3819 6080 3844 6079 3865 6081 3819 6080 3865 6081 3820 6082 3820 6082 3865 6081 3864 6083 3820 6082 3864 6083 3821 6084 3821 6084 3864 6083 3863 6085 3821 6084 3863 6085 3822 6086 3822 6086 3863 6085 3862 6087 3822 6086 3862 6087 3823 6088 3823 6088 3862 6087 3861 6089 3823 6088 3861 6089 3824 6090 3824 6090 3861 6089 3860 6091 3824 6090 3860 6091 3825 6092 3825 6092 3860 6091 3859 6093 3825 6092 3859 6093 3826 6094 3826 6094 3859 6093 3858 6095 3826 6094 3858 6095 3827 6096 3827 6096 3858 6095 3857 6097 3827 6096 3857 6097 3828 6098 3828 6098 3857 6097 3856 6099 3828 6098 3856 6099 3829 6100 3829 6100 3856 6099 3855 6101 3829 6100 3855 6101 3830 6102 3830 6102 3855 6101 3842 6103 3830 6102 3842 6103 3831 6104 3831 6104 3842 6103 3854 6105 3831 6104 3854 6105 3832 6106 3832 6106 3854 6105 3853 6107 3832 6106 3853 6107 3833 6108 3833 6108 3853 6107 3852 6109 3833 6108 3852 6109 3834 6110 3834 6110 3852 6109 3851 6111 3834 6110 3851 6111 3835 6112 3835 6112 3851 6111 3850 6113 3835 6112 3850 6113 3836 6114 3836 6114 3850 6113 3849 6115 3836 6114 3849 6115 3837 6116 3837 6116 3849 6115 3848 6117 3837 6116 3848 6117 3838 6118 3838 6118 3848 6117 3847 6119 3838 6118 3847 6119 3839 6120 3839 6120 3847 6119 3846 6121 3839 6120 3846 6121 3840 6122 3840 6122 3846 6121 3845 6123 3840 6122 3845 6123 3841 6076 3841 6076 3845 6123 3843 6077 2904 6124 3865 6081 2881 6125 2881 6125 3865 6081 3844 6079 2881 6125 3844 6079 2882 6126 2882 6126 3844 6079 3843 6077 2882 6126 3843 6077 2883 6127 2883 6127 3843 6077 3845 6123 2883 6127 3845 6123 2884 6128 2884 6128 3845 6123 3846 6121 2884 6128 3846 6121 2885 6129 2885 6129 3846 6121 3847 6119 2885 6129 3847 6119 2886 6130 2886 6130 3847 6119 3848 6117 2886 6130 3848 6117 2887 6131 2887 6131 3848 6117 3849 6115 2887 6131 3849 6115 2888 6132 2888 6132 3849 6115 3850 6113 2888 6132 3850 6113 2889 6133 2889 6133 3850 6113 3851 6111 2889 6133 3851 6111 2890 6134 2890 6134 3851 6111 3852 6109 2890 6134 3852 6109 2891 6135 2891 6135 3852 6109 3853 6107 2891 6135 3853 6107 2892 6136 2892 6136 3853 6107 3854 6105 2892 6136 3854 6105 2893 6137 2893 6137 3854 6105 3842 6103 2893 6137 3842 6103 2894 6138 2894 6138 3842 6103 3855 6101 2894 6138 3855 6101 2895 6139 2895 6139 3855 6101 3856 6099 2895 6139 3856 6099 2896 6140 2896 6140 3856 6099 3857 6097 2896 6140 3857 6097 2897 6141 2897 6141 3857 6097 3858 6095 2897 6141 3858 6095 2898 6142 2898 6142 3858 6095 3859 6093 2898 6142 3859 6093 2899 6143 2899 6143 3859 6093 3860 6091 2899 6143 3860 6091 2900 6144 2900 6144 3860 6091 3861 6089 2900 6144 3861 6089 2901 6145 2901 6145 3861 6089 3862 6087 2901 6145 3862 6087 2902 6146 2902 6146 3862 6087 3863 6085 2902 6146 3863 6085 2903 6147 2903 6147 3863 6085 3864 6083 2903 6147 3864 6083 2904 6124 2904 6124 3864 6083 3865 6081 3866 6148 3867 6149 3889 6150 3889 6150 3867 6149 3888 6151 3888 6151 3867 6149 3868 6152 3888 6151 3868 6152 3887 6153 3887 6153 3868 6152 3869 6154 3887 6153 3869 6154 3886 6155 3886 6155 3869 6154 3870 6156 3886 6155 3870 6156 3885 6157 3885 6157 3870 6156 3871 6158 3885 6157 3871 6158 3884 6159 3884 6159 3871 6158 3872 6160 3884 6159 3872 6160 3883 6161 3883 6161 3872 6160 3873 6162 3883 6161 3873 6162 3882 6163 3882 6163 3873 6162 3874 6164 3882 6163 3874 6164 3881 6165 3881 6165 3874 6164 3875 6166 3881 6165 3875 6166 3880 6167 3880 6167 3875 6166 3876 6168 3880 6167 3876 6168 3879 6169 3879 6169 3876 6168 3877 6170 3879 6169 3877 6170 3878 6171 3889 6172 3891 6173 3866 6174 3866 6174 3891 6173 3892 6175 3866 6174 3892 6175 3867 6176 3867 6176 3892 6175 3913 6177 3867 6176 3913 6177 3868 6178 3868 6178 3913 6177 3912 6179 3868 6178 3912 6179 3869 6180 3869 6180 3912 6179 3911 6181 3869 6180 3911 6181 3870 6182 3870 6182 3911 6181 3910 6183 3870 6182 3910 6183 3871 6184 3871 6184 3910 6183 3909 6185 3871 6184 3909 6185 3872 6186 3872 6186 3909 6185 3908 6187 3872 6186 3908 6187 3873 6188 3873 6188 3908 6187 3907 6189 3873 6188 3907 6189 3874 6190 3874 6190 3907 6189 3906 6191 3874 6190 3906 6191 3875 6192 3875 6192 3906 6191 3905 6193 3875 6192 3905 6193 3876 6194 3876 6194 3905 6193 3904 6195 3876 6194 3904 6195 3877 6196 3877 6196 3904 6195 3903 6197 3877 6196 3903 6197 3878 6198 3878 6198 3903 6197 3890 6199 3878 6198 3890 6199 3879 6200 3879 6200 3890 6199 3902 6201 3879 6200 3902 6201 3880 6202 3880 6202 3902 6201 3901 6203 3880 6202 3901 6203 3881 6204 3881 6204 3901 6203 3900 6205 3881 6204 3900 6205 3882 6206 3882 6206 3900 6205 3899 6207 3882 6206 3899 6207 3883 6208 3883 6208 3899 6207 3898 6209 3883 6208 3898 6209 3884 6210 3884 6210 3898 6209 3897 6211 3884 6210 3897 6211 3885 6212 3885 6212 3897 6211 3896 6213 3885 6212 3896 6213 3886 6214 3886 6214 3896 6213 3895 6215 3886 6214 3895 6215 3887 6216 3887 6216 3895 6215 3894 6217 3887 6216 3894 6217 3888 6218 3888 6218 3894 6217 3893 6219 3888 6218 3893 6219 3889 6172 3889 6172 3893 6219 3891 6173 2880 6220 3913 6177 2857 6221 2857 6221 3913 6177 3892 6175 2857 6221 3892 6175 2858 6222 2858 6222 3892 6175 3891 6173 2858 6222 3891 6173 2859 6223 2859 6223 3891 6173 3893 6219 2859 6223 3893 6219 2860 6224 2860 6224 3893 6219 3894 6217 2860 6224 3894 6217 2861 6225 2861 6225 3894 6217 3895 6215 2861 6225 3895 6215 2862 6226 2862 6226 3895 6215 3896 6213 2862 6226 3896 6213 2863 6227 2863 6227 3896 6213 3897 6211 2863 6227 3897 6211 2864 6228 2864 6228 3897 6211 3898 6209 2864 6228 3898 6209 2865 6229 2865 6229 3898 6209 3899 6207 2865 6229 3899 6207 2866 6230 2866 6230 3899 6207 3900 6205 2866 6230 3900 6205 2867 6231 2867 6231 3900 6205 3901 6203 2867 6231 3901 6203 2868 6232 2868 6232 3901 6203 3902 6201 2868 6232 3902 6201 2869 6233 2869 6233 3902 6201 3890 6199 2869 6233 3890 6199 2870 6234 2870 6234 3890 6199 3903 6197 2870 6234 3903 6197 2871 6235 2871 6235 3903 6197 3904 6195 2871 6235 3904 6195 2872 6236 2872 6236 3904 6195 3905 6193 2872 6236 3905 6193 2873 6237 2873 6237 3905 6193 3906 6191 2873 6237 3906 6191 2874 6238 2874 6238 3906 6191 3907 6189 2874 6238 3907 6189 2875 6239 2875 6239 3907 6189 3908 6187 2875 6239 3908 6187 2876 6240 2876 6240 3908 6187 3909 6185 2876 6240 3909 6185 2877 6241 2877 6241 3909 6185 3910 6183 2877 6241 3910 6183 2878 6242 2878 6242 3910 6183 3911 6181 2878 6242 3911 6181 2879 6243 2879 6243 3911 6181 3912 6179 2879 6243 3912 6179 2880 6220 2880 6220 3912 6179 3913 6177 3914 6244 3915 6245 3937 6246 3937 6246 3915 6245 3936 6247 3936 6247 3915 6245 3916 6248 3936 6247 3916 6248 3935 6249 3935 6249 3916 6248 3917 6250 3935 6249 3917 6250 3934 6251 3934 6251 3917 6250 3918 6252 3934 6251 3918 6252 3933 6253 3933 6253 3918 6252 3919 6254 3933 6253 3919 6254 3932 6255 3932 6255 3919 6254 3920 6256 3932 6255 3920 6256 3931 6257 3931 6257 3920 6256 3921 6258 3931 6257 3921 6258 3930 6259 3930 6259 3921 6258 3922 6260 3930 6259 3922 6260 3929 6261 3929 6261 3922 6260 3923 6262 3929 6261 3923 6262 3928 6263 3928 6263 3923 6262 3924 6264 3928 6263 3924 6264 3927 6265 3927 6265 3924 6264 3925 6266 3927 6265 3925 6266 3926 6267 3937 6268 3939 6269 3914 6270 3914 6270 3939 6269 3940 6271 3914 6270 3940 6271 3915 6272 3915 6272 3940 6271 3961 6273 3915 6272 3961 6273 3916 6274 3916 6274 3961 6273 3960 6275 3916 6274 3960 6275 3917 6276 3917 6276 3960 6275 3959 6277 3917 6276 3959 6277 3918 6278 3918 6278 3959 6277 3958 6279 3918 6278 3958 6279 3919 6280 3919 6280 3958 6279 3957 6281 3919 6280 3957 6281 3920 6282 3920 6282 3957 6281 3956 6283 3920 6282 3956 6283 3921 6284 3921 6284 3956 6283 3955 6285 3921 6284 3955 6285 3922 6286 3922 6286 3955 6285 3954 6287 3922 6286 3954 6287 3923 6288 3923 6288 3954 6287 3953 6289 3923 6288 3953 6289 3924 6290 3924 6290 3953 6289 3952 6291 3924 6290 3952 6291 3925 6292 3925 6292 3952 6291 3951 6293 3925 6292 3951 6293 3926 6294 3926 6294 3951 6293 3938 6295 3926 6294 3938 6295 3927 6296 3927 6296 3938 6295 3950 6297 3927 6296 3950 6297 3928 6298 3928 6298 3950 6297 3949 6299 3928 6298 3949 6299 3929 6300 3929 6300 3949 6299 3948 6301 3929 6300 3948 6301 3930 6302 3930 6302 3948 6301 3947 6303 3930 6302 3947 6303 3931 6304 3931 6304 3947 6303 3946 6305 3931 6304 3946 6305 3932 6306 3932 6306 3946 6305 3945 6307 3932 6306 3945 6307 3933 6308 3933 6308 3945 6307 3944 6309 3933 6308 3944 6309 3934 6310 3934 6310 3944 6309 3943 6311 3934 6310 3943 6311 3935 6312 3935 6312 3943 6311 3942 6313 3935 6312 3942 6313 3936 6314 3936 6314 3942 6313 3941 6315 3936 6314 3941 6315 3937 6268 3937 6268 3941 6315 3939 6269 2856 6316 3961 6273 2833 6317 2833 6317 3961 6273 3940 6271 2833 6317 3940 6271 2834 6318 2834 6318 3940 6271 3939 6269 2834 6318 3939 6269 2835 6319 2835 6319 3939 6269 3941 6315 2835 6319 3941 6315 2836 6320 2836 6320 3941 6315 3942 6313 2836 6320 3942 6313 2837 6321 2837 6321 3942 6313 3943 6311 2837 6321 3943 6311 2838 6322 2838 6322 3943 6311 3944 6309 2838 6322 3944 6309 2839 6323 2839 6323 3944 6309 3945 6307 2839 6323 3945 6307 2840 6324 2840 6324 3945 6307 3946 6305 2840 6324 3946 6305 2841 6325 2841 6325 3946 6305 3947 6303 2841 6325 3947 6303 2842 6326 2842 6326 3947 6303 3948 6301 2842 6326 3948 6301 2843 6327 2843 6327 3948 6301 3949 6299 2843 6327 3949 6299 2844 6328 2844 6328 3949 6299 3950 6297 2844 6328 3950 6297 2845 6329 2845 6329 3950 6297 3938 6295 2845 6329 3938 6295 2846 6330 2846 6330 3938 6295 3951 6293 2846 6330 3951 6293 2847 6331 2847 6331 3951 6293 3952 6291 2847 6331 3952 6291 2848 6332 2848 6332 3952 6291 3953 6289 2848 6332 3953 6289 2849 6333 2849 6333 3953 6289 3954 6287 2849 6333 3954 6287 2850 6334 2850 6334 3954 6287 3955 6285 2850 6334 3955 6285 2851 6335 2851 6335 3955 6285 3956 6283 2851 6335 3956 6283 2852 6336 2852 6336 3956 6283 3957 6281 2852 6336 3957 6281 2853 6337 2853 6337 3957 6281 3958 6279 2853 6337 3958 6279 2854 6338 2854 6338 3958 6279 3959 6277 2854 6338 3959 6277 2855 6339 2855 6339 3959 6277 3960 6275 2855 6339 3960 6275 2856 6316 2856 6316 3960 6275 3961 6273 3962 6340 3963 6341 3985 6342 3985 6342 3963 6341 3984 6343 3984 6343 3963 6341 3964 6344 3984 6343 3964 6344 3983 6345 3983 6345 3964 6344 3965 6346 3983 6345 3965 6346 3982 6347 3982 6347 3965 6346 3966 6348 3982 6347 3966 6348 3981 6349 3981 6349 3966 6348 3967 6350 3981 6349 3967 6350 3980 6351 3980 6351 3967 6350 3968 6352 3980 6351 3968 6352 3979 6353 3979 6353 3968 6352 3969 6354 3979 6353 3969 6354 3978 6355 3978 6355 3969 6354 3970 6356 3978 6355 3970 6356 3977 6357 3977 6357 3970 6356 3971 6358 3977 6357 3971 6358 3976 6359 3976 6359 3971 6358 3972 6360 3976 6359 3972 6360 3975 6361 3975 6361 3972 6360 3973 6362 3975 6361 3973 6362 3974 6363 3985 6364 3987 6365 3962 6366 3962 6366 3987 6365 3988 6367 3962 6366 3988 6367 3963 6368 3963 6368 3988 6367 4009 6369 3963 6368 4009 6369 3964 6370 3964 6370 4009 6369 4008 6371 3964 6370 4008 6371 3965 6372 3965 6372 4008 6371 4007 6373 3965 6372 4007 6373 3966 6374 3966 6374 4007 6373 4006 6375 3966 6374 4006 6375 3967 6376 3967 6376 4006 6375 4005 6377 3967 6376 4005 6377 3968 6378 3968 6378 4005 6377 4004 6379 3968 6378 4004 6379 3969 6380 3969 6380 4004 6379 4003 6381 3969 6380 4003 6381 3970 6382 3970 6382 4003 6381 4002 6383 3970 6382 4002 6383 3971 6384 3971 6384 4002 6383 4001 6385 3971 6384 4001 6385 3972 6386 3972 6386 4001 6385 4000 6387 3972 6386 4000 6387 3973 6388 3973 6388 4000 6387 3999 6389 3973 6388 3999 6389 3974 6390 3974 6390 3999 6389 3986 6391 3974 6390 3986 6391 3975 6392 3975 6392 3986 6391 3998 6393 3975 6392 3998 6393 3976 6394 3976 6394 3998 6393 3997 6395 3976 6394 3997 6395 3977 6396 3977 6396 3997 6395 3996 6397 3977 6396 3996 6397 3978 6398 3978 6398 3996 6397 3995 6399 3978 6398 3995 6399 3979 6400 3979 6400 3995 6399 3994 6401 3979 6400 3994 6401 3980 6402 3980 6402 3994 6401 3993 6403 3980 6402 3993 6403 3981 6404 3981 6404 3993 6403 3992 6405 3981 6404 3992 6405 3982 6406 3982 6406 3992 6405 3991 6407 3982 6406 3991 6407 3983 6408 3983 6408 3991 6407 3990 6409 3983 6408 3990 6409 3984 6410 3984 6410 3990 6409 3989 6411 3984 6410 3989 6411 3985 6364 3985 6364 3989 6411 3987 6365 2832 6412 4009 6369 2809 6413 2809 6413 4009 6369 3988 6367 2809 6413 3988 6367 2810 6414 2810 6414 3988 6367 3987 6365 2810 6414 3987 6365 2811 6415 2811 6415 3987 6365 3989 6411 2811 6415 3989 6411 2812 6416 2812 6416 3989 6411 3990 6409 2812 6416 3990 6409 2813 6417 2813 6417 3990 6409 3991 6407 2813 6417 3991 6407 2814 6418 2814 6418 3991 6407 3992 6405 2814 6418 3992 6405 2815 6419 2815 6419 3992 6405 3993 6403 2815 6419 3993 6403 2816 6420 2816 6420 3993 6403 3994 6401 2816 6420 3994 6401 2817 6421 2817 6421 3994 6401 3995 6399 2817 6421 3995 6399 2818 6422 2818 6422 3995 6399 3996 6397 2818 6422 3996 6397 2819 6423 2819 6423 3996 6397 3997 6395 2819 6423 3997 6395 2820 6424 2820 6424 3997 6395 3998 6393 2820 6424 3998 6393 2821 6425 2821 6425 3998 6393 3986 6391 2821 6425 3986 6391 2822 6426 2822 6426 3986 6391 3999 6389 2822 6426 3999 6389 2823 6427 2823 6427 3999 6389 4000 6387 2823 6427 4000 6387 2824 6428 2824 6428 4000 6387 4001 6385 2824 6428 4001 6385 2825 6429 2825 6429 4001 6385 4002 6383 2825 6429 4002 6383 2826 6430 2826 6430 4002 6383 4003 6381 2826 6430 4003 6381 2827 6431 2827 6431 4003 6381 4004 6379 2827 6431 4004 6379 2828 6432 2828 6432 4004 6379 4005 6377 2828 6432 4005 6377 2829 6433 2829 6433 4005 6377 4006 6375 2829 6433 4006 6375 2830 6434 2830 6434 4006 6375 4007 6373 2830 6434 4007 6373 2831 6435 2831 6435 4007 6373 4008 6371 2831 6435 4008 6371 2832 6412 2832 6412 4008 6371 4009 6369 4010 6436 4011 6437 4033 6438 4033 6438 4011 6437 4032 6439 4032 6439 4011 6437 4012 6440 4032 6439 4012 6440 4031 6441 4031 6441 4012 6440 4013 6442 4031 6441 4013 6442 4030 6443 4030 6443 4013 6442 4014 6444 4030 6443 4014 6444 4029 6445 4029 6445 4014 6444 4015 6446 4029 6445 4015 6446 4028 6447 4028 6447 4015 6446 4016 6448 4028 6447 4016 6448 4027 6449 4027 6449 4016 6448 4017 6450 4027 6449 4017 6450 4026 6451 4026 6451 4017 6450 4018 6452 4026 6451 4018 6452 4025 6453 4025 6453 4018 6452 4019 6454 4025 6453 4019 6454 4024 6455 4024 6455 4019 6454 4020 6456 4024 6455 4020 6456 4023 6457 4023 6457 4020 6456 4021 6458 4023 6457 4021 6458 4022 6459 4033 6460 4035 6461 4010 6462 4010 6462 4035 6461 4036 6463 4010 6462 4036 6463 4011 6464 4011 6464 4036 6463 4057 6465 4011 6464 4057 6465 4012 6466 4012 6466 4057 6465 4056 6467 4012 6466 4056 6467 4013 6468 4013 6468 4056 6467 4055 6469 4013 6468 4055 6469 4014 6470 4014 6470 4055 6469 4054 6471 4014 6470 4054 6471 4015 6472 4015 6472 4054 6471 4053 6473 4015 6472 4053 6473 4016 6474 4016 6474 4053 6473 4052 6475 4016 6474 4052 6475 4017 6476 4017 6476 4052 6475 4051 6477 4017 6476 4051 6477 4018 6478 4018 6478 4051 6477 4050 6479 4018 6478 4050 6479 4019 6480 4019 6480 4050 6479 4049 6481 4019 6480 4049 6481 4020 6482 4020 6482 4049 6481 4048 6483 4020 6482 4048 6483 4021 6484 4021 6484 4048 6483 4047 6485 4021 6484 4047 6485 4022 6486 4022 6486 4047 6485 4034 6487 4022 6486 4034 6487 4023 6488 4023 6488 4034 6487 4046 6489 4023 6488 4046 6489 4024 6490 4024 6490 4046 6489 4045 6491 4024 6490 4045 6491 4025 6492 4025 6492 4045 6491 4044 6493 4025 6492 4044 6493 4026 6494 4026 6494 4044 6493 4043 6495 4026 6494 4043 6495 4027 6496 4027 6496 4043 6495 4042 6497 4027 6496 4042 6497 4028 6498 4028 6498 4042 6497 4041 6499 4028 6498 4041 6499 4029 6500 4029 6500 4041 6499 4040 6501 4029 6500 4040 6501 4030 6502 4030 6502 4040 6501 4039 6503 4030 6502 4039 6503 4031 6504 4031 6504 4039 6503 4038 6505 4031 6504 4038 6505 4032 6506 4032 6506 4038 6505 4037 6507 4032 6506 4037 6507 4033 6460 4033 6460 4037 6507 4035 6461 2808 6508 4057 6465 2785 6509 2785 6509 4057 6465 4036 6463 2785 6509 4036 6463 2786 6510 2786 6510 4036 6463 4035 6461 2786 6510 4035 6461 2787 6511 2787 6511 4035 6461 4037 6507 2787 6511 4037 6507 2788 6512 2788 6512 4037 6507 4038 6505 2788 6512 4038 6505 2789 6513 2789 6513 4038 6505 4039 6503 2789 6513 4039 6503 2790 6514 2790 6514 4039 6503 4040 6501 2790 6514 4040 6501 2791 6515 2791 6515 4040 6501 4041 6499 2791 6515 4041 6499 2792 6516 2792 6516 4041 6499 4042 6497 2792 6516 4042 6497 2793 6517 2793 6517 4042 6497 4043 6495 2793 6517 4043 6495 2794 6518 2794 6518 4043 6495 4044 6493 2794 6518 4044 6493 2795 6519 2795 6519 4044 6493 4045 6491 2795 6519 4045 6491 2796 6520 2796 6520 4045 6491 4046 6489 2796 6520 4046 6489 2797 6521 2797 6521 4046 6489 4034 6487 2797 6521 4034 6487 2798 6522 2798 6522 4034 6487 4047 6485 2798 6522 4047 6485 2799 6523 2799 6523 4047 6485 4048 6483 2799 6523 4048 6483 2800 6524 2800 6524 4048 6483 4049 6481 2800 6524 4049 6481 2801 6525 2801 6525 4049 6481 4050 6479 2801 6525 4050 6479 2802 6526 2802 6526 4050 6479 4051 6477 2802 6526 4051 6477 2803 6527 2803 6527 4051 6477 4052 6475 2803 6527 4052 6475 2804 6528 2804 6528 4052 6475 4053 6473 2804 6528 4053 6473 2805 6529 2805 6529 4053 6473 4054 6471 2805 6529 4054 6471 2806 6530 2806 6530 4054 6471 4055 6469 2806 6530 4055 6469 2807 6531 2807 6531 4055 6469 4056 6467 2807 6531 4056 6467 2808 6508 2808 6508 4056 6467 4057 6465 4058 6532 4059 6533 4081 6534 4081 6534 4059 6533 4080 6535 4080 6535 4059 6533 4060 6536 4080 6535 4060 6536 4079 6537 4079 6537 4060 6536 4061 6538 4079 6537 4061 6538 4078 6539 4078 6539 4061 6538 4062 6540 4078 6539 4062 6540 4077 6541 4077 6541 4062 6540 4063 6542 4077 6541 4063 6542 4076 6543 4076 6543 4063 6542 4064 6544 4076 6543 4064 6544 4075 6545 4075 6545 4064 6544 4065 6546 4075 6545 4065 6546 4074 6547 4074 6547 4065 6546 4066 6548 4074 6547 4066 6548 4073 6549 4073 6549 4066 6548 4067 6550 4073 6549 4067 6550 4072 6551 4072 6551 4067 6550 4068 6552 4072 6551 4068 6552 4071 6553 4071 6553 4068 6552 4069 6554 4071 6553 4069 6554 4070 6555 4081 6556 4083 6557 4058 6558 4058 6558 4083 6557 4084 6559 4058 6558 4084 6559 4059 6560 4059 6560 4084 6559 4105 6561 4059 6560 4105 6561 4060 6562 4060 6562 4105 6561 4104 6563 4060 6562 4104 6563 4061 6564 4061 6564 4104 6563 4103 6565 4061 6564 4103 6565 4062 6566 4062 6566 4103 6565 4102 6567 4062 6566 4102 6567 4063 6568 4063 6568 4102 6567 4101 6569 4063 6568 4101 6569 4064 6570 4064 6570 4101 6569 4100 6571 4064 6570 4100 6571 4065 6572 4065 6572 4100 6571 4099 6573 4065 6572 4099 6573 4066 6574 4066 6574 4099 6573 4098 6575 4066 6574 4098 6575 4067 6576 4067 6576 4098 6575 4097 6577 4067 6576 4097 6577 4068 6578 4068 6578 4097 6577 4096 6579 4068 6578 4096 6579 4069 6580 4069 6580 4096 6579 4095 6581 4069 6580 4095 6581 4070 6582 4070 6582 4095 6581 4082 6583 4070 6582 4082 6583 4071 6584 4071 6584 4082 6583 4094 6585 4071 6584 4094 6585 4072 6586 4072 6586 4094 6585 4093 6587 4072 6586 4093 6587 4073 6588 4073 6588 4093 6587 4092 6589 4073 6588 4092 6589 4074 6590 4074 6590 4092 6589 4091 6591 4074 6590 4091 6591 4075 6592 4075 6592 4091 6591 4090 6593 4075 6592 4090 6593 4076 6594 4076 6594 4090 6593 4089 6595 4076 6594 4089 6595 4077 6596 4077 6596 4089 6595 4088 6597 4077 6596 4088 6597 4078 6598 4078 6598 4088 6597 4087 6599 4078 6598 4087 6599 4079 6600 4079 6600 4087 6599 4086 6601 4079 6600 4086 6601 4080 6602 4080 6602 4086 6601 4085 6603 4080 6602 4085 6603 4081 6556 4081 6556 4085 6603 4083 6557 2784 6604 4105 6561 2761 6605 2761 6605 4105 6561 4084 6559 2761 6605 4084 6559 2762 6606 2762 6606 4084 6559 4083 6557 2762 6606 4083 6557 2763 6607 2763 6607 4083 6557 4085 6603 2763 6607 4085 6603 2764 6608 2764 6608 4085 6603 4086 6601 2764 6608 4086 6601 2765 6609 2765 6609 4086 6601 4087 6599 2765 6609 4087 6599 2766 6610 2766 6610 4087 6599 4088 6597 2766 6610 4088 6597 2767 6611 2767 6611 4088 6597 4089 6595 2767 6611 4089 6595 2768 6612 2768 6612 4089 6595 4090 6593 2768 6612 4090 6593 2769 6613 2769 6613 4090 6593 4091 6591 2769 6613 4091 6591 2770 6614 2770 6614 4091 6591 4092 6589 2770 6614 4092 6589 2771 6615 2771 6615 4092 6589 4093 6587 2771 6615 4093 6587 2772 6616 2772 6616 4093 6587 4094 6585 2772 6616 4094 6585 2773 6617 2773 6617 4094 6585 4082 6583 2773 6617 4082 6583 2774 6618 2774 6618 4082 6583 4095 6581 2774 6618 4095 6581 2775 6619 2775 6619 4095 6581 4096 6579 2775 6619 4096 6579 2776 6620 2776 6620 4096 6579 4097 6577 2776 6620 4097 6577 2777 6621 2777 6621 4097 6577 4098 6575 2777 6621 4098 6575 2778 6622 2778 6622 4098 6575 4099 6573 2778 6622 4099 6573 2779 6623 2779 6623 4099 6573 4100 6571 2779 6623 4100 6571 2780 6624 2780 6624 4100 6571 4101 6569 2780 6624 4101 6569 2781 6625 2781 6625 4101 6569 4102 6567 2781 6625 4102 6567 2782 6626 2782 6626 4102 6567 4103 6565 2782 6626 4103 6565 2783 6627 2783 6627 4103 6565 4104 6563 2783 6627 4104 6563 2784 6604 2784 6604 4104 6563 4105 6561 4106 6628 4107 6629 4129 6630 4129 6630 4107 6629 4128 6631 4128 6631 4107 6629 4108 6632 4128 6631 4108 6632 4127 6633 4127 6633 4108 6632 4109 6634 4127 6633 4109 6634 4126 6635 4126 6635 4109 6634 4110 6636 4126 6635 4110 6636 4125 6637 4125 6637 4110 6636 4111 6638 4125 6637 4111 6638 4124 6639 4124 6639 4111 6638 4112 6640 4124 6639 4112 6640 4123 6641 4123 6641 4112 6640 4113 6642 4123 6641 4113 6642 4122 6643 4122 6643 4113 6642 4114 6644 4122 6643 4114 6644 4121 6645 4121 6645 4114 6644 4115 6646 4121 6645 4115 6646 4120 6647 4120 6647 4115 6646 4116 6648 4120 6647 4116 6648 4119 6649 4119 6649 4116 6648 4117 6650 4119 6649 4117 6650 4118 6651 4129 6652 4131 6653 4106 6654 4106 6654 4131 6653 4132 6655 4106 6654 4132 6655 4107 6656 4107 6656 4132 6655 4153 6657 4107 6656 4153 6657 4108 6658 4108 6658 4153 6657 4152 6659 4108 6658 4152 6659 4109 6660 4109 6660 4152 6659 4151 6661 4109 6660 4151 6661 4110 6662 4110 6662 4151 6661 4150 6663 4110 6662 4150 6663 4111 6664 4111 6664 4150 6663 4149 6665 4111 6664 4149 6665 4112 6666 4112 6666 4149 6665 4130 6667 4112 6666 4130 6667 4113 6668 4113 6668 4130 6667 4148 6669 4113 6668 4148 6669 4114 6670 4114 6670 4148 6669 4147 6671 4114 6670 4147 6671 4115 6672 4115 6672 4147 6671 4146 6673 4115 6672 4146 6673 4116 6674 4116 6674 4146 6673 4145 6675 4116 6674 4145 6675 4117 6676 4117 6676 4145 6675 4144 6677 4117 6676 4144 6677 4118 6678 4118 6678 4144 6677 4143 6679 4118 6678 4143 6679 4119 6680 4119 6680 4143 6679 4142 6681 4119 6680 4142 6681 4120 6682 4120 6682 4142 6681 4141 6683 4120 6682 4141 6683 4121 6684 4121 6684 4141 6683 4140 6685 4121 6684 4140 6685 4122 6686 4122 6686 4140 6685 4139 6687 4122 6686 4139 6687 4123 6688 4123 6688 4139 6687 4138 6689 4123 6688 4138 6689 4124 6690 4124 6690 4138 6689 4137 6691 4124 6690 4137 6691 4125 6692 4125 6692 4137 6691 4136 6693 4125 6692 4136 6693 4126 6694 4126 6694 4136 6693 4135 6695 4126 6694 4135 6695 4127 6696 4127 6696 4135 6695 4134 6697 4127 6696 4134 6697 4128 6698 4128 6698 4134 6697 4133 6699 4128 6698 4133 6699 4129 6652 4129 6652 4133 6699 4131 6653 3721 6700 4153 6657 3698 6701 3698 6701 4153 6657 4132 6655 3698 6701 4132 6655 3699 6702 3699 6702 4132 6655 4131 6653 3699 6702 4131 6653 3700 6703 3700 6703 4131 6653 4133 6699 3700 6703 4133 6699 3701 6704 3701 6704 4133 6699 4134 6697 3701 6704 4134 6697 3702 6705 3702 6705 4134 6697 4135 6695 3702 6705 4135 6695 3703 6706 3703 6706 4135 6695 4136 6693 3703 6706 4136 6693 3704 6707 3704 6707 4136 6693 4137 6691 3704 6707 4137 6691 3705 6708 3705 6708 4137 6691 4138 6689 3705 6708 4138 6689 3706 6709 3706 6709 4138 6689 4139 6687 3706 6709 4139 6687 3707 6710 3707 6710 4139 6687 4140 6685 3707 6710 4140 6685 3708 6711 3708 6711 4140 6685 4141 6683 3708 6711 4141 6683 3709 6712 3709 6712 4141 6683 4142 6681 3709 6712 4142 6681 3710 6713 3710 6713 4142 6681 4143 6679 3710 6713 4143 6679 3711 6714 3711 6714 4143 6679 4144 6677 3711 6714 4144 6677 3712 6715 3712 6715 4144 6677 4145 6675 3712 6715 4145 6675 3713 6716 3713 6716 4145 6675 4146 6673 3713 6716 4146 6673 3714 6717 3714 6717 4146 6673 4147 6671 3714 6717 4147 6671 3715 6718 3715 6718 4147 6671 4148 6669 3715 6718 4148 6669 3716 6719 3716 6719 4148 6669 4130 6667 3716 6719 4130 6667 3717 6720 3717 6720 4130 6667 4149 6665 3717 6720 4149 6665 3718 6721 3718 6721 4149 6665 4150 6663 3718 6721 4150 6663 3719 6722 3719 6722 4150 6663 4151 6661 3719 6722 4151 6661 3720 6723 3720 6723 4151 6661 4152 6659 3720 6723 4152 6659 3721 6700 3721 6700 4152 6659 4153 6657 4154 6724 4155 6725 4177 6726 4177 6726 4155 6725 4176 6727 4176 6727 4155 6725 4156 6728 4176 6727 4156 6728 4175 6729 4175 6729 4156 6728 4157 6730 4175 6729 4157 6730 4174 6731 4174 6731 4157 6730 4158 6732 4174 6731 4158 6732 4173 6733 4173 6733 4158 6732 4159 6734 4173 6733 4159 6734 4172 6735 4172 6735 4159 6734 4160 6736 4172 6735 4160 6736 4171 6737 4171 6737 4160 6736 4161 6738 4171 6737 4161 6738 4170 6739 4170 6739 4161 6738 4162 6740 4170 6739 4162 6740 4169 6741 4169 6741 4162 6740 4163 6742 4169 6741 4163 6742 4168 6743 4168 6743 4163 6742 4164 6744 4168 6743 4164 6744 4167 6745 4167 6745 4164 6744 4165 6746 4167 6745 4165 6746 4166 6747 4177 6748 4179 6749 4154 6750 4154 6750 4179 6749 4180 6751 4154 6750 4180 6751 4155 6752 4155 6752 4180 6751 4201 6753 4155 6752 4201 6753 4156 6754 4156 6754 4201 6753 4200 6755 4156 6754 4200 6755 4157 6756 4157 6756 4200 6755 4199 6757 4157 6756 4199 6757 4158 6758 4158 6758 4199 6757 4198 6759 4158 6758 4198 6759 4159 6760 4159 6760 4198 6759 4197 6761 4159 6760 4197 6761 4160 6762 4160 6762 4197 6761 4178 6763 4160 6762 4178 6763 4161 6764 4161 6764 4178 6763 4196 6765 4161 6764 4196 6765 4162 6766 4162 6766 4196 6765 4195 6767 4162 6766 4195 6767 4163 6768 4163 6768 4195 6767 4194 6769 4163 6768 4194 6769 4164 6770 4164 6770 4194 6769 4193 6771 4164 6770 4193 6771 4165 6772 4165 6772 4193 6771 4192 6773 4165 6772 4192 6773 4166 6774 4166 6774 4192 6773 4191 6775 4166 6774 4191 6775 4167 6776 4167 6776 4191 6775 4190 6777 4167 6776 4190 6777 4168 6778 4168 6778 4190 6777 4189 6779 4168 6778 4189 6779 4169 6780 4169 6780 4189 6779 4188 6781 4169 6780 4188 6781 4170 6782 4170 6782 4188 6781 4187 6783 4170 6782 4187 6783 4171 6784 4171 6784 4187 6783 4186 6785 4171 6784 4186 6785 4172 6786 4172 6786 4186 6785 4185 6787 4172 6786 4185 6787 4173 6788 4173 6788 4185 6787 4184 6789 4173 6788 4184 6789 4174 6790 4174 6790 4184 6789 4183 6791 4174 6790 4183 6791 4175 6792 4175 6792 4183 6791 4182 6793 4175 6792 4182 6793 4176 6794 4176 6794 4182 6793 4181 6795 4176 6794 4181 6795 4177 6748 4177 6748 4181 6795 4179 6749 3697 6796 4201 6753 3674 6797 3674 6797 4201 6753 4180 6751 3674 6797 4180 6751 3675 6798 3675 6798 4180 6751 4179 6749 3675 6798 4179 6749 3676 6799 3676 6799 4179 6749 4181 6795 3676 6799 4181 6795 3677 6800 3677 6800 4181 6795 4182 6793 3677 6800 4182 6793 3678 6801 3678 6801 4182 6793 4183 6791 3678 6801 4183 6791 3679 6802 3679 6802 4183 6791 4184 6789 3679 6802 4184 6789 3680 6803 3680 6803 4184 6789 4185 6787 3680 6803 4185 6787 3681 6804 3681 6804 4185 6787 4186 6785 3681 6804 4186 6785 3682 6805 3682 6805 4186 6785 4187 6783 3682 6805 4187 6783 3683 6806 3683 6806 4187 6783 4188 6781 3683 6806 4188 6781 3684 6807 3684 6807 4188 6781 4189 6779 3684 6807 4189 6779 3685 6808 3685 6808 4189 6779 4190 6777 3685 6808 4190 6777 3686 6809 3686 6809 4190 6777 4191 6775 3686 6809 4191 6775 3687 6810 3687 6810 4191 6775 4192 6773 3687 6810 4192 6773 3688 6811 3688 6811 4192 6773 4193 6771 3688 6811 4193 6771 3689 6812 3689 6812 4193 6771 4194 6769 3689 6812 4194 6769 3690 6813 3690 6813 4194 6769 4195 6767 3690 6813 4195 6767 3691 6814 3691 6814 4195 6767 4196 6765 3691 6814 4196 6765 3692 6815 3692 6815 4196 6765 4178 6763 3692 6815 4178 6763 3693 6816 3693 6816 4178 6763 4197 6761 3693 6816 4197 6761 3694 6817 3694 6817 4197 6761 4198 6759 3694 6817 4198 6759 3695 6818 3695 6818 4198 6759 4199 6757 3695 6818 4199 6757 3696 6819 3696 6819 4199 6757 4200 6755 3696 6819 4200 6755 3697 6796 3697 6796 4200 6755 4201 6753 4202 6820 4203 6821 4225 6822 4225 6822 4203 6821 4224 6823 4224 6823 4203 6821 4204 6824 4224 6823 4204 6824 4223 6825 4223 6825 4204 6824 4205 6826 4223 6825 4205 6826 4222 6827 4222 6827 4205 6826 4206 6828 4222 6827 4206 6828 4221 6829 4221 6829 4206 6828 4207 6830 4221 6829 4207 6830 4220 6831 4220 6831 4207 6830 4208 6832 4220 6831 4208 6832 4219 6833 4219 6833 4208 6832 4209 6834 4219 6833 4209 6834 4218 6835 4218 6835 4209 6834 4210 6836 4218 6835 4210 6836 4217 6837 4217 6837 4210 6836 4211 6838 4217 6837 4211 6838 4216 6839 4216 6839 4211 6838 4212 6840 4216 6839 4212 6840 4215 6841 4215 6841 4212 6840 4213 6842 4215 6841 4213 6842 4214 6843 4225 6844 4227 6845 4202 6846 4202 6846 4227 6845 4228 6847 4202 6846 4228 6847 4203 6848 4203 6848 4228 6847 4249 6849 4203 6848 4249 6849 4204 6850 4204 6850 4249 6849 4248 6851 4204 6850 4248 6851 4205 6852 4205 6852 4248 6851 4247 6853 4205 6852 4247 6853 4206 6854 4206 6854 4247 6853 4246 6855 4206 6854 4246 6855 4207 6856 4207 6856 4246 6855 4245 6857 4207 6856 4245 6857 4208 6858 4208 6858 4245 6857 4226 6859 4208 6858 4226 6859 4209 6860 4209 6860 4226 6859 4244 6861 4209 6860 4244 6861 4210 6862 4210 6862 4244 6861 4243 6863 4210 6862 4243 6863 4211 6864 4211 6864 4243 6863 4242 6865 4211 6864 4242 6865 4212 6866 4212 6866 4242 6865 4241 6867 4212 6866 4241 6867 4213 6868 4213 6868 4241 6867 4240 6869 4213 6868 4240 6869 4214 6870 4214 6870 4240 6869 4239 6871 4214 6870 4239 6871 4215 6872 4215 6872 4239 6871 4238 6873 4215 6872 4238 6873 4216 6874 4216 6874 4238 6873 4237 6875 4216 6874 4237 6875 4217 6876 4217 6876 4237 6875 4236 6877 4217 6876 4236 6877 4218 6878 4218 6878 4236 6877 4235 6879 4218 6878 4235 6879 4219 6880 4219 6880 4235 6879 4234 6881 4219 6880 4234 6881 4220 6882 4220 6882 4234 6881 4233 6883 4220 6882 4233 6883 4221 6884 4221 6884 4233 6883 4232 6885 4221 6884 4232 6885 4222 6886 4222 6886 4232 6885 4231 6887 4222 6886 4231 6887 4223 6888 4223 6888 4231 6887 4230 6889 4223 6888 4230 6889 4224 6890 4224 6890 4230 6889 4229 6891 4224 6890 4229 6891 4225 6844 4225 6844 4229 6891 4227 6845 3673 6892 4249 6849 3650 6893 3650 6893 4249 6849 4228 6847 3650 6893 4228 6847 3651 6894 3651 6894 4228 6847 4227 6845 3651 6894 4227 6845 3652 6895 3652 6895 4227 6845 4229 6891 3652 6895 4229 6891 3653 6896 3653 6896 4229 6891 4230 6889 3653 6896 4230 6889 3654 6897 3654 6897 4230 6889 4231 6887 3654 6897 4231 6887 3655 6898 3655 6898 4231 6887 4232 6885 3655 6898 4232 6885 3656 6899 3656 6899 4232 6885 4233 6883 3656 6899 4233 6883 3657 6900 3657 6900 4233 6883 4234 6881 3657 6900 4234 6881 3658 6901 3658 6901 4234 6881 4235 6879 3658 6901 4235 6879 3659 6902 3659 6902 4235 6879 4236 6877 3659 6902 4236 6877 3660 6903 3660 6903 4236 6877 4237 6875 3660 6903 4237 6875 3661 6904 3661 6904 4237 6875 4238 6873 3661 6904 4238 6873 3662 6905 3662 6905 4238 6873 4239 6871 3662 6905 4239 6871 3663 6906 3663 6906 4239 6871 4240 6869 3663 6906 4240 6869 3664 6907 3664 6907 4240 6869 4241 6867 3664 6907 4241 6867 3665 6908 3665 6908 4241 6867 4242 6865 3665 6908 4242 6865 3666 6909 3666 6909 4242 6865 4243 6863 3666 6909 4243 6863 3667 6910 3667 6910 4243 6863 4244 6861 3667 6910 4244 6861 3668 6911 3668 6911 4244 6861 4226 6859 3668 6911 4226 6859 3669 6912 3669 6912 4226 6859 4245 6857 3669 6912 4245 6857 3670 6913 3670 6913 4245 6857 4246 6855 3670 6913 4246 6855 3671 6914 3671 6914 4246 6855 4247 6853 3671 6914 4247 6853 3672 6915 3672 6915 4247 6853 4248 6851 3672 6915 4248 6851 3673 6892 3673 6892 4248 6851 4249 6849 4250 6916 4251 6917 4273 6918 4273 6918 4251 6917 4272 6919 4272 6919 4251 6917 4252 6920 4272 6919 4252 6920 4271 6921 4271 6921 4252 6920 4253 6922 4271 6921 4253 6922 4270 6923 4270 6923 4253 6922 4254 6924 4270 6923 4254 6924 4269 6925 4269 6925 4254 6924 4255 6926 4269 6925 4255 6926 4268 6927 4268 6927 4255 6926 4256 6928 4268 6927 4256 6928 4267 6929 4267 6929 4256 6928 4257 6930 4267 6929 4257 6930 4266 6931 4266 6931 4257 6930 4258 6932 4266 6931 4258 6932 4265 6933 4265 6933 4258 6932 4259 6934 4265 6933 4259 6934 4264 6935 4264 6935 4259 6934 4260 6936 4264 6935 4260 6936 4263 6937 4263 6937 4260 6936 4261 6938 4263 6937 4261 6938 4262 6939 4273 6940 4275 6941 4250 6942 4250 6942 4275 6941 4276 6943 4250 6942 4276 6943 4251 6944 4251 6944 4276 6943 4297 6945 4251 6944 4297 6945 4252 6946 4252 6946 4297 6945 4296 6947 4252 6946 4296 6947 4253 6948 4253 6948 4296 6947 4295 6949 4253 6948 4295 6949 4254 6950 4254 6950 4295 6949 4294 6951 4254 6950 4294 6951 4255 6952 4255 6952 4294 6951 4293 6953 4255 6952 4293 6953 4256 6954 4256 6954 4293 6953 4274 6955 4256 6954 4274 6955 4257 6956 4257 6956 4274 6955 4292 6957 4257 6956 4292 6957 4258 6958 4258 6958 4292 6957 4291 6959 4258 6958 4291 6959 4259 6960 4259 6960 4291 6959 4290 6961 4259 6960 4290 6961 4260 6962 4260 6962 4290 6961 4289 6963 4260 6962 4289 6963 4261 6964 4261 6964 4289 6963 4288 6965 4261 6964 4288 6965 4262 6966 4262 6966 4288 6965 4287 6967 4262 6966 4287 6967 4263 6968 4263 6968 4287 6967 4286 6969 4263 6968 4286 6969 4264 6970 4264 6970 4286 6969 4285 6971 4264 6970 4285 6971 4265 6972 4265 6972 4285 6971 4284 6973 4265 6972 4284 6973 4266 6974 4266 6974 4284 6973 4283 6975 4266 6974 4283 6975 4267 6976 4267 6976 4283 6975 4282 6977 4267 6976 4282 6977 4268 6978 4268 6978 4282 6977 4281 6979 4268 6978 4281 6979 4269 6980 4269 6980 4281 6979 4280 6981 4269 6980 4280 6981 4270 6982 4270 6982 4280 6981 4279 6983 4270 6982 4279 6983 4271 6984 4271 6984 4279 6983 4278 6985 4271 6984 4278 6985 4272 6986 4272 6986 4278 6985 4277 6987 4272 6986 4277 6987 4273 6940 4273 6940 4277 6987 4275 6941 3649 6988 4297 6945 3626 6989 3626 6989 4297 6945 4276 6943 3626 6989 4276 6943 3627 6990 3627 6990 4276 6943 4275 6941 3627 6990 4275 6941 3628 6991 3628 6991 4275 6941 4277 6987 3628 6991 4277 6987 3629 6992 3629 6992 4277 6987 4278 6985 3629 6992 4278 6985 3630 6993 3630 6993 4278 6985 4279 6983 3630 6993 4279 6983 3631 6994 3631 6994 4279 6983 4280 6981 3631 6994 4280 6981 3632 6995 3632 6995 4280 6981 4281 6979 3632 6995 4281 6979 3633 6996 3633 6996 4281 6979 4282 6977 3633 6996 4282 6977 3634 6997 3634 6997 4282 6977 4283 6975 3634 6997 4283 6975 3635 6998 3635 6998 4283 6975 4284 6973 3635 6998 4284 6973 3636 6999 3636 6999 4284 6973 4285 6971 3636 6999 4285 6971 3637 7000 3637 7000 4285 6971 4286 6969 3637 7000 4286 6969 3638 7001 3638 7001 4286 6969 4287 6967 3638 7001 4287 6967 3639 7002 3639 7002 4287 6967 4288 6965 3639 7002 4288 6965 3640 7003 3640 7003 4288 6965 4289 6963 3640 7003 4289 6963 3641 7004 3641 7004 4289 6963 4290 6961 3641 7004 4290 6961 3642 7005 3642 7005 4290 6961 4291 6959 3642 7005 4291 6959 3643 7006 3643 7006 4291 6959 4292 6957 3643 7006 4292 6957 3644 7007 3644 7007 4292 6957 4274 6955 3644 7007 4274 6955 3645 7008 3645 7008 4274 6955 4293 6953 3645 7008 4293 6953 3646 7009 3646 7009 4293 6953 4294 6951 3646 7009 4294 6951 3647 7010 3647 7010 4294 6951 4295 6949 3647 7010 4295 6949 3648 7011 3648 7011 4295 6949 4296 6947 3648 7011 4296 6947 3649 6988 3649 6988 4296 6947 4297 6945 4298 7012 4299 7013 4321 7014 4321 7014 4299 7013 4320 7015 4320 7015 4299 7013 4300 7016 4320 7015 4300 7016 4319 7017 4319 7017 4300 7016 4301 7018 4319 7017 4301 7018 4318 7019 4318 7019 4301 7018 4302 7020 4318 7019 4302 7020 4317 7021 4317 7021 4302 7020 4303 7022 4317 7021 4303 7022 4316 7023 4316 7023 4303 7022 4304 7024 4316 7023 4304 7024 4315 7025 4315 7025 4304 7024 4305 7026 4315 7025 4305 7026 4314 7027 4314 7027 4305 7026 4306 7028 4314 7027 4306 7028 4313 7029 4313 7029 4306 7028 4307 7030 4313 7029 4307 7030 4312 7031 4312 7031 4307 7030 4308 7032 4312 7031 4308 7032 4311 7033 4311 7033 4308 7032 4309 7034 4311 7033 4309 7034 4310 7035 4321 7036 4323 7037 4298 7038 4298 7038 4323 7037 4324 7039 4298 7038 4324 7039 4299 7040 4299 7040 4324 7039 4345 7041 4299 7040 4345 7041 4300 7042 4300 7042 4345 7041 4344 7043 4300 7042 4344 7043 4301 7044 4301 7044 4344 7043 4343 7045 4301 7044 4343 7045 4302 7046 4302 7046 4343 7045 4342 7047 4302 7046 4342 7047 4303 7048 4303 7048 4342 7047 4341 7049 4303 7048 4341 7049 4304 7050 4304 7050 4341 7049 4322 7051 4304 7050 4322 7051 4305 7052 4305 7052 4322 7051 4340 7053 4305 7052 4340 7053 4306 7054 4306 7054 4340 7053 4339 7055 4306 7054 4339 7055 4307 7056 4307 7056 4339 7055 4338 7057 4307 7056 4338 7057 4308 7058 4308 7058 4338 7057 4337 7059 4308 7058 4337 7059 4309 7060 4309 7060 4337 7059 4336 7061 4309 7060 4336 7061 4310 7062 4310 7062 4336 7061 4335 7063 4310 7062 4335 7063 4311 7064 4311 7064 4335 7063 4334 7065 4311 7064 4334 7065 4312 7066 4312 7066 4334 7065 4333 7067 4312 7066 4333 7067 4313 7068 4313 7068 4333 7067 4332 7069 4313 7068 4332 7069 4314 7070 4314 7070 4332 7069 4331 7071 4314 7070 4331 7071 4315 7072 4315 7072 4331 7071 4330 7073 4315 7072 4330 7073 4316 7074 4316 7074 4330 7073 4329 7075 4316 7074 4329 7075 4317 7076 4317 7076 4329 7075 4328 7077 4317 7076 4328 7077 4318 7078 4318 7078 4328 7077 4327 7079 4318 7078 4327 7079 4319 7080 4319 7080 4327 7079 4326 7081 4319 7080 4326 7081 4320 7082 4320 7082 4326 7081 4325 7083 4320 7082 4325 7083 4321 7036 4321 7036 4325 7083 4323 7037 3625 7084 4345 7041 3602 7085 3602 7085 4345 7041 4324 7039 3602 7085 4324 7039 3603 7086 3603 7086 4324 7039 4323 7037 3603 7086 4323 7037 3604 7087 3604 7087 4323 7037 4325 7083 3604 7087 4325 7083 3605 7088 3605 7088 4325 7083 4326 7081 3605 7088 4326 7081 3606 7089 3606 7089 4326 7081 4327 7079 3606 7089 4327 7079 3607 7090 3607 7090 4327 7079 4328 7077 3607 7090 4328 7077 3608 7091 3608 7091 4328 7077 4329 7075 3608 7091 4329 7075 3609 7092 3609 7092 4329 7075 4330 7073 3609 7092 4330 7073 3610 7093 3610 7093 4330 7073 4331 7071 3610 7093 4331 7071 3611 7094 3611 7094 4331 7071 4332 7069 3611 7094 4332 7069 3612 7095 3612 7095 4332 7069 4333 7067 3612 7095 4333 7067 3613 7096 3613 7096 4333 7067 4334 7065 3613 7096 4334 7065 3614 7097 3614 7097 4334 7065 4335 7063 3614 7097 4335 7063 3615 7098 3615 7098 4335 7063 4336 7061 3615 7098 4336 7061 3616 7099 3616 7099 4336 7061 4337 7059 3616 7099 4337 7059 3617 7100 3617 7100 4337 7059 4338 7057 3617 7100 4338 7057 3618 7101 3618 7101 4338 7057 4339 7055 3618 7101 4339 7055 3619 7102 3619 7102 4339 7055 4340 7053 3619 7102 4340 7053 3620 7103 3620 7103 4340 7053 4322 7051 3620 7103 4322 7051 3621 7104 3621 7104 4322 7051 4341 7049 3621 7104 4341 7049 3622 7105 3622 7105 4341 7049 4342 7047 3622 7105 4342 7047 3623 7106 3623 7106 4342 7047 4343 7045 3623 7106 4343 7045 3624 7107 3624 7107 4343 7045 4344 7043 3624 7107 4344 7043 3625 7084 3625 7084 4344 7043 4345 7041 4346 7108 4347 7109 4369 7110 4369 7110 4347 7109 4368 7111 4368 7111 4347 7109 4348 7112 4368 7111 4348 7112 4367 7113 4367 7113 4348 7112 4349 7114 4367 7113 4349 7114 4366 7115 4366 7115 4349 7114 4350 7116 4366 7115 4350 7116 4365 7117 4365 7117 4350 7116 4351 7118 4365 7117 4351 7118 4364 7119 4364 7119 4351 7118 4352 7120 4364 7119 4352 7120 4363 7121 4363 7121 4352 7120 4353 7122 4363 7121 4353 7122 4362 7123 4362 7123 4353 7122 4354 7124 4362 7123 4354 7124 4361 7125 4361 7125 4354 7124 4355 7126 4361 7125 4355 7126 4360 7127 4360 7127 4355 7126 4356 7128 4360 7127 4356 7128 4359 7129 4359 7129 4356 7128 4357 7130 4359 7129 4357 7130 4358 7131 4369 7132 4371 7133 4346 7134 4346 7134 4371 7133 4372 7135 4346 7134 4372 7135 4347 7136 4347 7136 4372 7135 4393 7137 4347 7136 4393 7137 4348 7138 4348 7138 4393 7137 4392 7139 4348 7138 4392 7139 4349 7140 4349 7140 4392 7139 4391 7141 4349 7140 4391 7141 4350 7142 4350 7142 4391 7141 4390 7143 4350 7142 4390 7143 4351 7144 4351 7144 4390 7143 4389 7145 4351 7144 4389 7145 4352 7146 4352 7146 4389 7145 4370 7147 4352 7146 4370 7147 4353 7148 4353 7148 4370 7147 4388 7149 4353 7148 4388 7149 4354 7150 4354 7150 4388 7149 4387 7151 4354 7150 4387 7151 4355 7152 4355 7152 4387 7151 4386 7153 4355 7152 4386 7153 4356 7154 4356 7154 4386 7153 4385 7155 4356 7154 4385 7155 4357 7156 4357 7156 4385 7155 4384 7157 4357 7156 4384 7157 4358 7158 4358 7158 4384 7157 4383 7159 4358 7158 4383 7159 4359 7160 4359 7160 4383 7159 4382 7161 4359 7160 4382 7161 4360 7162 4360 7162 4382 7161 4381 7163 4360 7162 4381 7163 4361 7164 4361 7164 4381 7163 4380 7165 4361 7164 4380 7165 4362 7166 4362 7166 4380 7165 4379 7167 4362 7166 4379 7167 4363 7168 4363 7168 4379 7167 4378 7169 4363 7168 4378 7169 4364 7170 4364 7170 4378 7169 4377 7171 4364 7170 4377 7171 4365 7172 4365 7172 4377 7171 4376 7173 4365 7172 4376 7173 4366 7174 4366 7174 4376 7173 4375 7175 4366 7174 4375 7175 4367 7176 4367 7176 4375 7175 4374 7177 4367 7176 4374 7177 4368 7178 4368 7178 4374 7177 4373 7179 4368 7178 4373 7179 4369 7132 4369 7132 4373 7179 4371 7133 3601 7180 4393 7137 3578 7181 3578 7181 4393 7137 4372 7135 3578 7181 4372 7135 3579 7182 3579 7182 4372 7135 4371 7133 3579 7182 4371 7133 3580 7183 3580 7183 4371 7133 4373 7179 3580 7183 4373 7179 3581 7184 3581 7184 4373 7179 4374 7177 3581 7184 4374 7177 3582 7185 3582 7185 4374 7177 4375 7175 3582 7185 4375 7175 3583 7186 3583 7186 4375 7175 4376 7173 3583 7186 4376 7173 3584 7187 3584 7187 4376 7173 4377 7171 3584 7187 4377 7171 3585 7188 3585 7188 4377 7171 4378 7169 3585 7188 4378 7169 3586 7189 3586 7189 4378 7169 4379 7167 3586 7189 4379 7167 3587 7190 3587 7190 4379 7167 4380 7165 3587 7190 4380 7165 3588 7191 3588 7191 4380 7165 4381 7163 3588 7191 4381 7163 3589 7192 3589 7192 4381 7163 4382 7161 3589 7192 4382 7161 3590 7193 3590 7193 4382 7161 4383 7159 3590 7193 4383 7159 3591 7194 3591 7194 4383 7159 4384 7157 3591 7194 4384 7157 3592 7195 3592 7195 4384 7157 4385 7155 3592 7195 4385 7155 3593 7196 3593 7196 4385 7155 4386 7153 3593 7196 4386 7153 3594 7197 3594 7197 4386 7153 4387 7151 3594 7197 4387 7151 3595 7198 3595 7198 4387 7151 4388 7149 3595 7198 4388 7149 3596 7199 3596 7199 4388 7149 4370 7147 3596 7199 4370 7147 3597 7200 3597 7200 4370 7147 4389 7145 3597 7200 4389 7145 3598 7201 3598 7201 4389 7145 4390 7143 3598 7201 4390 7143 3599 7202 3599 7202 4390 7143 4391 7141 3599 7202 4391 7141 3600 7203 3600 7203 4391 7141 4392 7139 3600 7203 4392 7139 3601 7180 3601 7180 4392 7139 4393 7137 4394 7204 4395 7205 4417 7206 4417 7206 4395 7205 4416 7207 4416 7207 4395 7205 4396 7208 4416 7207 4396 7208 4415 7209 4415 7209 4396 7208 4397 7210 4415 7209 4397 7210 4414 7211 4414 7211 4397 7210 4398 7212 4414 7211 4398 7212 4413 7213 4413 7213 4398 7212 4399 7214 4413 7213 4399 7214 4412 7215 4412 7215 4399 7214 4400 7216 4412 7215 4400 7216 4411 7217 4411 7217 4400 7216 4401 7218 4411 7217 4401 7218 4410 7219 4410 7219 4401 7218 4402 7220 4410 7219 4402 7220 4409 7221 4409 7221 4402 7220 4403 7222 4409 7221 4403 7222 4408 7223 4408 7223 4403 7222 4404 7224 4408 7223 4404 7224 4407 7225 4407 7225 4404 7224 4405 7226 4407 7225 4405 7226 4406 7227 4417 7228 4419 7229 4394 7230 4394 7230 4419 7229 4420 7231 4394 7230 4420 7231 4395 7232 4395 7232 4420 7231 4441 7233 4395 7232 4441 7233 4396 7234 4396 7234 4441 7233 4440 7235 4396 7234 4440 7235 4397 7236 4397 7236 4440 7235 4439 7237 4397 7236 4439 7237 4398 7238 4398 7238 4439 7237 4438 7239 4398 7238 4438 7239 4399 7240 4399 7240 4438 7239 4437 7241 4399 7240 4437 7241 4400 7242 4400 7242 4437 7241 4418 7243 4400 7242 4418 7243 4401 7244 4401 7244 4418 7243 4436 7245 4401 7244 4436 7245 4402 7246 4402 7246 4436 7245 4435 7247 4402 7246 4435 7247 4403 7248 4403 7248 4435 7247 4434 7249 4403 7248 4434 7249 4404 7250 4404 7250 4434 7249 4433 7251 4404 7250 4433 7251 4405 7252 4405 7252 4433 7251 4432 7253 4405 7252 4432 7253 4406 7254 4406 7254 4432 7253 4431 7255 4406 7254 4431 7255 4407 7256 4407 7256 4431 7255 4430 7257 4407 7256 4430 7257 4408 7258 4408 7258 4430 7257 4429 7259 4408 7258 4429 7259 4409 7260 4409 7260 4429 7259 4428 7261 4409 7260 4428 7261 4410 7262 4410 7262 4428 7261 4427 7263 4410 7262 4427 7263 4411 7264 4411 7264 4427 7263 4426 7265 4411 7264 4426 7265 4412 7266 4412 7266 4426 7265 4425 7267 4412 7266 4425 7267 4413 7268 4413 7268 4425 7267 4424 7269 4413 7268 4424 7269 4414 7270 4414 7270 4424 7269 4423 7271 4414 7270 4423 7271 4415 7272 4415 7272 4423 7271 4422 7273 4415 7272 4422 7273 4416 7274 4416 7274 4422 7273 4421 7275 4416 7274 4421 7275 4417 7228 4417 7228 4421 7275 4419 7229 3577 7276 4441 7233 3554 7277 3554 7277 4441 7233 4420 7231 3554 7277 4420 7231 3555 7278 3555 7278 4420 7231 4419 7229 3555 7278 4419 7229 3556 7279 3556 7279 4419 7229 4421 7275 3556 7279 4421 7275 3557 7280 3557 7280 4421 7275 4422 7273 3557 7280 4422 7273 3558 7281 3558 7281 4422 7273 4423 7271 3558 7281 4423 7271 3559 7282 3559 7282 4423 7271 4424 7269 3559 7282 4424 7269 3560 7283 3560 7283 4424 7269 4425 7267 3560 7283 4425 7267 3561 7284 3561 7284 4425 7267 4426 7265 3561 7284 4426 7265 3562 7285 3562 7285 4426 7265 4427 7263 3562 7285 4427 7263 3563 7286 3563 7286 4427 7263 4428 7261 3563 7286 4428 7261 3564 7287 3564 7287 4428 7261 4429 7259 3564 7287 4429 7259 3565 7288 3565 7288 4429 7259 4430 7257 3565 7288 4430 7257 3566 7289 3566 7289 4430 7257 4431 7255 3566 7289 4431 7255 3567 7290 3567 7290 4431 7255 4432 7253 3567 7290 4432 7253 3568 7291 3568 7291 4432 7253 4433 7251 3568 7291 4433 7251 3569 7292 3569 7292 4433 7251 4434 7249 3569 7292 4434 7249 3570 7293 3570 7293 4434 7249 4435 7247 3570 7293 4435 7247 3571 7294 3571 7294 4435 7247 4436 7245 3571 7294 4436 7245 3572 7295 3572 7295 4436 7245 4418 7243 3572 7295 4418 7243 3573 7296 3573 7296 4418 7243 4437 7241 3573 7296 4437 7241 3574 7297 3574 7297 4437 7241 4438 7239 3574 7297 4438 7239 3575 7298 3575 7298 4438 7239 4439 7237 3575 7298 4439 7237 3576 7299 3576 7299 4439 7237 4440 7235 3576 7299 4440 7235 3577 7276 3577 7276 4440 7235 4441 7233 4442 7300 4443 7301 4465 7302 4465 7302 4443 7301 4464 7303 4464 7303 4443 7301 4444 7304 4464 7303 4444 7304 4463 7305 4463 7305 4444 7304 4445 7306 4463 7305 4445 7306 4462 7307 4462 7307 4445 7306 4446 7308 4462 7307 4446 7308 4461 7309 4461 7309 4446 7308 4447 7310 4461 7309 4447 7310 4460 7311 4460 7311 4447 7310 4448 7312 4460 7311 4448 7312 4459 7313 4459 7313 4448 7312 4449 7314 4459 7313 4449 7314 4458 7315 4458 7315 4449 7314 4450 7316 4458 7315 4450 7316 4457 7317 4457 7317 4450 7316 4451 7318 4457 7317 4451 7318 4456 7319 4456 7319 4451 7318 4452 7320 4456 7319 4452 7320 4455 7321 4455 7321 4452 7320 4453 7322 4455 7321 4453 7322 4454 7323 4465 7324 4467 7325 4442 7326 4442 7326 4467 7325 4468 7327 4442 7326 4468 7327 4443 7328 4443 7328 4468 7327 4489 7329 4443 7328 4489 7329 4444 7330 4444 7330 4489 7329 4488 7331 4444 7330 4488 7331 4445 7332 4445 7332 4488 7331 4487 7333 4445 7332 4487 7333 4446 7334 4446 7334 4487 7333 4486 7335 4446 7334 4486 7335 4447 7336 4447 7336 4486 7335 4485 7337 4447 7336 4485 7337 4448 7338 4448 7338 4485 7337 4466 7339 4448 7338 4466 7339 4449 7340 4449 7340 4466 7339 4484 7341 4449 7340 4484 7341 4450 7342 4450 7342 4484 7341 4483 7343 4450 7342 4483 7343 4451 7344 4451 7344 4483 7343 4482 7345 4451 7344 4482 7345 4452 7346 4452 7346 4482 7345 4481 7347 4452 7346 4481 7347 4453 7348 4453 7348 4481 7347 4480 7349 4453 7348 4480 7349 4454 7350 4454 7350 4480 7349 4479 7351 4454 7350 4479 7351 4455 7352 4455 7352 4479 7351 4478 7353 4455 7352 4478 7353 4456 7354 4456 7354 4478 7353 4477 7355 4456 7354 4477 7355 4457 7356 4457 7356 4477 7355 4476 7357 4457 7356 4476 7357 4458 7358 4458 7358 4476 7357 4475 7359 4458 7358 4475 7359 4459 7360 4459 7360 4475 7359 4474 7361 4459 7360 4474 7361 4460 7362 4460 7362 4474 7361 4473 7363 4460 7362 4473 7363 4461 7364 4461 7364 4473 7363 4472 7365 4461 7364 4472 7365 4462 7366 4462 7366 4472 7365 4471 7367 4462 7366 4471 7367 4463 7368 4463 7368 4471 7367 4470 7369 4463 7368 4470 7369 4464 7370 4464 7370 4470 7369 4469 7371 4464 7370 4469 7371 4465 7324 4465 7324 4469 7371 4467 7325 3553 7372 4489 7329 3530 7373 3530 7373 4489 7329 4468 7327 3530 7373 4468 7327 3531 7374 3531 7374 4468 7327 4467 7325 3531 7374 4467 7325 3532 7375 3532 7375 4467 7325 4469 7371 3532 7375 4469 7371 3533 7376 3533 7376 4469 7371 4470 7369 3533 7376 4470 7369 3534 7377 3534 7377 4470 7369 4471 7367 3534 7377 4471 7367 3535 7378 3535 7378 4471 7367 4472 7365 3535 7378 4472 7365 3536 7379 3536 7379 4472 7365 4473 7363 3536 7379 4473 7363 3537 7380 3537 7380 4473 7363 4474 7361 3537 7380 4474 7361 3538 7381 3538 7381 4474 7361 4475 7359 3538 7381 4475 7359 3539 7382 3539 7382 4475 7359 4476 7357 3539 7382 4476 7357 3540 7383 3540 7383 4476 7357 4477 7355 3540 7383 4477 7355 3541 7384 3541 7384 4477 7355 4478 7353 3541 7384 4478 7353 3542 7385 3542 7385 4478 7353 4479 7351 3542 7385 4479 7351 3543 7386 3543 7386 4479 7351 4480 7349 3543 7386 4480 7349 3544 7387 3544 7387 4480 7349 4481 7347 3544 7387 4481 7347 3545 7388 3545 7388 4481 7347 4482 7345 3545 7388 4482 7345 3546 7389 3546 7389 4482 7345 4483 7343 3546 7389 4483 7343 3547 7390 3547 7390 4483 7343 4484 7341 3547 7390 4484 7341 3548 7391 3548 7391 4484 7341 4466 7339 3548 7391 4466 7339 3549 7392 3549 7392 4466 7339 4485 7337 3549 7392 4485 7337 3550 7393 3550 7393 4485 7337 4486 7335 3550 7393 4486 7335 3551 7394 3551 7394 4486 7335 4487 7333 3551 7394 4487 7333 3552 7395 3552 7395 4487 7333 4488 7331 3552 7395 4488 7331 3553 7372 3553 7372 4488 7331 4489 7329 4491 7396 4581 7397 4490 7398 4490 7398 4581 7397 4586 7399 4490 7398 4586 7399 4533 7400 4533 7400 4586 7399 4707 7401 4533 7400 4707 7401 4532 7402 4532 7402 4707 7401 4704 7403 4532 7402 4704 7403 4531 7404 4531 7404 4704 7403 4701 7405 4531 7404 4701 7405 4530 7406 4530 7406 4701 7405 4698 7407 4530 7406 4698 7407 4529 7408 4529 7408 4698 7407 4695 7409 4529 7408 4695 7409 4528 7410 4528 7410 4695 7409 4692 7411 4528 7410 4692 7411 4527 7412 4527 7412 4692 7411 4689 7413 4527 7412 4689 7413 4526 7414 4526 7414 4689 7413 4686 7415 4526 7414 4686 7415 4525 7416 4525 7416 4686 7415 4683 7417 4525 7416 4683 7417 4524 7418 4524 7418 4683 7417 4680 7419 4524 7418 4680 7419 4523 7420 4523 7420 4680 7419 4578 7421 4523 7420 4578 7421 4522 7422 4522 7422 4578 7421 4677 7423 4522 7422 4677 7423 4521 7424 4521 7424 4677 7423 4674 7425 4521 7424 4674 7425 4520 7426 4520 7426 4674 7425 4671 7427 4520 7426 4671 7427 4519 7428 4519 7428 4671 7427 4668 7429 4519 7428 4668 7429 4518 7430 4518 7430 4668 7429 4665 7431 4518 7430 4665 7431 4517 7432 4517 7432 4665 7431 4662 7433 4517 7432 4662 7433 4516 7434 4516 7434 4662 7433 4659 7435 4516 7434 4659 7435 4515 7436 4515 7436 4659 7435 4656 7437 4515 7436 4656 7437 4514 7438 4514 7438 4656 7437 4653 7439 4514 7438 4653 7439 4513 7440 4513 7440 4653 7439 4650 7441 4513 7440 4650 7441 4512 7442 4512 7442 4650 7441 4647 7443 4512 7442 4647 7443 4511 7444 4511 7444 4647 7443 4644 7445 4511 7444 4644 7445 4510 7446 4510 7446 4644 7445 4641 7447 4510 7446 4641 7447 4509 7448 4509 7448 4641 7447 4638 7449 4509 7448 4638 7449 4508 7450 4508 7450 4638 7449 4635 7451 4508 7450 4635 7451 4507 7452 4507 7452 4635 7451 4632 7453 4507 7452 4632 7453 4506 7454 4506 7454 4632 7453 4629 7455 4506 7454 4629 7455 4505 7456 4505 7456 4629 7455 4626 7457 4505 7456 4626 7457 4504 7458 4504 7458 4626 7457 4623 7459 4504 7458 4623 7459 4503 7460 4503 7460 4623 7459 4620 7461 4503 7460 4620 7461 4502 7462 4502 7462 4620 7461 4617 7463 4502 7462 4617 7463 4501 7464 4501 7464 4617 7463 4614 7465 4501 7464 4614 7465 4500 7466 4500 7466 4614 7465 4611 7467 4500 7466 4611 7467 4499 7468 4499 7468 4611 7467 4608 7469 4499 7468 4608 7469 4498 7470 4498 7470 4608 7469 4605 7471 4498 7470 4605 7471 4497 7472 4497 7472 4605 7471 4602 7473 4497 7472 4602 7473 4496 7474 4496 7474 4602 7473 4599 7475 4496 7474 4599 7475 4495 7476 4495 7476 4599 7475 4596 7477 4495 7476 4596 7477 4494 7478 4494 7478 4596 7477 4593 7479 4494 7478 4593 7479 4493 7480 4493 7480 4593 7479 4590 7481 4493 7480 4590 7481 4492 7482 4492 7482 4590 7481 4587 7483 4492 7482 4587 7483 4491 7396 4491 7396 4587 7483 4581 7397 4535 7484 4613 7485 4534 7486 4534 7486 4613 7485 4616 7487 4534 7486 4616 7487 4577 7488 4577 7488 4616 7487 4619 7489 4577 7488 4619 7489 4576 7490 4576 7490 4619 7489 4622 7491 4576 7490 4622 7491 4575 7492 4575 7492 4622 7491 4625 7493 4575 7492 4625 7493 4574 7494 4574 7494 4625 7493 4628 7495 4574 7494 4628 7495 4573 7496 4573 7496 4628 7495 4631 7497 4573 7496 4631 7497 4572 7498 4572 7498 4631 7497 4634 7499 4572 7498 4634 7499 4571 7500 4571 7500 4634 7499 4637 7501 4571 7500 4637 7501 4570 7502 4570 7502 4637 7501 4640 7503 4570 7502 4640 7503 4569 7504 4569 7504 4640 7503 4643 7505 4569 7504 4643 7505 4568 7506 4568 7506 4643 7505 4646 7507 4568 7506 4646 7507 4567 7508 4567 7508 4646 7507 4649 7509 4567 7508 4649 7509 4566 7510 4566 7510 4649 7509 4652 7511 4566 7510 4652 7511 4565 7512 4565 7512 4652 7511 4655 7513 4565 7512 4655 7513 4564 7514 4564 7514 4655 7513 4658 7515 4564 7514 4658 7515 4563 7516 4563 7516 4658 7515 4661 7517 4563 7516 4661 7517 4562 7518 4562 7518 4661 7517 4664 7519 4562 7518 4664 7519 4561 7520 4561 7520 4664 7519 4667 7521 4561 7520 4667 7521 4560 7522 4560 7522 4667 7521 4670 7523 4560 7522 4670 7523 4559 7524 4559 7524 4670 7523 4673 7525 4559 7524 4673 7525 4558 7526 4558 7526 4673 7525 4676 7527 4558 7526 4676 7527 4557 7528 4557 7528 4676 7527 4679 7529 4557 7528 4679 7529 4556 7530 4556 7530 4679 7529 4580 7531 4556 7530 4580 7531 4555 7532 4555 7532 4580 7531 4682 7533 4555 7532 4682 7533 4554 7534 4554 7534 4682 7533 4685 7535 4554 7534 4685 7535 4553 7536 4553 7536 4685 7535 4688 7537 4553 7536 4688 7537 4552 7538 4552 7538 4688 7537 4691 7539 4552 7538 4691 7539 4551 7540 4551 7540 4691 7539 4694 7541 4551 7540 4694 7541 4550 7542 4550 7542 4694 7541 4697 7543 4550 7542 4697 7543 4549 7544 4549 7544 4697 7543 4700 7545 4549 7544 4700 7545 4548 7546 4548 7546 4700 7545 4703 7547 4548 7546 4703 7547 4547 7548 4547 7548 4703 7547 4706 7549 4547 7548 4706 7549 4546 7550 4546 7550 4706 7549 4709 7551 4546 7550 4709 7551 4545 7552 4545 7552 4709 7551 4584 7553 4545 7552 4584 7553 4544 7554 4544 7554 4584 7553 4583 7555 4544 7554 4583 7555 4543 7556 4543 7556 4583 7555 4589 7557 4543 7556 4589 7557 4542 7558 4542 7558 4589 7557 4592 7559 4542 7558 4592 7559 4541 7560 4541 7560 4592 7559 4595 7561 4541 7560 4595 7561 4540 7562 4540 7562 4595 7561 4598 7563 4540 7562 4598 7563 4539 7564 4539 7564 4598 7563 4601 7565 4539 7564 4601 7565 4538 7566 4538 7566 4601 7565 4604 7567 4538 7566 4604 7567 4537 7568 4537 7568 4604 7567 4607 7569 4537 7568 4607 7569 4536 7570 4536 7570 4607 7569 4610 7571 4536 7570 4610 7571 4535 7484 4535 7484 4610 7571 4613 7485 4578 7421 4579 7572 4677 7423 4677 7423 4579 7572 4678 7573 4677 7423 4678 7573 4674 7425 4674 7425 4678 7573 4675 7574 4674 7425 4675 7574 4671 7427 4671 7427 4675 7574 4672 7575 4671 7427 4672 7575 4668 7429 4668 7429 4672 7575 4669 7576 4668 7429 4669 7576 4665 7431 4665 7431 4669 7576 4666 7577 4665 7431 4666 7577 4662 7433 4662 7433 4666 7577 4663 7578 4662 7433 4663 7578 4659 7435 4659 7435 4663 7578 4660 7579 4659 7435 4660 7579 4656 7437 4656 7437 4660 7579 4657 7580 4656 7437 4657 7580 4653 7439 4653 7439 4657 7580 4654 7581 4653 7439 4654 7581 4650 7441 4650 7441 4654 7581 4651 7582 4650 7441 4651 7582 4647 7443 4647 7443 4651 7582 4648 7583 4647 7443 4648 7583 4644 7445 4644 7445 4648 7583 4645 7584 4644 7445 4645 7584 4641 7447 4641 7447 4645 7584 4642 7585 4641 7447 4642 7585 4638 7449 4638 7449 4642 7585 4639 7586 4638 7449 4639 7586 4635 7451 4635 7451 4639 7586 4636 7587 4635 7451 4636 7587 4632 7453 4632 7453 4636 7587 4633 7588 4632 7453 4633 7588 4629 7455 4629 7455 4633 7588 4630 7589 4629 7455 4630 7589 4626 7457 4626 7457 4630 7589 4627 7590 4626 7457 4627 7590 4623 7459 4623 7459 4627 7590 4624 7591 4623 7459 4624 7591 4620 7461 4620 7461 4624 7591 4621 7592 4620 7461 4621 7592 4617 7463 4617 7463 4621 7592 4618 7593 4617 7463 4618 7593 4614 7465 4614 7465 4618 7593 4615 7594 4614 7465 4615 7594 4611 7467 4611 7467 4615 7594 4612 7595 4611 7467 4612 7595 4608 7469 4608 7469 4612 7595 4609 7596 4608 7469 4609 7596 4605 7471 4605 7471 4609 7596 4606 7597 4605 7471 4606 7597 4602 7473 4602 7473 4606 7597 4603 7598 4602 7473 4603 7598 4599 7475 4599 7475 4603 7598 4600 7599 4599 7475 4600 7599 4596 7477 4596 7477 4600 7599 4597 7600 4596 7477 4597 7600 4593 7479 4593 7479 4597 7600 4594 7601 4593 7479 4594 7601 4590 7481 4590 7481 4594 7601 4591 7602 4590 7481 4591 7602 4587 7483 4587 7483 4591 7602 4588 7603 4587 7483 4588 7603 4581 7397 4581 7397 4588 7603 4582 7604 4581 7397 4582 7604 4586 7399 4586 7399 4582 7604 4585 7605 4586 7399 4585 7605 4707 7401 4707 7401 4585 7605 4708 7606 4707 7401 4708 7606 4704 7403 4704 7403 4708 7606 4705 7607 4704 7403 4705 7607 4701 7405 4701 7405 4705 7607 4702 7608 4701 7405 4702 7608 4698 7407 4698 7407 4702 7608 4699 7609 4698 7407 4699 7609 4695 7409 4695 7409 4699 7609 4696 7610 4695 7409 4696 7610 4692 7411 4692 7411 4696 7610 4693 7611 4692 7411 4693 7611 4689 7413 4689 7413 4693 7611 4690 7612 4689 7413 4690 7612 4686 7415 4686 7415 4690 7612 4687 7613 4686 7415 4687 7613 4683 7417 4683 7417 4687 7613 4684 7614 4683 7417 4684 7614 4680 7419 4680 7419 4684 7614 4681 7615 4680 7419 4681 7615 4578 7421 4578 7421 4681 7615 4579 7572 4579 7572 4580 7531 4678 7573 4678 7573 4580 7531 4679 7529 4678 7573 4679 7529 4675 7574 4675 7574 4679 7529 4676 7527 4675 7574 4676 7527 4672 7575 4672 7575 4676 7527 4673 7525 4672 7575 4673 7525 4669 7576 4669 7576 4673 7525 4670 7523 4669 7576 4670 7523 4666 7577 4666 7577 4670 7523 4667 7521 4666 7577 4667 7521 4663 7578 4663 7578 4667 7521 4664 7519 4663 7578 4664 7519 4660 7579 4660 7579 4664 7519 4661 7517 4660 7579 4661 7517 4657 7580 4657 7580 4661 7517 4658 7515 4657 7580 4658 7515 4654 7581 4654 7581 4658 7515 4655 7513 4654 7581 4655 7513 4651 7582 4651 7582 4655 7513 4652 7511 4651 7582 4652 7511 4648 7583 4648 7583 4652 7511 4649 7509 4648 7583 4649 7509 4645 7584 4645 7584 4649 7509 4646 7507 4645 7584 4646 7507 4642 7585 4642 7585 4646 7507 4643 7505 4642 7585 4643 7505 4639 7586 4639 7586 4643 7505 4640 7503 4639 7586 4640 7503 4636 7587 4636 7587 4640 7503 4637 7501 4636 7587 4637 7501 4633 7588 4633 7588 4637 7501 4634 7499 4633 7588 4634 7499 4630 7589 4630 7589 4634 7499 4631 7497 4630 7589 4631 7497 4627 7590 4627 7590 4631 7497 4628 7495 4627 7590 4628 7495 4624 7591 4624 7591 4628 7495 4625 7493 4624 7591 4625 7493 4621 7592 4621 7592 4625 7493 4622 7491 4621 7592 4622 7491 4618 7593 4618 7593 4622 7491 4619 7489 4618 7593 4619 7489 4615 7594 4615 7594 4619 7489 4616 7487 4615 7594 4616 7487 4612 7595 4612 7595 4616 7487 4613 7485 4612 7595 4613 7485 4609 7596 4609 7596 4613 7485 4610 7571 4609 7596 4610 7571 4606 7597 4606 7597 4610 7571 4607 7569 4606 7597 4607 7569 4603 7598 4603 7598 4607 7569 4604 7567 4603 7598 4604 7567 4600 7599 4600 7599 4604 7567 4601 7565 4600 7599 4601 7565 4597 7600 4597 7600 4601 7565 4598 7563 4597 7600 4598 7563 4594 7601 4594 7601 4598 7563 4595 7561 4594 7601 4595 7561 4591 7602 4591 7602 4595 7561 4592 7559 4591 7602 4592 7559 4588 7603 4588 7603 4592 7559 4589 7557 4588 7603 4589 7557 4582 7604 4582 7604 4589 7557 4583 7555 4582 7604 4583 7555 4585 7605 4585 7605 4583 7555 4584 7553 4585 7605 4584 7553 4708 7606 4708 7606 4584 7553 4709 7551 4708 7606 4709 7551 4705 7607 4705 7607 4709 7551 4706 7549 4705 7607 4706 7549 4702 7608 4702 7608 4706 7549 4703 7547 4702 7608 4703 7547 4699 7609 4699 7609 4703 7547 4700 7545 4699 7609 4700 7545 4696 7610 4696 7610 4700 7545 4697 7543 4696 7610 4697 7543 4693 7611 4693 7611 4697 7543 4694 7541 4693 7611 4694 7541 4690 7612 4690 7612 4694 7541 4691 7539 4690 7612 4691 7539 4687 7613 4687 7613 4691 7539 4688 7537 4687 7613 4688 7537 4684 7614 4684 7614 4688 7537 4685 7535 4684 7614 4685 7535 4681 7615 4681 7615 4685 7535 4682 7533 4681 7615 4682 7533 4579 7572 4579 7572 4682 7533 4580 7531 3529 5669 4715 7616 3480 5367 3480 5367 4715 7616 4724 7617 3480 5367 4724 7617 3481 5593 3481 5593 4724 7617 4980 7618 3481 5593 4980 7618 3482 5594 3482 5594 4980 7618 4975 7619 3482 5594 4975 7619 3483 5596 3483 5596 4975 7619 4970 7620 3483 5596 4970 7620 3484 5598 3484 5598 4970 7620 4960 7621 3484 5598 4960 7621 3485 5600 3485 5600 4960 7621 4969 7622 3485 5600 4969 7622 4955 7623 4955 7623 4969 7622 4968 7624 4955 7623 4968 7624 4956 7625 4956 7625 4968 7624 4967 7626 4956 7625 4967 7626 4957 7627 4957 7627 4967 7626 4966 7628 4957 7627 4966 7628 4958 7629 4958 7629 4966 7628 4965 7630 4958 7629 4965 7630 4959 7631 4959 7631 4965 7630 4529 7408 4959 7631 4529 7408 4528 7410 4715 7616 3529 5669 4725 7632 4725 7632 3529 5669 3528 5667 4725 7632 3528 5667 4730 7633 4730 7633 3528 5667 3527 5665 4730 7633 3527 5665 4735 7634 4735 7634 3527 5665 3526 5663 4735 7634 3526 5663 4740 7635 4740 7635 3526 5663 3525 5661 4740 7635 3525 5661 4754 7636 4754 7636 3525 5661 4745 7637 4754 7636 4745 7637 4746 7638 4746 7638 4745 7637 4756 7639 4746 7638 4756 7639 4757 7640 4757 7640 4756 7639 4762 7641 4757 7640 4762 7641 4763 7642 4763 7642 4762 7641 4768 7643 4763 7642 4768 7643 4769 7644 4769 7644 4768 7643 4774 7645 4769 7644 4774 7645 4498 7470 4498 7470 4774 7645 4499 7468 4499 7468 4774 7645 4779 7646 4499 7468 4779 7646 4500 7466 4500 7466 4779 7646 4784 7647 4500 7466 4784 7647 4789 7648 4789 7648 4784 7647 4783 7649 4789 7648 4783 7649 4788 7650 4788 7650 4783 7649 4782 7651 4788 7650 4782 7651 4787 7652 4787 7652 4782 7651 4781 7653 4787 7652 4781 7653 4786 7654 4786 7654 4781 7653 4780 7655 4786 7654 4780 7655 4785 7656 4785 7656 4780 7655 3518 5424 4785 7656 3518 5424 3517 5425 3525 5661 3524 5658 4745 7637 4745 7637 3524 5658 4755 7657 4745 7637 4755 7657 4756 7639 4756 7639 4755 7657 4761 7658 4756 7639 4761 7658 4762 7641 4762 7641 4761 7658 4767 7659 4762 7641 4767 7659 4768 7643 4768 7643 4767 7659 4773 7660 4768 7643 4773 7660 4774 7645 4774 7645 4773 7660 4779 7646 3524 5658 3523 5656 4755 7657 4755 7657 3523 5656 4760 7661 4755 7657 4760 7661 4761 7658 4761 7658 4760 7661 4766 7662 4761 7658 4766 7662 4767 7659 4767 7659 4766 7662 4772 7663 4767 7659 4772 7663 4773 7660 4773 7660 4772 7663 4778 7664 4773 7660 4778 7664 4779 7646 4779 7646 4778 7664 4784 7647 3523 5656 3522 5654 4760 7661 4760 7661 3522 5654 4765 7665 4760 7661 4765 7665 4766 7662 4766 7662 4765 7665 4771 7666 4766 7662 4771 7666 4772 7663 4772 7663 4771 7666 4777 7667 4772 7663 4777 7667 4778 7664 4778 7664 4777 7667 4783 7649 4778 7664 4783 7649 4784 7647 3522 5654 3521 5652 4765 7665 4765 7665 3521 5652 4770 7668 4765 7665 4770 7668 4771 7666 4771 7666 4770 7668 4776 7669 4771 7666 4776 7669 4777 7667 4777 7667 4776 7669 4782 7651 4777 7667 4782 7651 4783 7649 3521 5652 3520 5650 4770 7668 4770 7668 3520 5650 4775 7670 4770 7668 4775 7670 4776 7669 4776 7669 4775 7670 4781 7653 4776 7669 4781 7653 4782 7651 3520 5650 3519 5648 4775 7670 4775 7670 3519 5648 4780 7655 4775 7670 4780 7655 4781 7653 3519 5648 3518 5424 4780 7655 4785 7656 3517 5425 4790 7671 4790 7671 3517 5425 3516 5427 4790 7671 3516 5427 4795 7672 4795 7672 3516 5427 3515 5429 4795 7672 3515 5429 4809 7673 4809 7673 3515 5429 4800 7674 4809 7673 4800 7674 4801 7675 4801 7675 4800 7674 4811 7676 4801 7675 4811 7676 4812 7677 4812 7677 4811 7676 4817 7678 4812 7677 4817 7678 4818 7679 4818 7679 4817 7678 4823 7680 4818 7679 4823 7680 4824 7681 4824 7681 4823 7680 4829 7682 4824 7681 4829 7682 4507 7452 4507 7452 4829 7682 4508 7450 4508 7450 4829 7682 4834 7683 4508 7450 4834 7683 4839 7684 4839 7684 4834 7683 4833 7685 4839 7684 4833 7685 4838 7686 4838 7686 4833 7685 4832 7687 4838 7686 4832 7687 4837 7688 4837 7688 4832 7687 4831 7689 4837 7688 4831 7689 4836 7690 4836 7690 4831 7689 4830 7691 4836 7690 4830 7691 4835 7692 4835 7692 4830 7691 3509 5644 4835 7692 3509 5644 3508 5642 3515 5429 3514 5431 4800 7674 4800 7674 3514 5431 4810 7693 4800 7674 4810 7693 4811 7676 4811 7676 4810 7693 4816 7694 4811 7676 4816 7694 4817 7678 4817 7678 4816 7694 4822 7695 4817 7678 4822 7695 4823 7680 4823 7680 4822 7695 4828 7696 4823 7680 4828 7696 4829 7682 4829 7682 4828 7696 4834 7683 3514 5431 3513 5433 4810 7693 4810 7693 3513 5433 4815 7697 4810 7693 4815 7697 4816 7694 4816 7694 4815 7697 4821 7698 4816 7694 4821 7698 4822 7695 4822 7695 4821 7698 4827 7699 4822 7695 4827 7699 4828 7696 4828 7696 4827 7699 4833 7685 4828 7696 4833 7685 4834 7683 3513 5433 3512 5435 4815 7697 4815 7697 3512 5435 4820 7700 4815 7697 4820 7700 4821 7698 4821 7698 4820 7700 4826 7701 4821 7698 4826 7701 4827 7699 4827 7699 4826 7701 4832 7687 4827 7699 4832 7687 4833 7685 3512 5435 3511 5437 4820 7700 4820 7700 3511 5437 4825 7702 4820 7700 4825 7702 4826 7701 4826 7701 4825 7702 4831 7689 4826 7701 4831 7689 4832 7687 3511 5437 3510 5646 4825 7702 4825 7702 3510 5646 4830 7691 4825 7702 4830 7691 4831 7689 3510 5646 3509 5644 4830 7691 4835 7692 3508 5642 4840 7703 4840 7703 3508 5642 3507 5640 4840 7703 3507 5640 4845 7704 4845 7704 3507 5640 3506 5639 4845 7704 3506 5639 4850 7705 4850 7705 3506 5639 3505 5486 4850 7705 3505 5486 4710 7706 4710 7706 3505 5486 4855 7707 4710 7706 4855 7707 4856 7708 4856 7708 4855 7707 4861 7709 4856 7708 4861 7709 4862 7710 4862 7710 4861 7709 4867 7711 4862 7710 4867 7711 4868 7712 4868 7712 4867 7711 4873 7713 4868 7712 4873 7713 4874 7714 4874 7714 4873 7713 4879 7715 4874 7714 4879 7715 4516 7434 4516 7434 4879 7715 4884 7716 4516 7434 4884 7716 4517 7432 4517 7432 4884 7716 4889 7717 4517 7432 4889 7717 4518 7430 4518 7430 4889 7717 4894 7718 4518 7430 4894 7718 4519 7428 4519 7428 4894 7718 4899 7719 4519 7428 4899 7719 4520 7426 4520 7426 4899 7719 4904 7720 4520 7426 4904 7720 4910 7721 4910 7721 4904 7720 4903 7722 4910 7721 4903 7722 4911 7723 4911 7723 4903 7722 4902 7724 4911 7723 4902 7724 4912 7725 4912 7725 4902 7724 4901 7726 4912 7725 4901 7726 4913 7727 4913 7727 4901 7726 4900 7728 4913 7727 4900 7728 4914 7729 4914 7729 4900 7728 3495 5618 4914 7729 3495 5618 4905 7730 4905 7730 3495 5618 3494 5616 4905 7730 3494 5616 4915 7731 4915 7731 3494 5616 3493 5538 4915 7731 3493 5538 4920 7732 4920 7732 3493 5538 3492 5540 4920 7732 3492 5540 4925 7733 4925 7733 3492 5540 3491 5614 4925 7733 3491 5614 4930 7734 4930 7734 3491 5614 3490 5612 4930 7734 3490 5612 4935 7735 4935 7735 3490 5612 3489 5610 4935 7735 3489 5610 4940 7736 4940 7736 3489 5610 3488 5608 4940 7736 3488 5608 4945 7737 4945 7737 3488 5608 3487 5606 4945 7737 3487 5606 4950 7738 4950 7738 3487 5606 3486 5602 4950 7738 3486 5602 4955 7623 4955 7623 3486 5602 3485 5600 3505 5486 3504 5637 4855 7707 4855 7707 3504 5637 4860 7739 4855 7707 4860 7739 4861 7709 4861 7709 4860 7739 4866 7740 4861 7709 4866 7740 4867 7711 4867 7711 4866 7740 4872 7741 4867 7711 4872 7741 4873 7713 4873 7713 4872 7741 4878 7742 4873 7713 4878 7742 4879 7715 4879 7715 4878 7742 4884 7716 3504 5637 3503 5635 4860 7739 4860 7739 3503 5635 4865 7743 4860 7739 4865 7743 4866 7740 4866 7740 4865 7743 4871 7744 4866 7740 4871 7744 4872 7741 4872 7741 4871 7744 4877 7745 4872 7741 4877 7745 4878 7742 4878 7742 4877 7745 4883 7746 4878 7742 4883 7746 4884 7716 4884 7716 4883 7746 4889 7717 3503 5635 3502 5633 4865 7743 4865 7743 3502 5633 4870 7747 4865 7743 4870 7747 4871 7744 4871 7744 4870 7747 4876 7748 4871 7744 4876 7748 4877 7745 4877 7745 4876 7748 4882 7749 4877 7745 4882 7749 4883 7746 4883 7746 4882 7749 4888 7750 4883 7746 4888 7750 4889 7717 4889 7717 4888 7750 4894 7718 3502 5633 3501 5631 4870 7747 4870 7747 3501 5631 4875 7751 4870 7747 4875 7751 4876 7748 4876 7748 4875 7751 4881 7752 4876 7748 4881 7752 4882 7749 4882 7749 4881 7752 4887 7753 4882 7749 4887 7753 4888 7750 4888 7750 4887 7753 4893 7754 4888 7750 4893 7754 4894 7718 4894 7718 4893 7754 4899 7719 3501 5631 3500 5629 4875 7751 4875 7751 3500 5629 4880 7755 4875 7751 4880 7755 4881 7752 4881 7752 4880 7755 4886 7756 4881 7752 4886 7756 4887 7753 4887 7753 4886 7756 4892 7757 4887 7753 4892 7757 4893 7754 4893 7754 4892 7757 4898 7758 4893 7754 4898 7758 4899 7719 4899 7719 4898 7758 4904 7720 3500 5629 3499 5626 4880 7755 4880 7755 3499 5626 4885 7759 4880 7755 4885 7759 4886 7756 4886 7756 4885 7759 4891 7760 4886 7756 4891 7760 4892 7757 4892 7757 4891 7760 4897 7761 4892 7757 4897 7761 4898 7758 4898 7758 4897 7761 4903 7722 4898 7758 4903 7722 4904 7720 3499 5626 3498 5624 4885 7759 4885 7759 3498 5624 4890 7762 4885 7759 4890 7762 4891 7760 4891 7760 4890 7762 4896 7763 4891 7760 4896 7763 4897 7761 4897 7761 4896 7763 4902 7724 4897 7761 4902 7724 4903 7722 3498 5624 3497 5622 4890 7762 4890 7762 3497 5622 4895 7764 4890 7762 4895 7764 4896 7763 4896 7763 4895 7764 4901 7726 4896 7763 4901 7726 4902 7724 3497 5622 3496 5620 4895 7764 4895 7764 3496 5620 4900 7728 4895 7764 4900 7728 4901 7726 3496 5620 3495 5618 4900 7728 4533 7400 4720 7765 4490 7398 4490 7398 4720 7765 4719 7766 4490 7398 4719 7766 4491 7396 4491 7396 4719 7766 4729 7767 4491 7396 4729 7767 4492 7482 4492 7482 4729 7767 4734 7768 4492 7482 4734 7768 4739 7769 4739 7769 4734 7768 4733 7770 4739 7769 4733 7770 4738 7771 4738 7771 4733 7770 4732 7772 4738 7771 4732 7772 4737 7773 4737 7773 4732 7772 4731 7774 4737 7773 4731 7774 4736 7775 4736 7775 4731 7774 4730 7633 4736 7775 4730 7633 4735 7634 4720 7765 4533 7400 4984 7776 4984 7776 4533 7400 4532 7402 4984 7776 4532 7402 4979 7777 4979 7777 4532 7402 4974 7778 4979 7777 4974 7778 4973 7779 4973 7779 4974 7778 4963 7780 4973 7779 4963 7780 4962 7781 4962 7781 4963 7780 4967 7626 4962 7781 4967 7626 4968 7624 4532 7402 4531 7404 4974 7778 4974 7778 4531 7404 4964 7782 4974 7778 4964 7782 4963 7780 4963 7780 4964 7782 4966 7628 4963 7780 4966 7628 4967 7626 4531 7404 4530 7406 4964 7782 4964 7782 4530 7406 4965 7630 4964 7782 4965 7630 4966 7628 4530 7406 4529 7408 4965 7630 4527 7412 4949 7783 4528 7410 4528 7410 4949 7783 4954 7784 4528 7410 4954 7784 4959 7631 4959 7631 4954 7784 4953 7785 4959 7631 4953 7785 4958 7629 4958 7629 4953 7785 4952 7786 4958 7629 4952 7786 4957 7627 4957 7627 4952 7786 4951 7787 4957 7627 4951 7787 4956 7625 4956 7625 4951 7787 4950 7738 4956 7625 4950 7738 4955 7623 4949 7783 4527 7412 4944 7788 4944 7788 4527 7412 4526 7414 4944 7788 4526 7414 4939 7789 4939 7789 4526 7414 4525 7416 4939 7789 4525 7416 4934 7790 4934 7790 4525 7416 4524 7418 4934 7790 4524 7418 4929 7791 4929 7791 4524 7418 4924 7792 4929 7791 4924 7792 4923 7793 4923 7793 4924 7792 4918 7794 4923 7793 4918 7794 4917 7795 4917 7795 4918 7794 4907 7796 4917 7795 4907 7796 4906 7797 4906 7797 4907 7796 4913 7727 4906 7797 4913 7727 4914 7729 4524 7418 4523 7420 4924 7792 4924 7792 4523 7420 4919 7798 4924 7792 4919 7798 4918 7794 4918 7794 4919 7798 4908 7799 4918 7794 4908 7799 4907 7796 4907 7796 4908 7799 4912 7725 4907 7796 4912 7725 4913 7727 4523 7420 4522 7422 4919 7798 4919 7798 4522 7422 4909 7800 4919 7798 4909 7800 4908 7799 4908 7799 4909 7800 4911 7723 4908 7799 4911 7723 4912 7725 4522 7422 4521 7424 4909 7800 4909 7800 4521 7424 4910 7721 4909 7800 4910 7721 4911 7723 4521 7424 4520 7426 4910 7721 4516 7434 4515 7436 4874 7714 4874 7714 4515 7436 4869 7801 4874 7714 4869 7801 4868 7712 4868 7712 4869 7801 4863 7802 4868 7712 4863 7802 4862 7710 4862 7710 4863 7802 4857 7803 4862 7710 4857 7803 4856 7708 4856 7708 4857 7803 4711 7804 4856 7708 4711 7804 4710 7706 4710 7706 4711 7804 4850 7705 4515 7436 4514 7438 4869 7801 4869 7801 4514 7438 4864 7805 4869 7801 4864 7805 4863 7802 4863 7802 4864 7805 4858 7806 4863 7802 4858 7806 4857 7803 4857 7803 4858 7806 4712 7807 4857 7803 4712 7807 4711 7804 4711 7804 4712 7807 4851 7808 4711 7804 4851 7808 4850 7705 4850 7705 4851 7808 4845 7704 4514 7438 4513 7440 4864 7805 4864 7805 4513 7440 4859 7809 4864 7805 4859 7809 4858 7806 4858 7806 4859 7809 4713 7810 4858 7806 4713 7810 4712 7807 4712 7807 4713 7810 4852 7811 4712 7807 4852 7811 4851 7808 4851 7808 4852 7811 4846 7812 4851 7808 4846 7812 4845 7704 4845 7704 4846 7812 4840 7703 4513 7440 4512 7442 4859 7809 4859 7809 4512 7442 4714 7813 4859 7809 4714 7813 4713 7810 4713 7810 4714 7813 4853 7814 4713 7810 4853 7814 4852 7811 4852 7811 4853 7814 4847 7815 4852 7811 4847 7815 4846 7812 4846 7812 4847 7815 4841 7816 4846 7812 4841 7816 4840 7703 4840 7703 4841 7816 4835 7692 4714 7813 4512 7442 4854 7817 4854 7817 4512 7442 4511 7444 4854 7817 4511 7444 4849 7818 4849 7818 4511 7444 4510 7446 4849 7818 4510 7446 4844 7819 4844 7819 4510 7446 4509 7448 4844 7819 4509 7448 4839 7684 4839 7684 4509 7448 4508 7450 4507 7452 4506 7454 4824 7681 4824 7681 4506 7454 4819 7820 4824 7681 4819 7820 4818 7679 4818 7679 4819 7820 4813 7821 4818 7679 4813 7821 4812 7677 4812 7677 4813 7821 4802 7822 4812 7677 4802 7822 4801 7675 4801 7675 4802 7822 4808 7823 4801 7675 4808 7823 4809 7673 4809 7673 4808 7823 4795 7672 4506 7454 4505 7456 4819 7820 4819 7820 4505 7456 4814 7824 4819 7820 4814 7824 4813 7821 4813 7821 4814 7824 4803 7825 4813 7821 4803 7825 4802 7822 4802 7822 4803 7825 4807 7826 4802 7822 4807 7826 4808 7823 4808 7823 4807 7826 4796 7827 4808 7823 4796 7827 4795 7672 4795 7672 4796 7827 4790 7671 4505 7456 4504 7458 4814 7824 4814 7824 4504 7458 4804 7828 4814 7824 4804 7828 4803 7825 4803 7825 4804 7828 4806 7829 4803 7825 4806 7829 4807 7826 4807 7826 4806 7829 4797 7830 4807 7826 4797 7830 4796 7827 4796 7827 4797 7830 4791 7831 4796 7827 4791 7831 4790 7671 4790 7671 4791 7831 4785 7656 4804 7828 4504 7458 4805 7832 4805 7832 4504 7458 4503 7460 4805 7832 4503 7460 4799 7833 4799 7833 4503 7460 4502 7462 4799 7833 4502 7462 4794 7834 4794 7834 4502 7462 4501 7464 4794 7834 4501 7464 4789 7648 4789 7648 4501 7464 4500 7466 4498 7470 4497 7472 4769 7644 4769 7644 4497 7472 4764 7835 4769 7644 4764 7835 4763 7642 4763 7642 4764 7835 4758 7836 4763 7642 4758 7836 4757 7640 4757 7640 4758 7836 4747 7837 4757 7640 4747 7837 4746 7638 4746 7638 4747 7837 4753 7838 4746 7638 4753 7838 4754 7636 4754 7636 4753 7838 4740 7635 4497 7472 4496 7474 4764 7835 4764 7835 4496 7474 4759 7839 4764 7835 4759 7839 4758 7836 4758 7836 4759 7839 4748 7840 4758 7836 4748 7840 4747 7837 4747 7837 4748 7840 4752 7841 4747 7837 4752 7841 4753 7838 4753 7838 4752 7841 4741 7842 4753 7838 4741 7842 4740 7635 4740 7635 4741 7842 4735 7634 4759 7839 4496 7474 4749 7843 4749 7843 4496 7474 4495 7476 4749 7843 4495 7476 4750 7844 4750 7844 4495 7476 4494 7478 4750 7844 4494 7478 4744 7845 4744 7845 4494 7478 4493 7480 4744 7845 4493 7480 4739 7769 4739 7769 4493 7480 4492 7482 4853 7814 4714 7813 4854 7817 4715 7616 4716 7846 4724 7617 4724 7617 4716 7846 4723 7847 4724 7617 4723 7847 4980 7618 4980 7618 4723 7847 4981 7848 4980 7618 4981 7848 4975 7619 4975 7619 4981 7848 4976 7849 4975 7619 4976 7849 4970 7620 4970 7620 4976 7849 4971 7850 4970 7620 4971 7850 4960 7621 4960 7621 4971 7850 4961 7851 4960 7621 4961 7851 4969 7622 4969 7622 4961 7851 4968 7624 4716 7846 4717 7852 4723 7847 4723 7847 4717 7852 4722 7853 4723 7847 4722 7853 4981 7848 4981 7848 4722 7853 4982 7854 4981 7848 4982 7854 4976 7849 4976 7849 4982 7854 4977 7855 4976 7849 4977 7855 4971 7850 4971 7850 4977 7855 4972 7856 4971 7850 4972 7856 4961 7851 4961 7851 4972 7856 4962 7781 4961 7851 4962 7781 4968 7624 4716 7846 4715 7616 4726 7857 4726 7857 4715 7616 4725 7632 4726 7857 4725 7632 4731 7774 4731 7774 4725 7632 4730 7633 4717 7852 4718 7858 4722 7853 4722 7853 4718 7858 4721 7859 4722 7853 4721 7859 4982 7854 4982 7854 4721 7859 4983 7860 4982 7854 4983 7860 4977 7855 4977 7855 4983 7860 4978 7861 4977 7855 4978 7861 4972 7856 4972 7856 4978 7861 4973 7779 4972 7856 4973 7779 4962 7781 4717 7852 4716 7846 4727 7862 4727 7862 4716 7846 4726 7857 4727 7862 4726 7857 4732 7772 4732 7772 4726 7857 4731 7774 4718 7858 4719 7766 4721 7859 4721 7859 4719 7766 4720 7765 4721 7859 4720 7765 4983 7860 4983 7860 4720 7765 4984 7776 4983 7860 4984 7776 4978 7861 4978 7861 4984 7776 4979 7777 4978 7861 4979 7777 4973 7779 4718 7858 4717 7852 4728 7863 4728 7863 4717 7852 4727 7862 4728 7863 4727 7862 4733 7770 4733 7770 4727 7862 4732 7772 4719 7766 4718 7858 4729 7767 4729 7767 4718 7858 4728 7863 4729 7767 4728 7863 4734 7768 4734 7768 4728 7863 4733 7770 4735 7634 4741 7842 4736 7775 4736 7775 4741 7842 4742 7864 4736 7775 4742 7864 4737 7773 4737 7773 4742 7864 4743 7865 4737 7773 4743 7865 4738 7771 4738 7771 4743 7865 4744 7845 4738 7771 4744 7845 4739 7769 4741 7842 4752 7841 4742 7864 4742 7864 4752 7841 4751 7866 4742 7864 4751 7866 4743 7865 4743 7865 4751 7866 4750 7844 4743 7865 4750 7844 4744 7845 4751 7866 4752 7841 4748 7840 4750 7844 4751 7866 4749 7843 4749 7843 4751 7866 4748 7840 4749 7843 4748 7840 4759 7839 4785 7656 4791 7831 4786 7654 4786 7654 4791 7831 4792 7867 4786 7654 4792 7867 4787 7652 4787 7652 4792 7867 4793 7868 4787 7652 4793 7868 4788 7650 4788 7650 4793 7868 4794 7834 4788 7650 4794 7834 4789 7648 4791 7831 4797 7830 4792 7867 4792 7867 4797 7830 4798 7869 4792 7867 4798 7869 4793 7868 4793 7868 4798 7869 4799 7833 4793 7868 4799 7833 4794 7834 4805 7832 4799 7833 4798 7869 4805 7832 4798 7869 4806 7829 4806 7829 4798 7869 4797 7830 4805 7832 4806 7829 4804 7828 4835 7692 4841 7816 4836 7690 4836 7690 4841 7816 4842 7870 4836 7690 4842 7870 4837 7688 4837 7688 4842 7870 4843 7871 4837 7688 4843 7871 4838 7686 4838 7686 4843 7871 4844 7819 4838 7686 4844 7819 4839 7684 4841 7816 4847 7815 4842 7870 4842 7870 4847 7815 4848 7872 4842 7870 4848 7872 4843 7871 4843 7871 4848 7872 4849 7818 4843 7871 4849 7818 4844 7819 4854 7817 4849 7818 4848 7872 4854 7817 4848 7872 4853 7814 4853 7814 4848 7872 4847 7815 4914 7729 4905 7730 4906 7797 4906 7797 4905 7730 4916 7873 4906 7797 4916 7873 4917 7795 4917 7795 4916 7873 4922 7874 4917 7795 4922 7874 4923 7793 4923 7793 4922 7874 4928 7875 4923 7793 4928 7875 4929 7791 4929 7791 4928 7875 4934 7790 4905 7730 4915 7731 4916 7873 4916 7873 4915 7731 4921 7876 4916 7873 4921 7876 4922 7874 4922 7874 4921 7876 4927 7877 4922 7874 4927 7877 4928 7875 4928 7875 4927 7877 4933 7878 4928 7875 4933 7878 4934 7790 4934 7790 4933 7878 4939 7789 4915 7731 4920 7732 4921 7876 4921 7876 4920 7732 4926 7879 4921 7876 4926 7879 4927 7877 4927 7877 4926 7879 4932 7880 4927 7877 4932 7880 4933 7878 4933 7878 4932 7880 4938 7881 4933 7878 4938 7881 4939 7789 4939 7789 4938 7881 4944 7788 4920 7732 4925 7733 4926 7879 4926 7879 4925 7733 4931 7882 4926 7879 4931 7882 4932 7880 4932 7880 4931 7882 4937 7883 4932 7880 4937 7883 4938 7881 4938 7881 4937 7883 4943 7884 4938 7881 4943 7884 4944 7788 4944 7788 4943 7884 4949 7783 4925 7733 4930 7734 4931 7882 4931 7882 4930 7734 4936 7885 4931 7882 4936 7885 4937 7883 4937 7883 4936 7885 4942 7886 4937 7883 4942 7886 4943 7884 4943 7884 4942 7886 4948 7887 4943 7884 4948 7887 4949 7783 4949 7783 4948 7887 4954 7784 4930 7734 4935 7735 4936 7885 4936 7885 4935 7735 4941 7888 4936 7885 4941 7888 4942 7886 4942 7886 4941 7888 4947 7889 4942 7886 4947 7889 4948 7887 4948 7887 4947 7889 4953 7785 4948 7887 4953 7785 4954 7784 4935 7735 4940 7736 4941 7888 4941 7888 4940 7736 4946 7890 4941 7888 4946 7890 4947 7889 4947 7889 4946 7890 4952 7786 4947 7889 4952 7786 4953 7785 4940 7736 4945 7737 4946 7890 4946 7890 4945 7737 4951 7787 4946 7890 4951 7787 4952 7786 4950 7738 4951 7787 4945 7737 4577 7488 4995 7891 4534 7486 4534 7486 4995 7891 5004 7892 4534 7486 5004 7892 4535 7484 4535 7484 5004 7892 5259 7893 4535 7484 5259 7893 5251 7894 5251 7894 5259 7893 5258 7895 5251 7894 5258 7895 5252 7896 5252 7896 5258 7895 5257 7897 5252 7896 5257 7897 5253 7898 5253 7898 5257 7897 5256 7899 5253 7898 5256 7899 5254 7900 5254 7900 5256 7899 5255 7901 5254 7900 5255 7901 4991 7902 4991 7902 5255 7901 3139 4961 4991 7902 3139 4961 3138 4960 4995 7891 4577 7488 5005 7903 5005 7903 4577 7488 4576 7490 5005 7903 4576 7490 5010 7904 5010 7904 4576 7490 4575 7492 5010 7904 4575 7492 5024 7905 5024 7905 4575 7492 5015 7906 5024 7905 5015 7906 5016 7907 5016 7907 5015 7906 5026 7908 5016 7907 5026 7908 5027 7909 5027 7909 5026 7908 5032 7910 5027 7909 5032 7910 5033 7911 5033 7911 5032 7910 5038 7912 5033 7911 5038 7912 5039 7913 5039 7913 5038 7912 4990 7914 5039 7913 4990 7914 3098 4872 3098 4872 4990 7914 3099 4869 3099 4869 4990 7914 5044 7915 3099 4869 5044 7915 3100 4866 3100 4866 5044 7915 5053 7916 3100 4866 5053 7916 3101 4863 3101 4863 5053 7916 5058 7917 3101 4863 5058 7917 3102 4860 3102 4860 5058 7917 5063 7918 3102 4860 5063 7918 3103 4858 3103 4858 5063 7918 4989 7919 3103 4858 4989 7919 3104 4855 3104 4855 4989 7919 5068 7920 3104 4855 5068 7920 3105 4852 3105 4852 5068 7920 5073 7921 3105 4852 5073 7921 3106 4849 3106 4849 5073 7921 5078 7922 3106 4849 5078 7922 3107 4850 3107 4850 5078 7922 5083 7923 3107 4850 5083 7923 3108 4851 3108 4851 5083 7923 5088 7924 3108 4851 5088 7924 4994 7925 4994 7925 5088 7924 5089 7926 4994 7925 5089 7926 5087 7927 5087 7927 5089 7926 5090 7928 5087 7927 5090 7928 5086 7929 5086 7929 5090 7928 5091 7930 5086 7929 5091 7930 5085 7931 5085 7931 5091 7930 5092 7932 5085 7931 5092 7932 5084 7933 5084 7933 5092 7932 4563 7516 5084 7933 4563 7516 4562 7518 4575 7492 4574 7494 5015 7906 5015 7906 4574 7494 5025 7934 5015 7906 5025 7934 5026 7908 5026 7908 5025 7934 5031 7935 5026 7908 5031 7935 5032 7910 5032 7910 5031 7935 5037 7936 5032 7910 5037 7936 5038 7912 5038 7912 5037 7936 5045 7937 5038 7912 5045 7937 4990 7914 4990 7914 5045 7937 5044 7915 4574 7494 4573 7496 5025 7934 5025 7934 4573 7496 5030 7938 5025 7934 5030 7938 5031 7935 5031 7935 5030 7938 5036 7939 5031 7935 5036 7939 5037 7936 5037 7936 5036 7939 5046 7940 5037 7936 5046 7940 5045 7937 5045 7937 5046 7940 5043 7941 5045 7937 5043 7941 5044 7915 5044 7915 5043 7941 5053 7916 4573 7496 4572 7498 5030 7938 5030 7938 4572 7498 5035 7942 5030 7938 5035 7942 5036 7939 5036 7939 5035 7942 5047 7943 5036 7939 5047 7943 5046 7940 5046 7940 5047 7943 5042 7944 5046 7940 5042 7944 5043 7941 5043 7941 5042 7944 5052 7945 5043 7941 5052 7945 5053 7916 5053 7916 5052 7945 5058 7917 4572 7498 4571 7500 5035 7942 5035 7942 4571 7500 5048 7946 5035 7942 5048 7946 5047 7943 5047 7943 5048 7946 5041 7947 5047 7943 5041 7947 5042 7944 5042 7944 5041 7947 5051 7948 5042 7944 5051 7948 5052 7945 5052 7945 5051 7948 5057 7949 5052 7945 5057 7949 5058 7917 5058 7917 5057 7949 5063 7918 5048 7946 4571 7500 5040 7950 5040 7950 4571 7500 4570 7502 5040 7950 4570 7502 5049 7951 5049 7951 4570 7502 4569 7504 5049 7951 4569 7504 5054 7952 5054 7952 4569 7504 4568 7506 5054 7952 4568 7506 5059 7953 5059 7953 4568 7506 4567 7508 5059 7953 4567 7508 4985 7954 4985 7954 4567 7508 5064 7955 4985 7954 5064 7955 5065 7956 5065 7956 5064 7955 5070 7957 5065 7956 5070 7957 5071 7958 5071 7958 5070 7957 5076 7959 5071 7958 5076 7959 5077 7960 5077 7960 5076 7959 5082 7961 5077 7960 5082 7961 5083 7923 5083 7923 5082 7961 5088 7924 4567 7508 4566 7510 5064 7955 5064 7955 4566 7510 5069 7962 5064 7955 5069 7962 5070 7957 5070 7957 5069 7962 5075 7963 5070 7957 5075 7963 5076 7959 5076 7959 5075 7963 5081 7964 5076 7959 5081 7964 5082 7961 5082 7961 5081 7964 5089 7926 5082 7961 5089 7926 5088 7924 4566 7510 4565 7512 5069 7962 5069 7962 4565 7512 5074 7965 5069 7962 5074 7965 5075 7963 5075 7963 5074 7965 5080 7966 5075 7963 5080 7966 5081 7964 5081 7964 5080 7966 5090 7928 5081 7964 5090 7928 5089 7926 4565 7512 4564 7514 5074 7965 5074 7965 4564 7514 5079 7967 5074 7965 5079 7967 5080 7966 5080 7966 5079 7967 5091 7930 5080 7966 5091 7930 5090 7928 4564 7514 4563 7516 5079 7967 5079 7967 4563 7516 5092 7932 5079 7967 5092 7932 5091 7930 5084 7933 4562 7518 5093 7968 5093 7968 4562 7518 4561 7520 5093 7968 4561 7520 5098 7969 5098 7969 4561 7520 4560 7522 5098 7969 4560 7522 5103 7970 5103 7970 4560 7522 4559 7524 5103 7970 4559 7524 5117 7971 5117 7971 4559 7524 5108 7972 5117 7971 5108 7972 5109 7973 5109 7973 5108 7972 5119 7974 5109 7973 5119 7974 5120 7975 5120 7975 5119 7974 5125 7976 5120 7975 5125 7976 5126 7977 5126 7977 5125 7976 5131 7978 5126 7977 5131 7978 5132 7979 5132 7979 5131 7978 5138 7980 5132 7979 5138 7980 3117 5006 3117 5006 5138 7980 3118 5003 3118 5003 5138 7980 5137 7981 3118 5003 5137 7981 4993 7982 4993 7982 5137 7981 5136 7983 4993 7982 5136 7983 5146 7984 5146 7984 5136 7983 5135 7985 5146 7984 5135 7985 5145 7986 5145 7986 5135 7985 5134 7987 5145 7986 5134 7987 5144 7988 5144 7988 5134 7987 5133 7989 5144 7988 5133 7989 5143 7990 5143 7990 5133 7989 4554 7534 5143 7990 4554 7534 4553 7536 4559 7524 4558 7526 5108 7972 5108 7972 4558 7526 5118 7991 5108 7972 5118 7991 5119 7974 5119 7974 5118 7991 5124 7992 5119 7974 5124 7992 5125 7976 5125 7976 5124 7992 5130 7993 5125 7976 5130 7993 5131 7978 5131 7978 5130 7993 5139 7994 5131 7978 5139 7994 5138 7980 5138 7980 5139 7994 5137 7981 4558 7526 4557 7528 5118 7991 5118 7991 4557 7528 5123 7995 5118 7991 5123 7995 5124 7992 5124 7992 5123 7995 5129 7996 5124 7992 5129 7996 5130 7993 5130 7993 5129 7996 5140 7997 5130 7993 5140 7997 5139 7994 5139 7994 5140 7997 5136 7983 5139 7994 5136 7983 5137 7981 4557 7528 4556 7530 5123 7995 5123 7995 4556 7530 5128 7998 5123 7995 5128 7998 5129 7996 5129 7996 5128 7998 5141 7999 5129 7996 5141 7999 5140 7997 5140 7997 5141 7999 5135 7985 5140 7997 5135 7985 5136 7983 4556 7530 4555 7532 5128 7998 5128 7998 4555 7532 5142 8000 5128 7998 5142 8000 5141 7999 5141 7999 5142 8000 5134 7987 5141 7999 5134 7987 5135 7985 5142 8000 4555 7532 5133 7989 5133 7989 4555 7532 4554 7534 5143 7990 4553 7536 5147 8001 5147 8001 4553 7536 4552 7538 5147 8001 4552 7538 5152 8002 5152 8002 4552 7538 4551 7540 5152 8002 4551 7540 5166 8003 5166 8003 4551 7540 5157 8004 5166 8003 5157 8004 5158 8005 5158 8005 5157 8004 5168 8006 5158 8005 5168 8006 5169 8007 5169 8007 5168 8006 5174 8008 5169 8007 5174 8008 5175 8009 5175 8009 5174 8008 5180 8010 5175 8009 5180 8010 5181 8011 5181 8011 5180 8010 5187 8012 5181 8011 5187 8012 3126 4976 3126 4976 5187 8012 3127 4977 3127 4977 5187 8012 5186 8013 3127 4977 5186 8013 3128 4973 3128 4973 5186 8013 5196 8014 3128 4973 5196 8014 4992 8015 4992 8015 5196 8014 5195 8016 4992 8015 5195 8016 5200 8017 5200 8017 5195 8016 5194 8018 5200 8017 5194 8018 5199 8019 5199 8019 5194 8018 5193 8020 5199 8019 5193 8020 5198 8021 5198 8021 5193 8020 5192 8022 5198 8021 5192 8022 5197 8023 5197 8023 5192 8022 4545 7552 5197 8023 4545 7552 4544 7554 4551 7540 4550 7542 5157 8004 5157 8004 4550 7542 5167 8024 5157 8004 5167 8024 5168 8006 5168 8006 5167 8024 5173 8025 5168 8006 5173 8025 5174 8008 5174 8008 5173 8025 5179 8026 5174 8008 5179 8026 5180 8010 5180 8010 5179 8026 5188 8027 5180 8010 5188 8027 5187 8012 5187 8012 5188 8027 5186 8013 4550 7542 4549 7544 5167 8024 5167 8024 4549 7544 5172 8028 5167 8024 5172 8028 5173 8025 5173 8025 5172 8028 5178 8029 5173 8025 5178 8029 5179 8026 5179 8026 5178 8029 5189 8030 5179 8026 5189 8030 5188 8027 5188 8027 5189 8030 5185 8031 5188 8027 5185 8031 5186 8013 5186 8013 5185 8031 5196 8014 4549 7544 4548 7546 5172 8028 5172 8028 4548 7546 5177 8032 5172 8028 5177 8032 5178 8029 5178 8029 5177 8032 5190 8033 5178 8029 5190 8033 5189 8030 5189 8030 5190 8033 5184 8034 5189 8030 5184 8034 5185 8031 5185 8031 5184 8034 5195 8016 5185 8031 5195 8016 5196 8014 4548 7546 4547 7548 5177 8032 5177 8032 4547 7548 5191 8035 5177 8032 5191 8035 5190 8033 5190 8033 5191 8035 5183 8036 5190 8033 5183 8036 5184 8034 5184 8034 5183 8036 5194 8018 5184 8034 5194 8018 5195 8016 5191 8035 4547 7548 5182 8037 5182 8037 4547 7548 4546 7550 5182 8037 4546 7550 5192 8022 5192 8022 4546 7550 4545 7552 5197 8023 4544 7554 5201 8038 5201 8038 4544 7554 4543 7556 5201 8038 4543 7556 5215 8039 5215 8039 4543 7556 5206 8040 5215 8039 5206 8040 5207 8041 5207 8041 5206 8040 5217 8042 5207 8041 5217 8042 5218 8043 5218 8043 5217 8042 5223 8044 5218 8043 5223 8044 5224 8045 5224 8045 5223 8044 5229 8046 5224 8045 5229 8046 5230 8047 5230 8047 5229 8046 5236 8048 5230 8047 5236 8048 3135 4964 3135 4964 5236 8048 3136 4965 3136 4965 5236 8048 5235 8049 3136 4965 5235 8049 3137 4959 3137 4959 5235 8049 5245 8050 3137 4959 5245 8050 3138 4960 3138 4960 5245 8050 5250 8051 3138 4960 5250 8051 4991 7902 4991 7902 5250 8051 5249 8052 4991 7902 5249 8052 5254 7900 5254 7900 5249 8052 5248 8053 5254 7900 5248 8053 5253 7898 5253 7898 5248 8053 5247 8054 5253 7898 5247 8054 5252 7896 5252 7896 5247 8054 5246 8055 5252 7896 5246 8055 5251 7894 5251 7894 5246 8055 4536 7570 5251 7894 4536 7570 4535 7484 4543 7556 4542 7558 5206 8040 5206 8040 4542 7558 5216 8056 5206 8040 5216 8056 5217 8042 5217 8042 5216 8056 5222 8057 5217 8042 5222 8057 5223 8044 5223 8044 5222 8057 5228 8058 5223 8044 5228 8058 5229 8046 5229 8046 5228 8058 5237 8059 5229 8046 5237 8059 5236 8048 5236 8048 5237 8059 5235 8049 4542 7558 4541 7560 5216 8056 5216 8056 4541 7560 5221 8060 5216 8056 5221 8060 5222 8057 5222 8057 5221 8060 5227 8061 5222 8057 5227 8061 5228 8058 5228 8058 5227 8061 5238 8062 5228 8058 5238 8062 5237 8059 5237 8059 5238 8062 5234 8063 5237 8059 5234 8063 5235 8049 5235 8049 5234 8063 5245 8050 4541 7560 4540 7562 5221 8060 5221 8060 4540 7562 5226 8064 5221 8060 5226 8064 5227 8061 5227 8061 5226 8064 5239 8065 5227 8061 5239 8065 5238 8062 5238 8062 5239 8065 5233 8066 5238 8062 5233 8066 5234 8063 5234 8063 5233 8066 5244 8067 5234 8063 5244 8067 5245 8050 5245 8050 5244 8067 5250 8051 4540 7562 4539 7564 5226 8064 5226 8064 4539 7564 5240 8068 5226 8064 5240 8068 5239 8065 5239 8065 5240 8068 5232 8069 5239 8065 5232 8069 5233 8066 5233 8066 5232 8069 5243 8070 5233 8066 5243 8070 5244 8067 5244 8067 5243 8070 5249 8052 5244 8067 5249 8052 5250 8051 5240 8068 4539 7564 5231 8071 5231 8071 4539 7564 4538 7566 5231 8071 4538 7566 5241 8072 5241 8072 4538 7566 4537 7568 5241 8072 4537 7568 5246 8055 5246 8055 4537 7568 4536 7570 3140 5013 5000 8073 3091 5010 3091 5010 5000 8073 4999 8074 3091 5010 4999 8074 3092 5021 3092 5021 4999 8074 5009 8075 3092 5021 5009 8075 3093 5020 3093 5020 5009 8075 5014 8076 3093 5020 5014 8076 3094 5018 3094 5018 5014 8076 5020 8077 3094 5018 5020 8077 3095 5016 3095 5016 5020 8077 5019 8078 3095 5016 5019 8078 3096 5014 3096 5014 5019 8078 5029 8079 3096 5014 5029 8079 3097 4875 3097 4875 5029 8079 5034 8080 3097 4875 5034 8080 3098 4872 3098 4872 5034 8080 5039 7913 5000 8073 3140 5013 5255 7901 5255 7901 3140 5013 3139 4961 3135 4964 3134 4963 5230 8047 5230 8047 3134 4963 5225 8081 5230 8047 5225 8081 5224 8045 5224 8045 5225 8081 5219 8082 5224 8045 5219 8082 5218 8043 5218 8043 5219 8082 5208 8083 5218 8043 5208 8083 5207 8041 5207 8041 5208 8083 5214 8084 5207 8041 5214 8084 5215 8039 5215 8039 5214 8084 5201 8038 3134 4963 3133 4968 5225 8081 5225 8081 3133 4968 5220 8085 5225 8081 5220 8085 5219 8082 5219 8082 5220 8085 5209 8086 5219 8082 5209 8086 5208 8083 5208 8083 5209 8086 5213 8087 5208 8083 5213 8087 5214 8084 5214 8084 5213 8087 5202 8088 5214 8084 5202 8088 5201 8038 5201 8038 5202 8088 5197 8023 3133 4968 3132 4967 5220 8085 5220 8085 3132 4967 5210 8089 5220 8085 5210 8089 5209 8086 5209 8086 5210 8089 5212 8090 5209 8086 5212 8090 5213 8087 5213 8087 5212 8090 5203 8091 5213 8087 5203 8091 5202 8088 5202 8088 5203 8091 5198 8021 5202 8088 5198 8021 5197 8023 3132 4967 3131 4971 5210 8089 5210 8089 3131 4971 5211 8092 5210 8089 5211 8092 5212 8090 5212 8090 5211 8092 5204 8093 5212 8090 5204 8093 5203 8091 5203 8091 5204 8093 5199 8019 5203 8091 5199 8019 5198 8021 3131 4971 3130 4970 5211 8092 5211 8092 3130 4970 5205 8094 5211 8092 5205 8094 5204 8093 5204 8093 5205 8094 5200 8017 5204 8093 5200 8017 5199 8019 3130 4970 3129 4974 5205 8094 5205 8094 3129 4974 4992 8015 5205 8094 4992 8015 5200 8017 3129 4974 3128 4973 4992 8015 3126 4976 3125 4978 5181 8011 5181 8011 3125 4978 5176 8095 5181 8011 5176 8095 5175 8009 5175 8009 5176 8095 5170 8096 5175 8009 5170 8096 5169 8007 5169 8007 5170 8096 5159 8097 5169 8007 5159 8097 5158 8005 5158 8005 5159 8097 5165 8098 5158 8005 5165 8098 5166 8003 5166 8003 5165 8098 5152 8002 3125 4978 3124 4984 5176 8095 5176 8095 3124 4984 5171 8099 5176 8095 5171 8099 5170 8096 5170 8096 5171 8099 5160 8100 5170 8096 5160 8100 5159 8097 5159 8097 5160 8100 5164 8101 5159 8097 5164 8101 5165 8098 5165 8098 5164 8101 5153 8102 5165 8098 5153 8102 5152 8002 5152 8002 5153 8102 5147 8001 3124 4984 3123 4988 5171 8099 5171 8099 3123 4988 5161 8103 5171 8099 5161 8103 5160 8100 5160 8100 5161 8103 5163 8104 5160 8100 5163 8104 5164 8101 5164 8101 5163 8104 5154 8105 5164 8101 5154 8105 5153 8102 5153 8102 5154 8105 5148 8106 5153 8102 5148 8106 5147 8001 5147 8001 5148 8106 5143 7990 3123 4988 3122 4991 5161 8103 5161 8103 3122 4991 5162 8107 5161 8103 5162 8107 5163 8104 5163 8104 5162 8107 5155 8108 5163 8104 5155 8108 5154 8105 5154 8105 5155 8108 5149 8109 5154 8105 5149 8109 5148 8106 5148 8106 5149 8109 5144 7988 5148 8106 5144 7988 5143 7990 3122 4991 3121 4994 5162 8107 5162 8107 3121 4994 5156 8110 5162 8107 5156 8110 5155 8108 5155 8108 5156 8110 5150 8111 5155 8108 5150 8111 5149 8109 5149 8109 5150 8111 5145 7986 5149 8109 5145 7986 5144 7988 3121 4994 3120 4997 5156 8110 5156 8110 3120 4997 5151 8112 5156 8110 5151 8112 5150 8111 5150 8111 5151 8112 5146 7984 5150 8111 5146 7984 5145 7986 3120 4997 3119 5000 5151 8112 5151 8112 3119 5000 4993 7982 5151 8112 4993 7982 5146 7984 3119 5000 3118 5003 4993 7982 3117 5006 3116 4827 5132 7979 5132 7979 3116 4827 5127 8113 5132 7979 5127 8113 5126 7977 5126 7977 5127 8113 5121 8114 5126 7977 5121 8114 5120 7975 5120 7975 5121 8114 5110 8115 5120 7975 5110 8115 5109 7973 5109 7973 5110 8115 5116 8116 5109 7973 5116 8116 5117 7971 5117 7971 5116 8116 5103 7970 3116 4827 3115 5028 5127 8113 5127 8113 3115 5028 5122 8117 5127 8113 5122 8117 5121 8114 5121 8114 5122 8117 5111 8118 5121 8114 5111 8118 5110 8115 5110 8115 5111 8118 5115 8119 5110 8115 5115 8119 5116 8116 5116 8116 5115 8119 5104 8120 5116 8116 5104 8120 5103 7970 5103 7970 5104 8120 5098 7969 3115 5028 3114 5027 5122 8117 5122 8117 3114 5027 5112 8121 5122 8117 5112 8121 5111 8118 5111 8118 5112 8121 5114 8122 5111 8118 5114 8122 5115 8119 5115 8119 5114 8122 5105 8123 5115 8119 5105 8123 5104 8120 5104 8120 5105 8123 5099 8124 5104 8120 5099 8124 5098 7969 5098 7969 5099 8124 5093 7968 3114 5027 3113 5026 5112 8121 5112 8121 3113 5026 5113 8125 5112 8121 5113 8125 5114 8122 5114 8122 5113 8125 5106 8126 5114 8122 5106 8126 5105 8123 5105 8123 5106 8126 5100 8127 5105 8123 5100 8127 5099 8124 5099 8124 5100 8127 5094 8128 5099 8124 5094 8128 5093 7968 5093 7968 5094 8128 5084 7933 3113 5026 3112 5025 5113 8125 5113 8125 3112 5025 5107 8129 5113 8125 5107 8129 5106 8126 5106 8126 5107 8129 5101 8130 5106 8126 5101 8130 5100 8127 5100 8127 5101 8130 5095 8131 5100 8127 5095 8131 5094 8128 5094 8128 5095 8131 5085 7931 5094 8128 5085 7931 5084 7933 3112 5025 3111 5024 5107 8129 5107 8129 3111 5024 5102 8132 5107 8129 5102 8132 5101 8130 5101 8130 5102 8132 5096 8133 5101 8130 5096 8133 5095 8131 5095 8131 5096 8133 5086 7929 5095 8131 5086 7929 5085 7931 3111 5024 3110 5023 5102 8132 5102 8132 3110 5023 5097 8134 5102 8132 5097 8134 5096 8133 5096 8133 5097 8134 5087 7927 5096 8133 5087 7927 5086 7929 3110 5023 3109 5022 5097 8134 5097 8134 3109 5022 4994 7925 5097 8134 4994 7925 5087 7927 3109 5022 3108 4851 4994 7925 4985 7954 4986 8135 5059 7953 5059 7953 4986 8135 5060 8136 5059 7953 5060 8136 5054 7952 5054 7952 5060 8136 5055 8137 5054 7952 5055 8137 5049 7951 5049 7951 5055 8137 5050 8138 5049 7951 5050 8138 5040 7950 5040 7950 5050 8138 5041 7947 5040 7950 5041 7947 5048 7946 4986 8135 4987 8139 5060 8136 5060 8136 4987 8139 5061 8140 5060 8136 5061 8140 5055 8137 5055 8137 5061 8140 5056 8141 5055 8137 5056 8141 5050 8138 5050 8138 5056 8141 5051 7948 5050 8138 5051 7948 5041 7947 4985 7954 5065 7956 4986 8135 4986 8135 5065 7956 5066 8142 4986 8135 5066 8142 4987 8139 4987 8139 5066 8142 5067 8143 4987 8139 5067 8143 4988 8144 4988 8144 5067 8143 5068 7920 4988 8144 5068 7920 4989 7919 4987 8139 4988 8144 5061 8140 5061 8140 4988 8144 5062 8145 5061 8140 5062 8145 5056 8141 5056 8141 5062 8145 5057 7949 5056 8141 5057 7949 5051 7948 4988 8144 4989 7919 5062 8145 5062 8145 4989 7919 5063 7918 5062 8145 5063 7918 5057 7949 4995 7891 4996 8146 5004 7892 5004 7892 4996 8146 5003 8147 5004 7892 5003 8147 5259 7893 5259 7893 5003 8147 5258 7895 4996 8146 4997 8148 5003 8147 5003 8147 4997 8148 5002 8149 5003 8147 5002 8149 5258 7895 5258 7895 5002 8149 5257 7897 4996 8146 4995 7891 5006 8150 5006 8150 4995 7891 5005 7903 5006 8150 5005 7903 5011 8151 5011 8151 5005 7903 5010 7904 5011 8151 5010 7904 5023 8152 5023 8152 5010 7904 5024 7905 5023 8152 5024 7905 5016 7907 4997 8148 4998 8153 5002 8149 5002 8149 4998 8153 5001 8154 5002 8149 5001 8154 5257 7897 5257 7897 5001 8154 5256 7899 4997 8148 4996 8146 5007 8155 5007 8155 4996 8146 5006 8150 5007 8155 5006 8150 5012 8156 5012 8156 5006 8150 5011 8151 5012 8156 5011 8151 5022 8157 5022 8157 5011 8151 5023 8152 5022 8157 5023 8152 5017 8158 5017 8158 5023 8152 5016 7907 5017 8158 5016 7907 5027 7909 4998 8153 4999 8074 5001 8154 5001 8154 4999 8074 5000 8073 5001 8154 5000 8073 5256 7899 5256 7899 5000 8073 5255 7901 4998 8153 4997 8148 5008 8159 5008 8159 4997 8148 5007 8155 5008 8159 5007 8155 5013 8160 5013 8160 5007 8155 5012 8156 5013 8160 5012 8156 5021 8161 5021 8161 5012 8156 5022 8157 5021 8161 5022 8157 5018 8162 5018 8162 5022 8157 5017 8158 5018 8162 5017 8158 5028 8163 5028 8163 5017 8158 5027 7909 5028 8163 5027 7909 5033 7911 4999 8074 4998 8153 5009 8075 5009 8075 4998 8153 5008 8159 5009 8075 5008 8159 5014 8076 5014 8076 5008 8159 5013 8160 5014 8076 5013 8160 5020 8077 5020 8077 5013 8160 5021 8161 5020 8077 5021 8161 5019 8078 5019 8078 5021 8161 5018 8162 5019 8078 5018 8162 5029 8079 5029 8079 5018 8162 5028 8163 5029 8079 5028 8163 5034 8080 5034 8080 5028 8163 5033 7911 5034 8080 5033 7911 5039 7913 5065 7956 5071 7958 5066 8142 5066 8142 5071 7958 5072 8164 5066 8142 5072 8164 5067 8143 5067 8143 5072 8164 5073 7921 5067 8143 5073 7921 5068 7920 5078 7922 5073 7921 5072 8164 5078 7922 5072 8164 5077 7960 5077 7960 5072 8164 5071 7958 5083 7923 5078 7922 5077 7960 5133 7989 5134 7987 5142 8000 5191 8035 5182 8037 5183 8036 5183 8036 5182 8037 5193 8020 5183 8036 5193 8020 5194 8018 5192 8022 5193 8020 5182 8037 5240 8068 5231 8071 5232 8069 5232 8069 5231 8071 5242 8165 5232 8069 5242 8165 5243 8070 5243 8070 5242 8165 5248 8053 5243 8070 5248 8053 5249 8052 5231 8071 5241 8072 5242 8165 5242 8165 5241 8072 5247 8054 5242 8165 5247 8054 5248 8053 5246 8055 5247 8054 5241 8072 5261 8166 5274 8167 5260 8168 5260 8168 5274 8167 5275 8169 5260 8168 5275 8169 5282 8170 5282 8170 5275 8169 5281 8171 5281 8171 5275 8169 5276 8172 5281 8171 5276 8172 5277 8173 5262 8174 5267 8175 5261 8166 5261 8166 5267 8175 5268 8176 5261 8166 5268 8176 5274 8167 5274 8167 5268 8176 5273 8177 5273 8177 5268 8176 5272 8178 5272 8178 5268 8176 5271 8179 5271 8179 5268 8176 5270 8180 5270 8180 5268 8176 5269 8181 5262 8174 5263 8182 5267 8175 5267 8175 5263 8182 5264 8183 5267 8175 5264 8183 5265 8184 5265 8184 5266 8185 5267 8175 5277 8173 5278 8186 5281 8171 5281 8171 5278 8186 5279 8187 5281 8171 5279 8187 5280 8188 5283 8189 5284 8190 5282 8170 5282 8170 5284 8190 5285 8191 5282 8170 5285 8191 5286 8192 5286 8192 5287 8193 5282 8170 5282 8170 5287 8193 5260 8168 3069 8194 5261 8195 3070 8196 3070 8196 5261 8195 5260 8197 5261 8195 3069 8194 5262 8198 5262 8198 3069 8194 3068 8199 5262 8198 3068 8199 5263 8200 5263 8200 3068 8199 3067 8201 5263 8200 3067 8201 5264 8202 5264 8202 3067 8201 3066 8203 5264 8202 3066 8203 5265 8204 5265 8204 3066 8203 3065 8205 5265 8204 3065 8205 5266 8206 5266 8206 3065 8205 3064 8207 5266 8206 3064 8207 5267 8208 5267 8208 3064 8207 3063 8209 3063 8209 3090 8210 5267 8208 5267 8208 3090 8210 5268 8211 5268 8211 3090 8210 5269 8212 5269 8212 3090 8210 3089 8213 5269 8212 3089 8213 5270 8214 5270 8214 3089 8213 3088 8215 5270 8214 3088 8215 5271 8216 5271 8216 3088 8215 3087 8217 5271 8216 3087 8217 5272 8218 5272 8218 3087 8217 3086 8219 5272 8218 3086 8219 5273 8220 5273 8220 3086 8219 3085 8221 5273 8220 3085 8221 5274 8222 5274 8222 3085 8221 3084 8223 3083 8224 5275 8225 3084 8223 3084 8223 5275 8225 5274 8222 5275 8225 3083 8224 5276 8226 5276 8226 3083 8224 3082 8227 5276 8226 3082 8227 5277 8228 5277 8228 3082 8227 3081 8229 5277 8228 3081 8229 5278 8230 5278 8230 3081 8229 3080 8231 5278 8230 3080 8231 5279 8232 5279 8232 3080 8231 3079 8233 5279 8232 3079 8233 5280 8234 5280 8234 3079 8233 3078 8235 5280 8234 3078 8235 5281 8236 5281 8236 3078 8235 3077 8237 3077 8237 3076 8238 5281 8236 5281 8236 3076 8238 5282 8239 5282 8239 3076 8238 5283 8240 5283 8240 3076 8238 3075 8241 5283 8240 3075 8241 5284 8242 5284 8242 3075 8241 3074 8243 5284 8242 3074 8243 5285 8244 5285 8244 3074 8243 3073 8245 5285 8244 3073 8245 5286 8246 5286 8246 3073 8245 3072 8247 5286 8246 3072 8247 5287 8248 5287 8248 3072 8247 3071 8249 5287 8248 3071 8249 5260 8197 5260 8197 3071 8249 3070 8196 5315 8250 5288 8251 5294 8252 5294 8252 5288 8251 5289 8253 5294 8252 5289 8253 5290 8254 5294 8252 5290 8254 5293 8255 5293 8255 5290 8254 5291 8256 5293 8255 5291 8256 5292 8257 5315 8250 5294 8252 5309 8258 5309 8258 5294 8252 5295 8259 5309 8258 5295 8259 5308 8260 5308 8260 5295 8259 5301 8261 5308 8260 5301 8261 5302 8262 5296 8263 5297 8264 5295 8259 5295 8259 5297 8264 5298 8265 5295 8259 5298 8265 5299 8266 5299 8266 5300 8267 5295 8259 5295 8259 5300 8267 5301 8261 5302 8262 5303 8268 5308 8260 5308 8260 5303 8268 5304 8269 5308 8260 5304 8269 5307 8270 5307 8270 5304 8269 5305 8271 5307 8270 5305 8271 5306 8272 5309 8258 5310 8273 5315 8250 5315 8250 5310 8273 5311 8274 5315 8250 5311 8274 5312 8275 5312 8275 5313 8276 5315 8250 5315 8250 5313 8276 5314 8277 3041 8278 5295 8279 3042 8280 3042 8280 5295 8279 5294 8281 5295 8279 3041 8278 5296 8282 5296 8282 3041 8278 3040 8283 5296 8282 3040 8283 5297 8284 5297 8284 3040 8283 3039 8285 5297 8284 3039 8285 5298 8286 5298 8286 3039 8285 3038 8287 5298 8286 3038 8287 5299 8288 5299 8288 3038 8287 3037 8289 5299 8288 3037 8289 5300 8290 5300 8290 3037 8289 3036 8291 5300 8290 3036 8291 5301 8292 5301 8292 3036 8291 3035 8293 3062 8294 5302 8295 3035 8293 3035 8293 5302 8295 5301 8292 5302 8295 3062 8294 5303 8296 5303 8296 3062 8294 3061 8297 5303 8296 3061 8297 5304 8298 5304 8298 3061 8297 3060 8299 5304 8298 3060 8299 5305 8300 5305 8300 3060 8299 3059 8301 5305 8300 3059 8301 5306 8302 5306 8302 3059 8301 3058 8303 5306 8302 3058 8303 5307 8304 5307 8304 3058 8303 3057 8305 5307 8304 3057 8305 5308 8306 5308 8306 3057 8305 3056 8307 3055 8308 5309 8309 3056 8307 3056 8307 5309 8309 5308 8306 5309 8309 3055 8308 5310 8310 5310 8310 3055 8308 3054 8311 5310 8310 3054 8311 5311 8312 5311 8312 3054 8311 3053 8313 5311 8312 3053 8313 5312 8314 5312 8314 3053 8313 3052 8315 5312 8314 3052 8315 5313 8316 5313 8316 3052 8315 3051 8317 5313 8316 3051 8317 5314 8318 5314 8318 3051 8317 3050 8319 5314 8318 3050 8319 5315 8320 5315 8320 3050 8319 3049 8321 3048 8322 5288 8323 3049 8321 3049 8321 5288 8323 5315 8320 5288 8323 3048 8322 5289 8324 5289 8324 3048 8322 3047 8325 5289 8324 3047 8325 5290 8326 5290 8326 3047 8325 3046 8327 5290 8326 3046 8327 5291 8328 5291 8328 3046 8327 3045 8329 5291 8328 3045 8329 5292 8330 5292 8330 3045 8329 3044 8331 5292 8330 3044 8331 5293 8332 5293 8332 3044 8331 3043 8333 5293 8332 3043 8333 5294 8281 5294 8281 3043 8333 3042 8280 3479 8334 3224 8335 3395 8336 3395 8336 3224 8335 3223 8337 3395 8336 3223 8337 3308 8338 3224 8335 3479 8334 3225 8339 3225 8339 3479 8334 3478 8340 3225 8339 3478 8340 3226 8341 3226 8341 3478 8340 3477 8342 3226 8341 3477 8342 3227 8343 3227 8343 3477 8342 3476 8344 3227 8343 3476 8344 3228 8345 3228 8345 3476 8344 3475 8346 3228 8345 3475 8346 3229 8347 3229 8347 3475 8346 3474 8348 3229 8347 3474 8348 3230 8349 3230 8349 3474 8348 3473 8350 3230 8349 3473 8350 3231 8351 3231 8351 3473 8350 3472 8352 3231 8351 3472 8352 3232 8353 3232 8353 3472 8352 3471 8354 3232 8353 3471 8354 3233 8355 3233 8355 3471 8354 3470 8356 3233 8355 3470 8356 3234 8357 3234 8357 3470 8356 3469 8358 3234 8357 3469 8358 3235 8359 3235 8359 3469 8358 3468 8360 3235 8359 3468 8360 3236 8361 3236 8361 3468 8360 3467 8362 3236 8361 3467 8362 3237 8363 3237 8363 3467 8362 3466 8364 3237 8363 3466 8364 3238 8365 3238 8365 3466 8364 3465 8366 3238 8365 3465 8366 3239 8367 3239 8367 3465 8366 3464 8368 3239 8367 3464 8368 3240 8369 3240 8369 3464 8368 3463 8370 3240 8369 3463 8370 3241 8371 3241 8371 3463 8370 3462 8372 3241 8371 3462 8372 3242 8373 3242 8373 3462 8372 3461 8374 3242 8373 3461 8374 3243 8375 3243 8375 3461 8374 3460 8376 3243 8375 3460 8376 3244 8377 3244 8377 3460 8376 3459 8378 3244 8377 3459 8378 3245 8379 3245 8379 3459 8378 3458 8380 3245 8379 3458 8380 3246 8381 3246 8381 3458 8380 3457 8382 3246 8381 3457 8382 3247 8383 3247 8383 3457 8382 3456 8384 3247 8383 3456 8384 3248 8385 3248 8385 3456 8384 3455 8386 3248 8385 3455 8386 3249 8387 3249 8387 3455 8386 3454 8388 3249 8387 3454 8388 3250 8389 3250 8389 3454 8388 3453 8390 3250 8389 3453 8390 3251 8391 3251 8391 3453 8390 3452 8392 3251 8391 3452 8392 3252 8393 3252 8393 3452 8392 3451 8394 3252 8393 3451 8394 3253 8395 3253 8395 3451 8394 3450 8396 3253 8395 3450 8396 3254 8397 3254 8397 3450 8396 3449 8398 3254 8397 3449 8398 3255 8399 3255 8399 3449 8398 3448 8400 3255 8399 3448 8400 3256 8401 3256 8401 3448 8400 3447 8402 3256 8401 3447 8402 3257 8403 3257 8403 3447 8402 3446 8404 3257 8403 3446 8404 3258 8405 3258 8405 3446 8404 3445 8406 3258 8405 3445 8406 3259 8407 3259 8407 3445 8406 3444 8408 3259 8407 3444 8408 3260 8409 3260 8409 3444 8408 3443 8410 3260 8409 3443 8410 3261 8411 3261 8411 3443 8410 3442 8412 3261 8411 3442 8412 3262 8413 3262 8413 3442 8412 3441 8414 3262 8413 3441 8414 3263 8415 3263 8415 3441 8414 3440 8416 3263 8415 3440 8416 3264 8417 3264 8417 3440 8416 3439 8418 3264 8417 3439 8418 3265 8419 3265 8419 3439 8418 3438 8420 3265 8419 3438 8420 3266 8421 3266 8421 3438 8420 3437 8422 3266 8421 3437 8422 3267 8423 3267 8423 3437 8422 3436 8424 3267 8423 3436 8424 3268 8425 3268 8425 3436 8424 3435 8426 3268 8425 3435 8426 3269 8427 3269 8427 3435 8426 3434 8428 3269 8427 3434 8428 3270 8429 3270 8429 3434 8428 3433 8430 3270 8429 3433 8430 3271 8431 3271 8431 3433 8430 3432 8432 3271 8431 3432 8432 3272 8433 3272 8433 3432 8432 3431 8434 3272 8433 3431 8434 3273 8435 3273 8435 3431 8434 3430 8436 3273 8435 3430 8436 3274 8437 3274 8437 3430 8436 3429 8438 3274 8437 3429 8438 3275 8439 3275 8439 3429 8438 3428 8440 3275 8439 3428 8440 3276 8441 3276 8441 3428 8440 3427 8442 3276 8441 3427 8442 3277 8443 3277 8443 3427 8442 3426 8444 3277 8443 3426 8444 3278 8445 3278 8445 3426 8444 3425 8446 3278 8445 3425 8446 3279 8447 3279 8447 3425 8446 3424 8448 3279 8447 3424 8448 3280 8449 3280 8449 3424 8448 3423 8450 3280 8449 3423 8450 3281 8451 3281 8451 3423 8450 3422 8452 3281 8451 3422 8452 3282 8453 3282 8453 3422 8452 3421 8454 3282 8453 3421 8454 3283 8455 3283 8455 3421 8454 3420 8456 3283 8455 3420 8456 3284 8457 3284 8457 3420 8456 3419 8458 3284 8457 3419 8458 3285 8459 3285 8459 3419 8458 3418 8460 3285 8459 3418 8460 3286 8461 3286 8461 3418 8460 3417 8462 3286 8461 3417 8462 3287 8463 3287 8463 3417 8462 3416 8464 3287 8463 3416 8464 3288 8465 3288 8465 3416 8464 3415 8466 3288 8465 3415 8466 3289 8467 3289 8467 3415 8466 3414 8468 3289 8467 3414 8468 3290 8469 3290 8469 3414 8468 3413 8470 3290 8469 3413 8470 3291 8471 3291 8471 3413 8470 3412 8472 3291 8471 3412 8472 3292 8473 3292 8473 3412 8472 3411 8474 3292 8473 3411 8474 3293 8475 3293 8475 3411 8474 3410 8476 3293 8475 3410 8476 3294 8477 3294 8477 3410 8476 3409 8478 3294 8477 3409 8478 3295 8479 3295 8479 3409 8478 3408 8480 3295 8479 3408 8480 3296 8481 3296 8481 3408 8480 3407 8482 3296 8481 3407 8482 3297 8483 3297 8483 3407 8482 3406 8484 3297 8483 3406 8484 3298 8485 3298 8485 3406 8484 3405 8486 3298 8485 3405 8486 3299 8487 3299 8487 3405 8486 3404 8488 3299 8487 3404 8488 3300 8489 3300 8489 3404 8488 3403 8490 3300 8489 3403 8490 3301 8491 3301 8491 3403 8490 3402 8492 3301 8491 3402 8492 3302 8493 3302 8493 3402 8492 3401 8494 3302 8493 3401 8494 3303 8495 3303 8495 3401 8494 3400 8496 3303 8495 3400 8496 3304 8497 3304 8497 3400 8496 3399 8498 3304 8497 3399 8498 3305 8499 3305 8499 3399 8498 3398 8500 3305 8499 3398 8500 3306 8501 3306 8501 3398 8500 3397 8502 3306 8501 3397 8502 3307 8503 3307 8503 3397 8502 3396 8504 3307 8503 3396 8504 3308 8338 3308 8338 3396 8504 3395 8336 2760 8505 2445 8506 2664 8507 2664 8507 2445 8506 2444 8508 2664 8507 2444 8508 2665 8509 2665 8509 2444 8508 2443 8510 2665 8509 2443 8510 2666 8511 2666 8511 2443 8510 2442 8512 2666 8511 2442 8512 2667 8513 2667 8513 2442 8512 2441 8514 2667 8513 2441 8514 2668 8515 2668 8515 2441 8514 2440 8516 2668 8515 2440 8516 2669 8517 2669 8517 2440 8516 2439 8518 2669 8517 2439 8518 2670 8519 2670 8519 2439 8518 2438 8520 2670 8519 2438 8520 2671 8521 2671 8521 2438 8520 2437 8522 2671 8521 2437 8522 2672 8523 2672 8523 2437 8522 2436 8524 2672 8523 2436 8524 2673 8525 2673 8525 2436 8524 2435 8526 2673 8525 2435 8526 2674 8527 2674 8527 2435 8526 2434 8528 2674 8527 2434 8528 2675 8529 2675 8529 2434 8528 2433 8530 2675 8529 2433 8530 2676 8531 2676 8531 2433 8530 2432 8532 2676 8531 2432 8532 2677 8533 2677 8533 2432 8532 2431 8534 2677 8533 2431 8534 2678 8535 2678 8535 2431 8534 2430 8536 2678 8535 2430 8536 2679 8537 2679 8537 2430 8536 2429 8538 2679 8537 2429 8538 2680 8539 2680 8539 2429 8538 2428 8540 2680 8539 2428 8540 2681 8541 2681 8541 2428 8540 2427 8542 2681 8541 2427 8542 2682 8543 2682 8543 2427 8542 2426 8544 2682 8543 2426 8544 2683 8545 2683 8545 2426 8544 2425 8546 2683 8545 2425 8546 2684 8547 2684 8547 2425 8546 2424 8548 2684 8547 2424 8548 2685 8549 2685 8549 2424 8548 2423 8550 2685 8549 2423 8550 2686 8551 2686 8551 2423 8550 2422 8552 2686 8551 2422 8552 2687 8553 2687 8553 2422 8552 2421 8554 2687 8553 2421 8554 2688 8555 2688 8555 2421 8554 2420 8556 2688 8555 2420 8556 2689 8557 2689 8557 2420 8556 2419 8558 2689 8557 2419 8558 2690 8559 2690 8559 2419 8558 2418 8560 2690 8559 2418 8560 2691 8561 2691 8561 2418 8560 2417 8562 2691 8561 2417 8562 2692 8563 2692 8563 2417 8562 2416 8564 2692 8563 2416 8564 2693 8565 2693 8565 2416 8564 2415 8566 2693 8565 2415 8566 2694 8567 2694 8567 2415 8566 2414 8568 2694 8567 2414 8568 2695 8569 2695 8569 2414 8568 2413 8570 2695 8569 2413 8570 2696 8571 2696 8571 2413 8570 2412 8572 2696 8571 2412 8572 2697 8573 2697 8573 2412 8572 2411 8574 2697 8573 2411 8574 2698 8575 2698 8575 2411 8574 2410 8576 2698 8575 2410 8576 2699 8577 2699 8577 2410 8576 2409 8578 2699 8577 2409 8578 2700 8579 2700 8579 2409 8578 2408 8580 2700 8579 2408 8580 2701 8581 2701 8581 2408 8580 2407 8582 2701 8581 2407 8582 2702 8583 2702 8583 2407 8582 2406 8584 2702 8583 2406 8584 2703 8585 2703 8585 2406 8584 2405 8586 2703 8585 2405 8586 2704 8587 2704 8587 2405 8586 2404 8588 2704 8587 2404 8588 2705 8589 2705 8589 2404 8588 2403 8590 2705 8589 2403 8590 2706 8591 2706 8591 2403 8590 2402 8592 2706 8591 2402 8592 2707 8593 2707 8593 2402 8592 2401 8594 2707 8593 2401 8594 2708 8595 2708 8595 2401 8594 2400 8596 2708 8595 2400 8596 2709 8597 2709 8597 2400 8596 2399 8598 2709 8597 2399 8598 2710 8599 2710 8599 2399 8598 2398 8600 2710 8599 2398 8600 2711 8601 2711 8601 2398 8600 2397 8602 2711 8601 2397 8602 2712 8603 2712 8603 2397 8602 2396 8604 2712 8603 2396 8604 2395 8605 2445 8506 2760 8505 2446 8606 2446 8606 2760 8505 2759 8607 2446 8606 2759 8607 2447 8608 2447 8608 2759 8607 2758 8609 2447 8608 2758 8609 2448 8610 2448 8610 2758 8609 2757 8611 2448 8610 2757 8611 2449 8612 2449 8612 2757 8611 2756 8613 2449 8612 2756 8613 2450 8614 2450 8614 2756 8613 2755 8615 2450 8614 2755 8615 2451 8616 2451 8616 2755 8615 2754 8617 2451 8616 2754 8617 2452 8618 2452 8618 2754 8617 2753 8619 2452 8618 2753 8619 2453 8620 2453 8620 2753 8619 2752 8621 2453 8620 2752 8621 2454 8622 2454 8622 2752 8621 2751 8623 2454 8622 2751 8623 2455 8624 2455 8624 2751 8623 2750 8625 2455 8624 2750 8625 2456 8626 2456 8626 2750 8625 2749 8627 2456 8626 2749 8627 2457 8628 2457 8628 2749 8627 2748 8629 2457 8628 2748 8629 2458 8630 2458 8630 2748 8629 2747 8631 2458 8630 2747 8631 2459 8632 2459 8632 2747 8631 2746 8633 2459 8632 2746 8633 2460 8634 2460 8634 2746 8633 2745 8635 2460 8634 2745 8635 2461 8636 2461 8636 2745 8635 2744 8637 2461 8636 2744 8637 2462 8638 2462 8638 2744 8637 2743 8639 2462 8638 2743 8639 2463 8640 2463 8640 2743 8639 2742 8641 2463 8640 2742 8641 2464 8642 2464 8642 2742 8641 2741 8643 2464 8642 2741 8643 2465 8644 2465 8644 2741 8643 2740 8645 2465 8644 2740 8645 2466 8646 2466 8646 2740 8645 2739 8647 2466 8646 2739 8647 2467 8648 2467 8648 2739 8647 2738 8649 2467 8648 2738 8649 2468 8650 2468 8650 2738 8649 2737 8651 2468 8650 2737 8651 2371 8652 2371 8652 2737 8651 2736 8653 2371 8652 2736 8653 2372 8654 2372 8654 2736 8653 2735 8655 2372 8654 2735 8655 2373 8656 2373 8656 2735 8655 2734 8657 2373 8656 2734 8657 2374 8658 2374 8658 2734 8657 2733 8659 2374 8658 2733 8659 2375 8660 2375 8660 2733 8659 2732 8661 2375 8660 2732 8661 2376 8662 2376 8662 2732 8661 2731 8663 2376 8662 2731 8663 2377 8664 2377 8664 2731 8663 2730 8665 2377 8664 2730 8665 2378 8666 2378 8666 2730 8665 2729 8667 2378 8666 2729 8667 2379 8668 2379 8668 2729 8667 2728 8669 2379 8668 2728 8669 2380 8670 2380 8670 2728 8669 2727 8671 2380 8670 2727 8671 2381 8672 2381 8672 2727 8671 2726 8673 2381 8672 2726 8673 2382 8674 2382 8674 2726 8673 2725 8675 2382 8674 2725 8675 2383 8676 2383 8676 2725 8675 2724 8677 2383 8676 2724 8677 2384 8678 2384 8678 2724 8677 2723 8679 2384 8678 2723 8679 2385 8680 2385 8680 2723 8679 2722 8681 2385 8680 2722 8681 2386 8682 2386 8682 2722 8681 2721 8683 2386 8682 2721 8683 2387 8684 2387 8684 2721 8683 2720 8685 2387 8684 2720 8685 2388 8686 2388 8686 2720 8685 2719 8687 2388 8686 2719 8687 2389 8688 2389 8688 2719 8687 2718 8689 2389 8688 2718 8689 2390 8690 2390 8690 2718 8689 2717 8691 2390 8690 2717 8691 2391 8692 2391 8692 2717 8691 2716 8693 2391 8692 2716 8693 2392 8694 2392 8694 2716 8693 2715 8695 2392 8694 2715 8695 2393 8696 2393 8696 2715 8695 2714 8697 2393 8696 2714 8697 2394 8698 2394 8698 2714 8697 2713 8699 2394 8698 2713 8699 2395 8605 2395 8605 2713 8699 2712 8603</p>
        </triangles>
      </mesh>
    </geometry>
  </library_geometries>
  <library_visual_scenes>
    <visual_scene id="Scene" name="Scene">
      <node id="L70IE_Finger-node" name="L70IE_Finger" type="NODE">
        <instance_geometry url="#L70IE_Finger-mesh">
          <bind_material>
            <technique_common>
              <instance_material symbol="L70i_J5_J6_Holder__Aluminum_-_Satin" target="#L70i_J5_J6_Holder__Aluminum_-_Satin"/>
              <instance_material symbol="J6_holder__Aluminum_-_Satin" target="#J6_holder__Aluminum_-_Satin"/>
              <instance_material symbol="L70IE_Finger__Opaque_0_115_115_" target="#L70IE_Finger__Opaque_0_115_115_"/>
            </technique_common>
          </bind_material>
        </instance_geometry>
      </node>
    </visual_scene>
  </library_visual_scenes>
  <scene>
    <instance_visual_scene url="#Scene"/>
  </scene>
</COLLADA>
